A,Ea_J_mol,T_K,k
8511.321210328846,33359.417553603984,340.3500326418703,0.06566888199558094
70053.62872117794,91904.20592143491,287.4793625461195,1.3984119288435747e-12
375818944.7233463,83734.20605739093,322.29491019764225,1.0236640746606414e-05
596057.494056324,40237.381369767725,281.31478535064673,0.020966096417347303
991708.4482268593,47095.08625360271,283.9675435587206,0.0021322644729246504
2074630574654.8818,36827.71779544262,300.8915526301523,864318.4210524507
11784.796799509377,44756.23518379838,321.67858579752334,0.0006632809393132603
621531.8800902164,49721.18078026277,303.1172856003585,0.0017495528449427132
20099.2855228353,103272.15259079954,280.99367725742735,1.3190380307655418e-15
5758.974145547809,112306.42143721897,299.48202398521323,1.471666466353463e-16
773903160192.6226,114604.7176526628,321.4305808883952,1.8895340123296618e-07
1320.3214834269445,38855.99434886692,324.8268970036379,0.000780186481433072
444532917985.1476,114940.27027839546,342.4769297691389,1.3259499927303814e-06
887374873844.9277,83673.31498199681,304.9886826943059,0.004127285307115981
8301104418782.81,109318.51207846304,340.7988896584409,0.0001441247859045277
6758151.3528436385,43426.399853682015,344.3893435662611,1.738218620270078
8441.437841730496,73483.50978733534,301.90351662310184,1.6949427181150842e-09
13978653.713841723,82141.37848947018,289.98625565190656,2.197431917408052e-08
2029685789396.8652,48159.77304530144,332.874395593953,55473.27843661461
3115926109.0977354,80847.6119075894,319.0117084240361,0.00017804719672046113
2032.4269913562873,100381.21135989584,286.38161067520576,9.849781874517278e-16
11697362.785819236,90237.35916086976,308.7712281899756,6.309467254835458e-09
1121161220711.8582,95705.36182263026,336.55111149733636,0.0016378338641782836
2853386.3961916273,113526.1115742846,347.6598122293377,2.4759494456846003e-11
152928059.15239635,60338.34730771357,347.9206209792299,0.1326330922619667
1361989662.1417828,61346.07206642526,315.71694925493773,0.09997018399702481
2771611602213.391,89071.11704914231,324.63088614088537,0.013465771350530634
32551197.193255976,80095.69159447691,323.74631849617674,3.9751043965235e-06
15983.103799027256,107728.78792640148,347.5514032739169,1.0479277817053452e-12
908008.3170385162,102103.06800359058,288.08998294791184,2.8019453689189273e-13
104331744126.78171,81097.4289635075,319.0665137823428,0.0054328576300004955
16127849.641623417,54065.40187582182,320.27939359020905,0.024811505406969924
21639803338.709316,101257.80956886406,337.4105905855825,4.763468969054691e-06
103802075064.43875,117191.15792695625,320.0487499900114,7.922158079925955e-09
6263744628.686393,96411.8365475736,322.7264075378089,1.6233745744212527e-06
1737428.1464394864,44390.85235614293,347.47836603702575,0.37363107655728633
2172.2843734363664,90822.54003295569,285.76166706828576,5.4748067778337786e-14
589800493.309143,35183.10814264574,337.73575385794936,2108.57470681705
53237.39749303589,88592.5793647925,332.20982141025036,6.39771633046714e-10
5466997628155.674,110740.28425411446,316.6885715126233,3.077350659057279e-06
5296.529715416742,88274.05013943456,322.52782771517354,2.7901180891048405e-11
8306128.937994371,91443.74265304088,296.33574149226996,6.464421907047199e-10
55539.797772296864,101098.44923403049,342.064757068802,2.0079600211806735e-11
6526.785128423751,58244.57476002154,323.4018977616835,2.6103414680275988e-06
1587451368.4009652,63972.15127054076,307.9069255318888,0.022499138487432343
66597602.54219709,109615.22620883542,326.0681527750114,1.8562387315375892e-10
10756561.039622176,104267.95306231425,331.08580694747224,3.9805148670930146e-10
15279204.308756571,106554.36494592231,305.1265019595465,9.177912117565708e-12
184181847568.07706,86283.80736758834,287.79903365773123,3.9423746246195824e-05
11982964.94206218,40270.13668849007,306.7472877819394,1.6514951811394654
7656459012139.862,99977.3309903263,333.71889548956295,0.001755512628589191
102524.19653285267,83986.3308385823,315.73590312663697,1.3188778435253757e-09
96884.8453809035,94898.208836959,339.1047095494994,2.3103810596043108e-10
9291202193657.887,76604.22550845944,303.66890639687205,0.6431512520040124
35261.403746540236,110767.2374095837,292.9892928101646,6.50784379408813e-16
643225968.0579135,55235.359662010495,307.83160179881185,0.28543414206347323
146971235279.7277,31735.42929255426,299.94422576199094,451238.6398555949
2136188765.9386277,92764.54969618696,348.70530766810685,2.6821881286999932e-05
3481141030755.033,47138.724561204755,328.02861203118266,111156.08963131905
1726737617.3898807,83455.7922429271,326.0129111449645,7.657984437458663e-05
389896992870.1697,86699.01308824739,327.9682337594261,0.0059976222598303024
48042.1424092356,74388.06210481029,324.4649972216749,5.257885238477659e-08
2903383.844900287,57378.19298019807,303.5976034105309,0.0003878535932140646
543735694.1455284,85660.98929344394,306.2906631756575,1.3970429929533502e-06
118330251130.65822,90095.85823048749,296.5980762423194,1.668922501834875e-05
232200588331.49887,32132.911909633942,295.29143609722746,489701.3157617376
14358.098364293246,57098.2314509299,344.16426894127625,3.058884212351073e-05
1238.106114919204,33304.05647212657,316.7995166985984,0.004014041760783391
3357935405.536085,57878.95722750221,348.38425806418473,6.941004393543734
1086867123.1415694,90021.98206075063,313.1662921172939,1.0665258198661355e-06
4066430354051.1626,102915.85602045247,331.72982342619264,0.0002639735672292338
10800578376.75848,106573.59942631239,304.57968463170295,5.754876946039909e-09
4081477889533.1167,110849.65953268562,316.77945288120316,2.1191070958876602e-06
1256942804289.524,58378.6044759223,315.7971922967215,271.92113311365114
16390856.433401734,113167.76262999723,316.7704539094365,3.7468057712798015e-12
48056776761.50672,39897.60285542508,327.0588784727963,20090.710789600907
7825.616295569176,47925.96550615845,335.10984251943495,0.00026101885195678367
1224645.70957975,35529.11871887523,291.2273456266795,0.5433546860882751
989342170209.1359,78571.99795403067,311.6148736056838,0.0686780129579999
2761726538852.4937,63627.7538711726,341.7278374237002,510.09208724642025
65377557.224573925,70285.10047421917,332.91506234251017,0.0006122094770855893
132577309230.84125,76377.99200987256,341.08659018085433,0.2647359815655123
12531.183997875822,100994.5504092366,326.2100318508444,8.612835375032031e-13
2855.690863791819,70956.03854288821,338.9531402589733,3.3822798106994025e-08
1418094434220.772,65659.16992980626,349.71563998524755,230.73629951208855
25454522618.241608,49688.18416184379,315.2927210226323,146.23817876301285
1572277799.7032692,108371.82234347024,329.5002178722587,1.037990725858898e-08
378178.88591488963,78080.72440535779,324.85315398248053,1.0478621619408726e-07
1882402.1313232305,108016.09722133409,308.6855200152221,9.82845214499869e-13
14221.669786234714,30419.196142357952,342.5872603459768,0.3215189823927104
2188073465.8953147,42875.88975258311,346.2699579682092,772.5070373344481
1135839439124.8538,101977.96488695045,340.56191766189465,0.0002705618493918392
1249717978.7002096,50905.97139449007,307.10776722372987,2.8478179090338442
8550.573502463092,71758.93088637173,310.7996419750356,7.619110931200736e-09
17677156321.876953,108595.59347766436,336.69372011289033,2.549105156889631e-07
61521788.898688026,36942.109420611116,308.39437990419634,35.57266071560943
3100518990267.2983,37059.1821003295,291.55180740214047,700885.3696292329
58682200.9647738,84745.700199916,304.16823438417777,1.6891590465215155e-07
713764.7795482437,95281.6188686047,299.6960117778673,1.840202687015381e-11
6920090.084206228,107014.84039205033,346.1229319957846,4.851381189744347e-10
954030.0928947784,75004.0854239967,312.609199506935,2.806445012732309e-07
423924585132.9232,72351.9014427535,335.221836751171,2.34689893712009
1209727281777.4426,31630.47303881203,307.8116391088372,5201058.742035292
11609244.456708765,68580.50703678418,315.5651834838765,5.195727347829706e-05
23920.288824181967,49291.61649668515,319.956125466691,0.00022415052463859526
3713013.1585960374,54759.282161137846,296.5284605245305,0.0008520201055858927
819939555.7940475,65736.66991371347,287.71242632891,0.0009407409210204089
12351.96806533056,102186.38932017828,317.8658852124617,2.0682779034879415e-13
46016.16496538844,114388.96189801833,334.03079403949687,6.141661992667932e-14
914748778.6749418,31380.299936885825,335.9305420112513,11944.351416277728
104846261964.90381,64880.802198159756,290.6095012163678,0.2243523568140703
2904938.258641833,98560.96004623761,285.2281485968502,2.6401694872390525e-12
35181.00270399929,36298.40412555827,340.6519613938855,0.09910935348967846
92589518534.91946,38197.64797512531,289.0906846571071,11462.582574029731
360744778.9380419,43325.57252152802,309.96832014511995,18.649419185066773
29092556637.887783,65245.64684598916,335.173626664704,1.9846917390778287
102880.23014288222,39909.93925352057,318.8604879950117,0.029314529888023123
383299.0854946164,44883.11910947877,307.94910409137583,0.009650723056900509
4368.501741054828,40527.81441503164,319.41591884973076,0.0010559314684907093
5153.5947198509,86345.65463974861,316.2896117378449,2.9565744205121896e-11
429048893.8242266,68018.23843815339,344.2901756702886,0.021056060392401002
173386503729.2164,36210.45517099175,344.8384530479423,578135.1999321455
10901577950.246069,67755.38102664748,297.78504410917503,0.01443198618385243
117381776466.5124,110075.36903770098,337.84153571305654,1.1066709993771766e-06
17631483447.011227,92236.57555149694,295.141981048792,8.626125104518638e-07
29522825549.727375,58280.849184430816,280.5503510483317,0.43342003676630264
14573301.237562088,38700.48666176147,328.1097097485695,10.227536179012308
25706562.976074357,75100.85281927227,328.5544263241034,2.9848121500296328e-05
6994411.263322646,88315.27225031222,326.482048378753,5.1749154736810375e-08
3519.3956788692303,75238.34803231656,335.480049972381,6.7432865540075676e-09
11679.750463994787,84946.96397463809,314.7900166542099,9.793294867880976e-11
895563440.3833866,60920.38296496087,321.52970320377875,0.11877458757683983
2195987786.0902696,78245.22223327355,342.68309906052156,0.002635501185767834
398097453.73005086,36044.95771210087,288.59694781899526,117.3364628024905
5043.742367328646,46791.52708703207,332.3335025913617,0.0002228837941170034
3192.548112532853,83608.54004435142,319.41767949741643,6.913202468895592e-11
1324824944.1404788,86498.75388733936,320.2779921176825,1.044682551275911e-05
65977318613.41244,80736.82990722131,333.4732878436307,0.015281911002446096
3466011511490.2285,53976.31941895027,306.3163685893844,2177.0563360673327
38123468.96566983,89294.87176395455,294.5613054076346,5.584905301604468e-09
51996102.97633671,73601.49069364814,332.0252630872671,0.00013534771478823743
9569244835123.398,103779.60392190148,316.21410342673914,6.802308172440854e-05
354344180984.752,39557.00757011639,335.30003864043374,243390.44599599284
711124799.878019,110039.77617831492,297.20007972173164,3.3209591094036927e-11
7073.174044760399,47832.336141609645,338.59451194078883,0.0003098632918140507
223655030.9836698,81426.22182441835,280.0848581553149,1.449378742639182e-07
751425890.5594603,72769.53142386395,331.0716666661065,0.002509774772974619
609262107.97946,111709.05636400802,330.1687802782458,1.3464809700925252e-09
1318.604455181488,42418.172947026294,310.0208302784997,9.511126400182612e-05
998455894.4785441,56022.01277087514,320.491755268184,0.7493235034246694
101803575559.48404,53323.38106973895,297.85640929171257,45.22582995860313
27717195994.086025,119106.8139186814,293.81625099077155,1.819808122134054e-11
53195679680.74845,40526.331832793396,294.8852934788632,3522.832665432457
300666496642.2064,50528.34784332672,347.92902897868424,7924.738663092395
7024.465058097975,60972.84817773711,344.35923190541484,3.980902314708351e-06
147321104.9744279,54875.25770397115,282.62581544089596,0.01079248449164321
76596.66410409805,114665.61170820703,346.2265220965783,3.772856177145253e-13
6830611100498.905,117142.36877662786,333.7612589086477,3.2044281519634304e-06
176522703138.2979,65465.74662067908,342.5664824363951,18.442372592132998
4409924828.228171,70316.10565845063,349.5994560741085,0.1397192839133671
3982.337916609386,100727.45809213941,336.04671590286034,9.176887547641065e-13
140206.09231407614,109014.08193007972,308.8094773674923,5.187688834321525e-14
6422.896866136713,111108.49790446537,325.0775673141699,8.955427164082456e-15
24084810.508283637,50299.2140524345,348.05590224980864,0.7102574274068114
9754866621635.686,97900.93938431391,340.1433468115374,0.009443878277163463
16593.8703425302,83178.05858908372,315.098006225719,2.7286507993950385e-10
548654833298.8038,99616.88953559121,328.72896910850517,8.369908881216094e-05
155641434.0152628,110799.1456650681,320.65215244897735,1.3713410751018757e-10
105186078.20249937,112827.85141950594,325.57125561853553,8.654940087172624e-11
25354.635408128925,108552.81956988187,291.11183803369494,8.594648215378438e-16
2727781.6272300314,49803.02198585523,290.24090726918666,0.002939493549983794
2066749889865.1553,68340.2992651393,345.67949172780163,98.73917089618874
94548.88308631034,83223.43919173937,284.7470631192459,5.285724733888526e-11
1469943.3820129312,39079.42529248426,314.01175259110806,0.4592597351655905
5109007242.711449,69000.52868821217,284.90450227233737,0.0011448428407301156
91979622181.00644,61051.46977834295,324.3472292432521,13.832321095301877
404302087160.93695,72760.11684048563,311.07107365664365,0.24174688156834329
5636162314.715012,77834.85554452249,313.0917734524618,0.0005755311977497976
4136693375812.093,119693.58181090445,294.52168620313955,2.428572192543972e-09
5651.1629150329445,112574.65187431265,331.9617011346159,1.1263164885601893e-14
3548139856.554209,54223.94007709184,347.7344456910563,25.853483584623262
1351055.0721935253,109797.54592305118,325.25904654835966,3.1186729466809735e-12
1001407337251.49,34541.37840601482,321.06823627629797,2520529.3612268073
193368.3440328428,33071.01837791902,316.56029899696415,0.6785824951560818
5779347192.622908,82091.90506976473,335.740969379586,0.0010207168868025549
3994858728.208662,51653.154372067875,313.558007021033,10.129585028029574
192069467947.91034,61298.989338668835,344.6719431048801,98.37007905016738
9679707.603163296,119915.66395170659,282.54796988755714,6.576031385456229e-16
1092.5016759925861,106246.49391355907,315.96356299485984,2.931544553515231e-15
875898.053931251,59313.44199852361,294.2846216066034,2.5770736859870577e-05
11298.852269186089,117316.3424729005,284.99643441598533,3.7011897846662074e-18
1475.5450970590175,79658.47660022601,306.61148768632876,3.89869850086844e-11
587965325446.9144,30863.248682922534,312.1745239806253,4227544.461423883
261193.09413292585,118901.9751905281,331.72119200304047,4.924826789114933e-14
753414.623478582,110480.33892231119,303.7453953352804,7.833112666605955e-14
7906868799.417773,115167.77627979807,343.3483392020506,2.443808088768243e-08
403833.987177536,60725.87154782191,314.8226513920878,3.424315419884151e-05
7388557756.562755,104595.2279366101,298.77918523292595,3.82676277488309e-09
1572542.47734791,119479.23726229824,325.05248251628893,9.797536329593022e-14
1081.267026981607,69684.24911125787,300.53419131377143,8.577546059836798e-10
3254253.314808102,113009.97341575046,333.17756943444874,6.320343622405195e-12
57827888807.43188,47913.30739449951,307.00745182347936,407.844332408999
58392.786529820616,102163.36698323028,287.7807865137752,1.6925733225834212e-14
18448176.51024569,30760.214230208614,319.16642570926524,175.56318911925226
13052301240.111343,107967.86396833956,340.0625110691013,3.334684352407314e-07
370214040.9752106,74428.81757750757,325.1618837143958,0.00040332622347526446
160484.76995688834,82675.20375828583,282.9671583535,8.886458787651665e-11
104496.375954517,43885.24959904572,285.64628442223716,0.0010261582581019683
4210278.929764503,67200.2484150969,326.69231746820753,7.556009828905115e-05
1880237488.067792,91340.32755340298,319.94493613326847,2.4100168157259105e-06
284121078.2889658,98082.69957947479,337.38105559193536,1.8171929050371666e-07
5566425918.860073,43269.25947857075,284.48569634568463,65.65376044855532
433987443.02890724,107829.6635159435,342.3733835408312,1.5249081568886957e-08
42902345.64374112,59503.41775510612,320.39339719374783,0.008760360937470905
77877050.21230209,108736.15583760072,324.84578747339094,2.5335055806676674e-10
891636252134.8129,110952.46686438759,300.1495011736795,4.4826416609658675e-08
2432.552948720917,64556.56814584527,294.99028016587124,9.284017947360833e-09
198212716328.55124,37962.326962075014,310.58823114952713,80692.0645292947
4505.723671976158,108751.86051977806,319.74991626842905,7.920328868213779e-15
28198487708.650593,95216.01414826018,310.7334607763007,2.8393990239779824e-06
50865.47803409611,115876.14999897977,281.3354836125377,1.6223081793193005e-17
3971294640.4514356,116868.36946580856,348.9671432723329,1.2807168591405985e-08
1366012784.306604,101205.6144363538,283.4937550904624,3.1351209816395004e-10
908670.7250057646,47315.601685474,312.0139435093265,0.011136017869658175
962787516766.7728,53687.38052192676,347.33065183220043,7967.817810009162
2115843410444.9294,60018.20688984575,293.1113781503783,43.36869722937286
380677687094.6186,42768.40911860648,319.360765392683,39643.15566644052
26342.96107918126,62760.29400487873,319.0311062760122,1.3880407067372263e-06
149592553662.07333,97429.55918368176,301.79592465590866,2.0360057609112086e-06
77117628405.70232,36307.23172146292,286.80919889658674,18557.539678580273
20461412.75804926,39683.65176845276,325.4852608947841,8.727946166439803
3786632.355022596,78427.05606685654,339.926712930995,3.510183027339378e-06
226384187541.84802,41183.46389507888,296.4158931006729,12462.213146661006
57889.57057493309,115533.24399852846,283.35495552135893,3.054363339460457e-17
38175.71484836033,89495.12654739791,295.87374004101576,6.1368729546291995e-12
492491.73223364167,73575.68794243169,294.7411423158914,4.572037456697206e-08
3518428.8785050465,108276.06451909656,318.7353632382644,6.526427208157993e-12
67381560019.312935,76355.20996618486,341.19885460758013,0.13493095670725014
3991.450055426138,55751.01657382613,319.9985361110837,3.213446975314569e-06
75776376.68171974,68805.13624465649,290.7725625250295,3.316051176822498e-05
25639610965.901184,79440.23429126339,329.3594276123754,0.0063727967883741845
7600330284127.583,104891.94323246213,338.5086975368436,0.00048670169370773603
15397957885.159168,54174.64807539585,349.2924601064817,122.33636558647927
503977916985.4503,119736.51260505109,319.1230021736351,1.2658901287115212e-08
290298.40614353615,118674.29543190423,308.6308463057087,2.4564590633305225e-15
6031806517024.015,79833.90467416719,313.9089308965643,0.31635718135738056
348110592136.866,97450.15269038294,325.09550882341154,7.869212860383776e-05
34529237.78320628,36937.79831533646,326.43446886232533,42.38741632270969
1335244473248.9565,34487.582751695365,306.7300105810297,1820753.3287916018
1421220294.4027777,32567.86686242535,285.3031053891583,1599.212536855424
331175277.81795937,68053.38032957341,330.88108927612285,0.0062726710516303645
4248137647.5158677,61332.03331154959,333.870801791285,1.0573478516637516
109063830.8948787,52636.37142771072,298.6533582465469,0.07042344667399013
48406047.68388543,107784.54300333926,327.9291210102159,3.2553991742438493e-10
1974463934.8610945,60375.936601519425,348.71291321864976,1.7681768422970923
18780.70824526499,50277.544916104096,284.5740026672114,1.1039350020198957e-05
165488.6103663385,41753.41494029692,284.8012561889883,0.0036629658563326487
4664.697315630872,96629.05424476552,321.4875517005922,9.685150370665333e-13
5463803.814033595,41942.052153838005,310.1223360391292,0.48051915048407745
2636.5177562848617,88752.29070101096,302.9975853184682,1.3414567767430107e-12
28879.08811901924,67794.15383626704,315.7159316640485,1.816131672776461e-07
26967.74315636786,65182.42902126163,295.4922793651501,8.432617840046112e-08
1756.6017603129822,112331.87849620308,295.43498660929714,2.5191283359489495e-17
62472054611.49201,93037.2288582469,283.8775455479517,4.86475047757045e-07
32993631803.071785,58942.98726155398,331.38320542688166,17.17050550961542
961863273090.449,61406.76451829495,314.34921757899485,59.478261014519354
35241158.42154893,110368.11990074135,285.4137148188139,2.2422891847255328e-13
527503756.5802898,93378.7219171731,337.57659732691366,1.8473646005572467e-06
120357173121.06541,44203.10254297588,335.0682094892798,15850.796534755977
5594.238496472338,91049.5291640005,324.5930511675268,1.28589898732435e-11
268035183030.82117,106499.28349891097,318.65829371973314,9.512324077588697e-07
1892066.0372216562,43568.72404876775,335.17945056898213,0.30767592871068394
23206955.078197706,64802.158412841774,318.95274643317407,0.0005769885321638434
66893009603.39551,78318.95876008514,328.19229573226806,0.022974983143604827
2337683878863.7056,43007.51869901148,283.3296215151401,27936.10877916726
1195576.605919044,117936.33450191244,315.42439297964034,3.646217477660529e-14
65337934.94941716,114995.29067997022,338.85417044682714,1.2323626129242082e-10
9944.756457518482,45549.19922958378,317.51796911505767,0.0003142343754602642
18242445170.49827,97599.18008297202,304.7982052605215,3.5636841793585365e-07
5993679868546.944,104385.63610311918,306.97106564181917,1.0267811752327432e-05
7144.780052469897,89807.85016444759,337.41113937716636,9.319017907729259e-11
221709758.60587814,56158.45196564765,343.0745416348677,0.6461858496498076
3285114.6058757524,60843.5836230825,324.63175215795854,0.0005280924720821675
644482126400.0416,80812.89112992748,342.3309662884323,0.30480535610672443
2625951591.9187274,67430.23858843197,311.5922123959636,0.013458241476359354
700439606.2874184,89738.0854192833,330.7317799809339,4.883602356155171e-06
44342.228588408696,73877.47236620836,301.2663098856589,6.910173809322673e-09
140703.7201966618,112142.67706105034,291.62399467962797,1.1874904915113867e-15
97152.73744862438,68831.13366817406,306.1019925660782,1.7767712760654986e-07
1010809290909.0891,74738.9548175447,302.74061842924476,0.1331628563401525
1489.8456462795011,69407.31493935222,349.9710095212373,6.634009720702055e-08
22834420.721558288,110503.28617305346,341.14723895327086,2.7824498663231814e-10
2490360982.2847943,104038.76895069031,294.29071192666254,8.592822927692669e-10
6554366.417243496,36510.20865338663,335.9246387848971,14.156574646919164
199777406.1030719,79050.38716486537,288.0704954309605,9.098652458326956e-07
33755810.45318577,106798.94967421453,339.1573239798089,1.2371419036131267e-09
33765691.43708187,50395.50104771219,310.0499032600149,0.11315493150337047
46254167.73147379,53706.358484068056,294.1146053947273,0.013740491598683674
14634.742654975882,64244.985806232144,315.51411012228874,3.450753608149644e-07
6808061108.3290415,49549.399183821515,338.52999109485734,154.90121824269892
40582271036.27303,84276.3979560954,312.03723997065424,0.00033083885615647977
4398366431.436846,97569.93514049907,325.9090079003583,1.0130771199272762e-06
2090.938075170667,107947.63846307437,282.20249960719127,2.2271518944729458e-17
68482089.33005649,116976.15026526908,337.18807321632255,5.359495719186619e-11
183915846.59212747,33718.911570308104,329.517978705854,855.3028637627701
506171.35659540567,35964.306012344656,339.30755237715897,1.538431739303518
105921796.81964208,112180.56505737963,340.22063648944413,6.631230576136729e-10
218658687930.71588,115382.21730450107,329.91764795441145,1.2248188403851782e-07
166918868254.0531,87321.04610537962,320.6536946176367,0.000997008704466776
4792694.075877791,38884.47393264467,340.8130960694154,5.233491651850637
4153087093238.885,59287.94107378482,324.7028392631951,1208.0402600404327
229381.3325514311,105780.02750532728,328.5286451297916,3.4306232306815038e-12
11147.941294417222,65588.73592503622,321.86945523321805,2.494916776443542e-07
1162913710.3826423,51705.10557530032,327.58763014008395,6.722331652478742
18012.947078785575,41010.72037700206,338.2822542825331,0.00874348706676707
9918412088520.799,116430.94449300099,340.5300987066105,1.4258847498891298e-05
414961279.0108406,77754.00787336138,330.8103155627743,0.00021613454558871514
74376.22277414885,43314.637484450446,282.87801402250125,0.0007695499021421617
481147.9217438379,59816.56146843407,344.085876933391,0.00041515592042220027
181003911.35098574,60809.52439186834,281.2686128673453,0.0009300982768953408
4954.626124711621,31523.066676139504,300.902964976794,0.01742148322558133
6603968808.209595,59441.10463664276,328.0848952285893,2.245330803985507
33529166.069683835,98728.73789895215,293.6609469923087,9.555979070499182e-11
123988.74612046489,32209.17429789739,336.6136446041864,1.2345478919849584
514878.4434961182,67190.93203850984,310.1942366477716,2.572530318288752e-06
584698.056232235,37025.95784201577,333.88550121520944,0.9425819821166287
2782679.4704566146,98386.80832833644,339.3061451494498,2.061885888944383e-09
338741015.1454773,63672.596807148526,318.6916557104711,0.012482700946009982
15284.680375670516,31049.868207545416,309.1987271714878,0.0899840032705497
141007.33636151237,79370.6931201818,316.5727258327091,1.1713983898860782e-08
4054.390343219575,49447.7121440226,314.39207604766574,2.5129196282008116e-05
954296516.3717982,57587.489401908955,331.2298294573543,0.7913761124652974
1835289919.5907125,35363.28352818603,312.1606916364836,2214.4682440310544
6044.948770363528,94814.0007200778,331.6881588062374,7.326768907540796e-12
1720796138.7375817,71569.98204434788,348.94689173568474,0.03435678093929805
205548.02530170733,48076.300101092944,349.2162058344128,0.013046432095482686
9209385.28290533,39598.17718484528,304.2713714640442,1.4784118674909568
12618841120.148499,113979.06705906506,312.2386445176436,1.1074355493284907e-09
4965.017744032503,76320.99832077889,293.0259273755332,1.2663464074922424e-10
14719757187.185059,87785.63307649168,335.4862809636946,0.00032828330005310754
719472.2208462238,33811.966215546236,329.1313860820421,3.049460193512759
68464752780.80579,43085.40292884856,294.8073230290937,1563.2512544959752
1780761.2708909549,51109.41737198979,288.0276021416265,0.001001915040855092
1065347301223.1006,63148.024133758576,294.0915927517804,6.453471705779658
11476705760.57775,37320.8667445746,288.6406646611906,1991.5868945607776
582122.4211618527,46078.70632569121,328.8986127611373,0.028423369797444194
3210.818022536652,73426.16297356665,300.1292695765332,5.583965236336092e-10
2261.5417517843907,109747.56582411981,294.58400587637914,7.866448233684363e-17
373451.4975970984,74790.87408704532,307.7749133862171,7.913889009298715e-08
80413849.09297761,79833.33650495816,313.63998726240544,4.052095001156609e-06
11652896.483117007,46492.14031019645,330.38906402002794,0.5258823027135243
2356416.534128465,67675.35960584748,308.4875434244799,8.186799811242973e-06
150841.6987641093,34165.073172179196,331.0051413597142,0.63725951267641
406439463848.94293,104811.25546832287,312.41653133381703,1.1943447025933825e-06
5722758.449687283,35917.06366176599,290.6610839777971,2.0948580374707175
216468.0757541484,80738.28216485672,337.5797743973482,7.281211490141157e-08
17357333829.61322,47144.66258002816,288.8891551658014,51.9594204366014
14438123331.340107,81100.51776123945,287.5896112455799,2.7947055877652947e-05
1142903684652.2085,64239.083047435815,309.8670805361589,17.122491084806263
6740.886255125838,103048.91468109243,307.2048487576962,2.1141777368827247e-14
60582515494.40884,94766.41852362739,345.50351240304815,0.0002952815712689739
6477463.436130073,69650.88566837202,295.82419837070523,3.2918559644349376e-06
36405801616.45089,101701.79446717504,338.2503517975414,7.238772034679628e-06
31533868.549512744,58341.01204494989,310.4447786584726,0.005041501985889677
8542528807.271174,74762.17837156661,295.66400642999827,0.0005500756597743129
3614663.245833096,48201.60263956465,306.82050796524106,0.023278931816957
2538302511714.375,95323.66111918027,326.50883088811685,0.001433487759993075
655742.8411480457,39369.30009716112,314.8627866722057,0.1897059404719746
33931.186074181875,108203.14396306576,298.1940178548218,3.8076925279964555e-15
817875659696.6674,88922.85453459967,292.5903488356584,0.00010828631917992832
1736247911.5875702,59873.118883315256,310.6042625695402,0.14638724901302672
205603193892.29745,99170.84739335599,319.89017469773853,1.3684903292861035e-05
170940657612.9229,76603.59835740383,312.83830547308423,0.028085384106327372
9643243551.84765,63187.76566895176,326.1905764972455,0.7629769406633587
13379283158.68838,81649.61008253682,322.12252614852315,0.0007657342051518221
9473989230.4367,118876.28312578544,339.8548392622326,5.150154797951681e-09
1328066981.9875581,70006.8067204919,280.7366699602293,0.00012881378729774618
1623351.5568789185,111874.61275448094,316.0309136367663,5.254253249247632e-13
12829656736.36327,54705.864629678064,342.47514233143676,60.60068522023124
28736205.91868707,110616.86656663037,316.9235187567885,1.7615325300734064e-11
5760.630673323474,62997.01305102254,328.9472301337277,5.772527659858444e-07
621649225.7706177,63860.71442130272,284.01129586247225,0.00113080266925829
3786460.4126686277,77794.21517083142,347.58410164018846,7.809617387537003e-06
24831216895.447983,90356.04666642545,299.47663532410473,4.396161808960932e-06
485797578.11814433,61394.21320150084,314.5416371050506,0.03047595348534131
1965122548026.7078,93075.57287223107,309.01294379928873,0.0003575909958829792
599414.191600611,109446.95124968895,310.9438788653602,2.46337887802788e-13
10640.82018941767,87353.31573694987,341.267217045193,4.4749184102607976e-10
216168083.24949276,99936.91110075908,286.2248898433295,1.2756051601205002e-10
2233945.4717065888,34760.394446358565,346.66567472185693,12.671525952971452
11629.23667765419,53364.35900197545,282.03873574466724,1.5331329295527181e-06
38837521.1527464,36294.29530832296,338.75072717453395,97.3363375478823
445598331627.7051,88849.56043638516,293.91159817355566,7.467312217831683e-05
117759.74507536014,86076.68485488382,339.7923838926034,7.0474444830684305e-09
27254.872284431054,99773.44240575795,290.9093897753004,3.4212921030422987e-14
5177.812096917495,116786.80700869755,335.8416370422642,3.544043336926853e-15
35317507631.338974,87514.08058106943,281.27106801157447,1.9526534377427813e-06
270919.58073873736,97583.91121475257,299.0522900211822,2.5063154306365157e-12
6972139754303.54,94166.74892694442,314.5152585168465,0.0016743219993792466
1406811.9665745422,112837.96670096456,335.367891559099,3.724485518681875e-12
253818.2487455766,84521.81891667619,318.9989495821737,3.817677560643622e-09
7727007982.221985,95743.81509509344,344.86042910804855,2.3954055719796132e-05
55445.48223989366,72350.93872115656,333.52883104047703,2.596752062169274e-07
2544512.051770942,85449.50847223456,346.70154987675676,3.497563159294407e-07
15374683.208398163,65008.28005269609,336.70788457021814,0.0013253891013929626
1590.1147927492805,50470.412939887065,326.23542427754654,1.2963581798828953e-05
3851.445479868243,92218.2894970064,303.6631441919048,5.437638872700948e-13
14933837.89856385,77571.41562723462,324.2424139971738,4.699968369313663e-06
12743138.622075288,40405.40860331104,324.6678014793096,4.2081016341404665
516241050.2587744,41859.79327131763,280.42269439112636,8.552643848918748
177890877045.80023,60049.91597389995,291.23417872576533,3.0936867806483965
18875.834448849087,69088.51441063653,327.20967368594467,1.8423370972571746e-07
551424.3945820635,36730.85885224418,325.26928775441746,0.7186762682051273
226073.08343215764,47421.60759812677,295.2631474992823,0.0009151842117532295
3617620216.2321835,95581.25244462398,343.0164830262364,1.0023772653900676e-05
2476593782743.5137,69969.74576321855,320.43234725992795,9.54837219121521
35470075728.38764,114652.39785792926,284.68508291857574,3.221684872991191e-11
21468.0424645763,78131.2368525923,281.5362038816027,6.795294295667315e-11
4240.050914497984,98592.14792633524,333.82510691763065,1.60425445195156e-12
61898692.47386698,102664.32609419024,327.05384372719675,2.5424512800276534e-09
3286.5130851088484,70774.78340601857,340.0421645562871,4.4705308699802165e-08
24432951770.38548,61501.83071241535,298.1173014269997,0.4113212505659743
131663600147.25557,69769.16554445587,322.44494064362306,0.671273244288553
12073880.64861317,80318.18033621483,334.00507863330097,3.4662827497750336e-06
131620105.85913767,35088.26008696715,309.1384067336987,160.08094248966265
767443805.8405089,42151.73685351594,304.5385103330058,44.73054781776133
312383032084.3754,59704.77927394546,294.2514562959118,8.131698908139953
7683.385606232462,36093.48038295342,336.5285087807372,0.019768821254274777
415957.88202883705,50315.689719397255,322.6317106829785,0.0029805708490590766
50773675.81482073,107102.73452390106,323.0084698438812,2.4865787626190346e-10
1447022463.7927682,74403.67131750504,293.69459686764014,8.627612793289592e-05
604302.9598366806,112933.17229057281,303.70719368424125,2.3361345448048525e-14
5040884217.20767,105816.08386054201,280.62365908514005,1.0574650621132509e-10
19560.895841103455,98126.4028148402,324.89317590388526,3.286807892543179e-12
425324.50420476065,72052.59792304982,330.78587665052913,1.795109169895454e-06
35393158959.02861,35538.945599947576,311.4291737060837,38878.469791305775
6388420264.719622,119582.60005163602,295.2074066555321,4.6253668655114786e-12
6927.5584302018115,71963.2885029953,347.0818703254474,1.044712705283313e-07
647103427124.4066,105323.69533230427,338.9916681622155,3.835730756139115e-05
196467210.74928775,46930.93920624059,336.99273546349434,10.712318683710187
6036729.928670222,44252.948742065295,333.16071603522863,0.7128316952684796
1488489802986.85,95956.0614597415,327.90616480670764,0.0007930043499531045
12737.886776655287,59587.788053613636,293.0103432346185,3.11017634330166e-07
31050832916.479374,47556.91231543507,282.0025165586509,47.83430621502776
55963.20098206347,71371.41804716372,297.11400541127455,1.6447036026452958e-08
43490505720.86331,110971.55249558655,315.6456028594108,1.9444420998020888e-08
14515.53626778048,36904.46175472773,293.41790400627207,0.004004035615840044
162850771935.53714,65696.0215918312,348.67309078425154,23.44393817618687
5782310132195.134,96274.64191372576,316.261223057598,0.0007401431044808697
3809.3246001830303,71409.36845695064,294.44841341927975,8.254036235633378e-10
48236.33321958618,47516.987128108776,285.7717573397921,0.0001040065520384855
42875460406.069374,101294.60427227148,304.5707595696065,1.8579673552176022e-07
20287.488171146528,65871.53500167037,303.4675886537162,9.16369298390653e-08
13092058.394805433,118537.32823550397,343.01759859554227,1.170013335876037e-11
538231204.6789792,99718.47418278964,294.14342576515446,1.0499930740242329e-09
1374.230396856755,79353.51037102306,296.36105142628026,1.469385744979411e-11
1743732612245.9307,89396.69793642305,324.6375674870216,0.0071945433858572
2130231153.3760488,95965.66368598003,347.3626059973074,8.148934706110558e-06
227629.9532985186,30345.441053321396,344.93189574062734,5.907281950550142
19455879810.475548,102952.46185281083,292.4978073145924,8.035758013664291e-09
12524032852.583029,112213.73164470348,283.9301303477264,2.887330591244954e-11
58139311605.971695,54804.39737186376,292.61866426265755,10.02222405659204
14991.853050636251,104202.32349413245,345.3937767097919,2.587312199357501e-12
234591306.5306315,63520.48449204442,344.2920807653836,0.05301963535630905
629908616411.3806,36404.50495509522,317.97969463866633,672644.9037237336
117463.95640687949,113857.67111794498,330.66042583645066,1.2324140324105193e-13
1511222377882.4636,72239.75021068772,347.05211509740894,19.880355564524493
191601444688.92368,116951.30866582275,344.85187585691557,3.7101012256139105e-07
27890308.273533598,118047.47832781551,345.714672007552,4.0579334557101774e-11
1733.8572151378862,61787.54942468152,299.35454727065445,2.885439072641141e-08
2136685008.3941388,35843.68773195216,288.14411136588535,702.8204383640916
6262676250853.746,69914.97106359852,334.7870835648239,75.77211527205561
251316109.4205691,68123.085814525,317.58140540983777,0.0015641112251489322
47324.41849073602,98642.5659402375,281.83607502699954,2.421543251497431e-14
7424258.096617681,51596.84304670089,286.27405872477993,0.002805095442992851
4112.605709686094,64069.08306001559,334.0572403989737,3.960983417243597e-07
5761564307317.915,67983.21359386423,321.75022864254555,55.01420430152915
347544154.75728714,34242.48898091686,331.93993346219366,1423.1299345848543
4347.75000429608,60028.04100419575,280.567085832593,3.031171539542305e-08
130901268.3990437,84920.69566029197,340.3848100122307,1.2577600691341019e-05
820542644.8681929,76096.2291616515,317.8117252969441,0.0002527933958695391
829385205703.1067,61994.512950793054,348.9601997017361,454.15129098976684
4014090970.5574636,81152.30383403944,305.9530427564508,5.741449374482829e-05
4314055569760.231,48782.71935179823,281.69434873298775,4036.141512190226
22072360588.46978,98941.60184443848,308.94723177318394,4.1190642961237645e-07
2077876873171.9512,76808.97519574017,319.289148336837,0.5735396849606804
2118.7451177002367,83733.93954598992,308.5697708046964,1.4290884884679573e-11
6904810259867.697,94627.51075362647,314.22280673973336,0.0012882785577077093
3285.699369875447,58887.255443228125,308.2331848319576,3.4772187238734436e-07
12473139.994260369,63820.56798256446,313.31659899815855,0.0002940114064014394
433388638.9039725,118731.9016710403,318.03428058355917,1.4012873946906367e-11
8574.228003284079,39210.17051845727,307.27110251271927,0.0018145314014235948
617657.1812784104,32898.34333098159,348.93220194252444,7.5960404959013825
75817014228.2346,50261.29040275673,290.73624977868883,70.92876613212317
9458.465254730068,80956.00621732962,307.53000455017025,1.6484744170502847e-10
979329715189.5752,53259.499797003285,299.76460233784235,536.0211674702598
6951.9285213515695,107560.63549701218,300.6484532792452,1.4675710612645796e-15
22716535.735900804,57401.408402434135,343.10317107382747,0.04294636726514306
4011555623374.276,95953.37191472287,287.96840904023395,1.6155521629490338e-05
6478733.307403368,112747.50901085026,306.4682015490315,3.990665308935602e-13
4363811036.314592,30500.675996468082,330.01539987266904,67927.8231806173
9998210.94911542,107166.2495937154,297.6062458088436,1.5250561567931913e-12
16609182798.586267,53611.558328294486,314.3491841195456,20.89266304429491
208521613.1069786,53950.35547904348,345.3181075173596,1.412878606943974
1066482043343.8379,51526.4626297865,342.0529726016364,14588.484894838346
57345.55812465626,112892.2558416949,300.99656022964604,1.4834767226395254e-15
27278989.869040016,94818.09961270254,336.0112170440368,5.1288890571842155e-08
58247.75703425586,75538.19954344179,349.48494754861565,2.978404912978364e-07
34136.09128289146,42402.48652772146,299.3260475434645,0.0014101124330949837
41299026.74341817,76547.8043577596,304.93537521813556,3.1448702446930138e-06
1638759290989.5757,48730.43040818261,305.0370213663251,7760.257308319936
377782225679.10095,98303.38931122558,283.6732430811802,3.029167579779718e-07
1036.1858054808367,64254.22334238639,331.2061273201301,7.976591382380747e-08
17820766.007302362,79409.19222592367,337.14762438871816,9.046000010925628e-06
608108.8434080535,60803.10332852164,328.1433717487871,0.0001279042348743723
11854978.198910905,71037.58246472038,332.36668935494265,8.017536132532579e-05
9621865113.717854,43735.47450201788,294.8937744412659,172.7108181049863
338837.75881212216,116688.12451207724,334.8277232852067,2.2155189099167697e-13
2548358964.6541643,30435.851503155696,321.0540482166888,29051.427136542578
11310724317.560593,90547.6761027076,300.8654762891594,2.1315489840887314e-06
3430642.2329329737,67613.53765359134,316.71075821886546,2.4499571836916147e-05
658029.1003822362,115015.60368108567,333.04745358139263,6.033487833550109e-13
172066.64877568287,117095.62217544545,317.1153968540602,8.740446868761679e-15
264524089626.49844,114762.51464446988,301.40989646536906,3.536495447264546e-09
3978149.861008456,77837.7500110667,331.64819104624684,2.1862314366583958e-06
92162384.36275661,112569.01983203438,321.68934848890274,5.0715901680995386e-11
13277890449.178854,65041.438185883744,317.51949483199684,0.2746600707878405
335510461.0769262,84974.52344049723,320.66508608705226,4.847174666872017e-06
1700752380396.5945,101503.02864261171,320.15461518681514,4.84696479874692e-05
1175741195850.3284,101979.42348552124,285.6463512558679,2.725961806057236e-07
10909.802130749873,59980.15843058554,349.47036856599476,1.2291489655674395e-05
802251324.2462605,77459.83096318314,291.8849458793236,1.1122394328526307e-05
231658025.6032044,42711.85855942589,285.6048891440559,3.6084389061172324
763894169.8454974,101576.71577658723,331.225972027532,7.50776674368175e-08
793707449692.3265,78106.09708665001,348.7882188092614,1.625080168433117
245006158.54459006,65818.88478733297,311.9547649153623,0.0023751326254489395
18912697576.77156,113438.83599679009,328.5610497859732,1.7514093986067252e-08
9277738794.366447,54302.2334698895,308.0614852523395,5.695016118580391
21017163.79162931,74690.45655639618,347.17582407488413,0.00012462596681537722
3697514985.659438,37212.89037111151,290.0282021189796,763.607582316044
50961344280.95006,102727.70436514355,335.51971189975103,5.24476846454442e-06
867324748.0881306,38712.671190165995,337.5062745443045,895.4406881631011
63711599996.8377,93361.0363790545,284.5567080799151,4.633675395110385e-07
86886.944503197,42596.46273606061,298.45397485693815,0.0031441558881442734
714529.9295295884,75037.98190317,330.93435099873085,1.0062256320863565e-06
34655808186.74767,117676.89691346143,280.4219175299111,4.354041879229003e-12
1080867074830.0371,74371.33445963771,315.78243926751406,0.5510363571557059
31810685.836410716,104802.84965608365,294.18569841644245,7.748423949876423e-12
9799221274.18077,64165.18094318177,316.95311167715494,0.26804766138023867
1625.2020600830404,94703.59447826582,309.58689138718245,1.754472716211676e-13
2181218.900455237,64894.21297384649,282.2050332135093,2.128638217267021e-06
190057.39178779587,50530.77300677922,326.59974341915756,0.001563470858598227
159930222056.5246,62019.77482912263,293.1790249477223,1.4751988024324878
21770.96239812935,38734.77375050825,300.95689933371057,0.004318973616169209
53174.44921913832,90566.09735289539,333.06301722669843,3.30860931930641e-10
4463631828394.908,37655.18305761044,282.6960310123235,510976.2026478892
101040.48309338445,51151.695719546886,314.77080360085773,0.0003440351396653129
265086631.01975498,39036.07936872243,328.094823972303,167.42070448649832
1252192760687.6296,58835.12674702795,346.7154261151364,1696.6958221629427
3962766411.2704864,45610.97298490039,326.0902140422684,194.81166648044922
263175780134.60468,102575.20866255947,315.0021446898296,2.6096751813521805e-06
5132467.020488896,107892.0316430106,314.0632216878229,5.888208576788175e-12
184906.89818433303,52165.44132295126,325.3387058399993,0.0007713631527550519
3041050.6700139614,33021.361619992094,302.50341623023087,6.1708366723022685
182403104700.364,49806.95842029073,305.7370977459411,568.4196063821021
37759067.8394239,102578.37969284404,310.22479947079864,2.0410569537519052e-10
1953.4707811888857,58339.76795005602,335.3869754505246,1.6498731313838166e-06
2995936029107.992,65830.83385899286,332.70382272284536,140.18394910822641
351852.049202303,44434.71272764768,341.35573952202833,0.055719637387097884
1247329921.1508498,57674.561557418245,281.67940118366874,0.026029183516151123
2009800513912.7449,73682.33868734949,343.3865968372618,12.600851049926417
106714659589.95726,65133.027528767,333.1214216534,6.72505097638874
10998.621330052636,117794.39061106625,345.6386144558928,1.7101049226901872e-14
7239786386.478566,31537.47566959608,343.7440372499986,121815.78324097645
99824755.52702433,118178.36388604245,336.9842400395347,4.888282037728539e-11
29974.388309076417,94446.47556507558,285.977778653299,1.7430668059895193e-13
1589564598.2918072,30987.47836463764,329.7412535179401,19403.586909612543
6918.415877078821,97309.73368307578,284.5776607958238,9.35274959958665e-15
24183107.592214294,68686.85736904439,328.29286149546516,0.00028675510813345415
11668.222881372298,54535.33737688277,336.71394924823556,4.0072295151708946e-05
135659754206.74359,60484.23754019887,317.38768906956045,14.938223243486608
5658639.249623475,47262.056114885374,283.07009769832376,0.010566033908681969
8697773705.935461,72509.02800160638,293.677928237164,0.0011540851695658906
2263407.3270130325,110717.07108689108,314.36134144831146,8.981519941513876e-13
16093278067.69781,86751.09661501834,330.64926975770214,0.00032899865747660457
139712036235.5738,85416.7694282533,282.36295979453996,2.239794286979865e-05
3722469727.624115,110917.00069299997,345.0319159422205,6.047066454552985e-08
2866474332.870132,55698.50321324901,324.397810977198,3.169805609760284
417748480.93072695,107669.41882122989,343.8965556412119,1.8301677409024455e-08
3170910030.4972444,70810.4611402755,318.96005342327817,0.00806389935690807
67787.6936758979,59516.2671127617,320.26825909507113,1.3206690060518117e-05
212528399942.53653,92479.94122485338,284.95301568125683,2.428167855482879e-06
97872486.25918995,117341.79331938614,340.98886362932177,1.0465050081456806e-10
44188.787209267444,51503.08595544876,328.56119051656134,0.00029353801412146494
9394440069.175499,114450.71818473088,339.7291948180786,2.4600766761061212e-08
9097.682716679854,43321.75017241581,319.45482738574447,0.000780602000373726
9456337728324.443,66575.5512162316,302.6484749191828,30.884329196871885
3997123949.5480604,35057.86365171546,322.0707390316646,8343.238442019729
11642540893.10336,49662.57040877978,300.4941306981062,27.899961357658494
11527170245.786964,76602.49287915793,346.1159002686078,0.032565574561192565
20739448546.777172,34960.390552547964,309.647031759069,26865.39432433368
118833427326.70271,31480.34832506193,342.59875306556285,1866756.468581054
2528301303.6540236,41340.25576334121,310.44043312263534,289.01818450497535
39923895.527681224,93593.53292737748,319.48086134156057,2.0530333477162504e-08
7505943434.110404,84436.15538904254,289.23739574327755,4.158261271836663e-06
3705538844.932394,111125.2418574772,289.45330718742105,3.3916572964247784e-11
28001.42234008317,39889.968786634025,310.8690170723006,0.005805081426327452
9982084.551948348,82505.24495403568,307.8779625537107,9.863350151537632e-08
2203.0983090836326,114302.49485288445,304.10334378397397,5.3406305211211617e-17
15276624799.862389,30036.019173879282,349.22622199837735,510147.7754061916
465802505664.70276,65094.650092720236,296.60574096849024,1.5691654591898476
680021156026.9001,105266.09334502918,289.2929357975593,6.633093704043649e-08
59416084470.18039,118556.16404207834,337.9120644648097,2.846968152310892e-08
5182383900028.729,83991.13000259575,308.9570076314743,0.03238747172416524
31879402752.36567,36015.940320548085,341.61634534888833,98369.07694586656
1550.0738941245959,45885.532611196104,349.22965663540685,0.00021975023548906418
9299087500.1165,62965.47517151496,341.82928437209756,2.291606211758923
4909.233017219166,33704.86462570931,342.6835708680792,0.035859207691421764
312011.3564484513,51473.61489878927,284.28502693910895,0.0001121603179242858
20625.263582543233,53622.969199614716,289.7548643252717,4.638968181409195e-06
6134318.040166306,53184.10324537466,304.9704253080529,0.004680511129880144
419352.5320798968,65307.46986731915,296.806243394355,1.363029714593999e-06
1136601648.9537952,39336.8687629235,317.17055508949994,392.2685567974401
2385059892690.739,31389.198577556177,330.6536452655511,26732020.853831958
263935.48671214504,80763.83928406634,347.6433874365909,1.9146795897098252e-07
701036.7361780321,56403.76933941893,311.07260139273245,0.00023244816333165677
72508.77281226909,57433.23199371548,341.402977418477,0.00012008375732395513
3084.9244615904345,33264.230173882504,306.4238018371319,0.006584260867332299
197123.22902813295,64739.03420587318,284.05974751208066,2.566656381128254e-07
1552521.0219890086,102642.5184855816,284.48443481119085,2.2666011324085937e-13
2315223.483307385,92954.04516371834,286.66295049637,2.7294405450788115e-11
602528.0416031268,46956.87658335825,343.22555572240265,0.04496253362926473
922583386.0641111,37729.09540196104,297.4614442620728,222.52365360429596
43577738923.468605,100229.01485559029,290.1946377397341,4.0092020728765336e-08
5248122328145.633,51491.86868914376,292.5166111199435,3311.062547437338
739314462235.9235,65140.89762399079,338.86481263615667,66.85463263043941
12790932214.077778,36457.05346967067,291.0934271311171,3637.9701661905106
5642602123.216047,35813.147228399124,333.45707087629603,14450.619138728041
951993960494.1168,47933.56430576142,349.3802366659822,64973.07412203995
4952862.243734937,111034.60392068542,310.9130548135649,1.107281536671395e-12
6976792206.663539,86879.22702813725,336.1416200038547,0.0002157066381480735
3055679920830.06,93434.33796812542,289.3936593883734,4.362134597438076e-05
1005503.9588779119,83939.61461151937,328.90912679681645,4.847562302151214e-08
19126.02625544805,104007.92323321846,307.073118779758,3.9949987295583075e-14
120364216.24806643,79833.21385681824,299.6594443619226,1.5260008963977516e-06
4088889313.6212363,56014.11202878415,287.5256944848255,0.2805168403762405
17396567.78332984,50399.31426645344,320.8691994735009,0.11198548599895168
1558619097905.563,63098.974397383354,293.0631496331457,8.822496818602573
7506492.083407228,35169.09727969427,280.5970316451416,2.1090170570259303
2641.5227947536723,108853.58123552299,282.98393882084247,2.2214248911558236e-17
1647021.0738799854,79498.84485646425,285.27625689400816,4.715643352428345e-09
1250776335.469295,48954.50485678678,340.4366010845405,40.400677611712645
86579527079.05681,49279.131035028855,310.6329459084324,441.349962679706
15713.801788336557,35702.64058126278,312.66270334470653,0.01729805993700001
11402.40041881759,93617.33939438338,348.86423625948686,1.13601884148545e-10
194519071480.85248,114681.40324490418,349.6700830597725,1.4547773928054976e-06
17146479649.008066,70321.75335442589,288.01118282479047,0.003144051606385089
15615286636.714172,91208.66515899388,329.37792091183957,5.4966586878948056e-05
1422326652.3633578,89630.37557390376,321.8012008534215,4.1636546216215495e-06
230028.2125415389,32997.96226463687,315.9730599069553,0.8272628120155997
62822252147.540665,66138.89382478685,280.152562072121,0.0297891515352432
15050.168656052254,76145.48018563638,336.2054973536166,2.328341382664189e-08
108301.54298915427,105075.98101056399,315.60821355138756,4.3469735545761857e-13
797228841985.1885,67444.56156206649,313.0260713504927,4.3854521784755836
2720.495342048481,34208.25859522609,315.864485943826,0.005881591564203157
3633235896564.503,81699.76341129177,315.5152284189202,0.11283469857523094
8619029226214.223,102903.94171592739,301.9797703966513,1.3653892033666325e-05
46286071.16949289,100649.47557350551,336.50330853339494,1.1334578308529183e-08
8970562.407826828,76217.99647288816,328.3189316136944,6.921376696843427e-06
1684622161431.0312,39079.03332558315,332.63564644853085,1217471.5454502043
62990116.40203066,43382.44783791997,314.9397170254496,4.166908966270044
67110766053.24556,67637.1739421143,327.0214892553435,1.101206976546692
532892486447.1434,49638.21810873438,332.3561605489414,8829.677934226673
2580622.888733426,79814.34169344697,287.12028034409315,7.726791778176946e-09
46730.826186508675,79344.88092774944,331.24125333045896,1.4983195236647058e-08
73735329.90815403,59157.19258142445,282.84788402648667,0.0008937253782592113
6104937763531.99,109812.73717265854,297.55624123545493,3.250716646921144e-07
2795550164008.952,39578.87203302174,280.79553496350917,119374.9061925806
946292768970.1335,55493.27497346604,290.1141780355818,94.94655026150589
454754794055.8399,56397.04138434974,293.21829051888255,40.968881015887405
1040757.3192013622,88126.01706430425,331.4931279482269,1.3239440789228613e-08
319259725582.34033,80186.08244058283,332.3247863274649,0.08098833699377243
18380855852.458714,33389.340435177466,284.9747792817036,13892.725838169814
93187339.76852866,106247.43757171153,291.1613433115546,8.14214115080145e-12
11075121433.310078,83467.60707828426,335.8793492775785,0.0011482787178327743
34570.574147381034,82114.21582571481,307.3186570015399,3.918598593657352e-10
39732.82018869654,84684.4767181114,301.27081190026695,8.490958390930289e-11
2017405.7461418174,83070.40435802675,291.69551181880144,2.6615256182699914e-09
1048801657739.7697,118309.40060760485,281.240859367985,1.0965241548853089e-10
2298513.454203322,68014.16497350115,329.4335611996387,3.803910205729589e-05
24425.88062881461,71976.00163064603,320.5615881304708,4.685687283017443e-08
3854869.2177890744,72909.34888328597,330.6822804654945,1.2142673186547854e-05
5640203185599.931,91867.74834982172,325.4751805784026,0.010475606343860827
10499.163059308803,51199.42021006768,288.7449790628833,5.839628573618656e-06
255291408.89471385,75333.18251400514,332.9297957457926,0.0003808486273113551
20261634.298671626,79176.24117639783,301.77766905284034,4.1763444218848646e-07
9997.597036744392,87340.23494004166,331.04806081828684,1.7059620827016827e-10
174582198.72761753,47110.31432094572,338.61164802396195,9.253714075661067
101818311130.41992,45455.965994315324,299.2278525396963,1199.1594841597512
12736931.016586948,47841.30472246645,317.03087146634863,0.16707613491484058
4099634559395.155,67632.3260617748,323.89873670695187,52.04283835460807
79278848496.7566,95479.19263570412,326.98823741561915,4.614075084349915e-05
256122.55741683743,33287.897251672264,314.7813115097075,0.782521510307241
4751440258.093751,67906.10020951054,346.1237164004971,0.2641666452267498
266397.1110462187,88806.5949178102,308.73664535023653,2.6117257429629055e-10
1767326081.1593413,53869.11270102056,297.5757518178589,0.6410545268791439
29636512737.917942,71561.84755248972,281.9828256064659,0.0016360285217883967
9815794357.008272,57147.60512164325,313.0114295973864,2.8945202279526177
224552887920.3069,34434.196396399515,321.8656036461153,593305.557166024
261327.37586620607,31473.384847450267,325.3585565905739,2.337223524146417
7425785841644.576,107867.80133961832,299.9258570333652,1.23755448958063e-06
8662.077262903782,61294.19483046326,335.5522543623033,2.4885023279903806e-06
2905071.306113738,98073.06456681104,297.38207722675287,1.7529331495367383e-11
42527003.22759398,110368.6626693782,296.01119478102385,1.4752395655394907e-12
469451165199.7888,94956.1710741323,306.27963539061255,3.027705656033609e-05
101581991217.3112,64882.72223249374,341.79420928061063,12.120939416379999
106841.74182183437,109278.02371677238,320.67188187431503,1.6712525973134261e-13
488166.2684828042,40687.39508930328,312.68582668671615,0.08062069690165022
7664546090521.657,47590.003034691945,290.5645530741445,22122.0526794023
5062544.674674137,91018.2952490002,306.27470420279815,1.5264199964588973e-09
135891.85163068154,48306.29177038968,346.1075329374792,0.006821059410145538
926081212272.0221,40676.3688637481,324.5178887367684,273387.9346560996
3578797842787.727,81423.50431432831,337.63288085021907,0.9157815858498807
272119855130.29648,69990.4519723671,327.2942259195417,1.863172314281701
16324972964.844868,75464.17544769793,334.6567065069981,0.02670297373908862
187852255874.94382,110164.55991199051,337.9414334115607,1.8391709808017875e-06
293353627.65821666,45355.906612206265,309.39243119395553,6.437919605283007
85432670860.73138,105941.29349142218,338.82651267287474,4.061306540593731e-06
15911543.1683535,66808.02610944712,286.8804583082894,1.0955574941054381e-05
2607999032.622611,80958.23337454487,317.0894971418034,0.00012188121494664136
1406097208.9719944,95071.76343251715,337.65574727714267,2.7735030307660756e-06
357070627543.49554,60842.55580948395,337.02299202598385,133.95328531473245
46242041318.04814,67147.38777560595,288.278954824072,0.031874867096582916
1573244340985.719,60942.56403369132,348.74488172421127,1159.041769344049
13176590493.85011,111100.73842748164,322.0644113653182,1.2417274635265427e-08
972691329285.0732,76367.19787579091,320.9202116047494,0.3786263990920518
4513944646.670133,94306.46705226108,310.6437014729377,6.331086731667998e-07
2074701722.219367,31253.53919465404,310.954014654229,11634.577421159642
344274293965.92487,44831.38810637318,307.09377854940084,8057.20233329112
78277720.10742435,96794.5290353745,291.6360721209571,3.5277292533928924e-10
6010795617757.295,102929.70624153898,348.83134553163063,0.0023323189118129918
234983558.16270247,79844.30662557148,331.13670348928287,5.9630825489263435e-05
2747684068.1052375,114996.0633163653,336.19294994936865,3.6708013818142773e-09
678147335.5498819,62650.36662008129,285.7111924185202,0.0023780419600321007
11303125.50978587,70990.53558494902,340.37858970617134,0.00015077147225950902
144207129196.82254,97441.13051178996,291.79028642943456,5.402601524596074e-07
48676679.90619836,46049.06331556299,304.061063692864,0.6073421940924187
2811058458235.3843,67682.18645259808,302.96131359060973,6.0168599892485615
3263163466189.562,103590.07106480334,313.6538730582796,1.8912820556473004e-05
1240655864113.4604,67104.7097153179,318.03828490262094,11.935507065373526
282173992995.0196,117558.47111262944,289.4776930085069,1.73721071914497e-10
195518140706.1052,71962.91405507931,343.34803502826026,2.2021406866204893
122628547.46698733,74627.67721943054,323.60989917012483,0.00011475438786518725
728239534188.5687,84040.51872031981,282.40856144617385,0.00021298999623288462
235788.79350476505,90320.53664618345,341.5125781900655,3.6044658529841306e-09
8066773108495.932,54505.44790265092,298.26903163183215,2383.7871290716043
4629315834879.267,51600.882089033264,332.74258231117267,36076.160218107645
150981.1587123053,60998.452067177845,318.56608932432,1.4864806044732105e-05
346805920.30726045,73562.71383037262,345.41433085160975,0.0026192288975188925
2108148020177.7039,92211.57140593312,294.31160512310856,8.990930170407527e-05
2646163808141.5796,115715.01000169775,347.5887215431195,1.084250287646246e-05
958099875409.8738,45729.59016196472,286.2392505752499,4315.52924005556
1054616699773.218,79933.51597686668,294.1303823490214,0.006838060891098964
765976439336.3324,95846.85016652146,342.1819349172308,0.0018417302505443296
47252.329698259644,93904.12240603543,336.61776355228875,1.242455174688472e-10
154522.64805862293,52560.4282155774,345.8773324428132,0.0017997744808282946
180726671.1584356,83418.22278135104,341.9632846997032,3.216144651663437e-05
685980.3433312714,31268.677522729653,318.86981567648155,5.177752187079012
18345058.726734113,104963.8169446366,331.1192103182793,5.084027516631228e-10
576468.892970462,107806.20423817559,286.5515448912245,1.283451728199225e-14
283222051.08036935,39255.377111632915,299.45880202679217,40.881617926927404
2629812759603.8306,60065.419936422004,293.30364332554086,53.967669490269344
7594.861361840893,52923.36238236623,341.0324945900046,5.899701327220157e-05
555822519876.8416,83408.9423222939,327.764704101202,0.028905777614763598
1389667.044636519,75251.15379791812,335.8546081085558,2.856969615788557e-06
5497.67083146662,36990.74948477129,344.94227127641796,0.013978289039370246
230095.79416403198,40273.717603667305,312.0517943100998,0.043377437549366425
5084296.294060444,70174.40779249076,339.5142395837437,8.168348508664679e-05
699868455.8956493,118118.27890900512,302.9961503616529,3.1798819400780654e-12
115225370.74712779,46988.638843193796,287.1959068963598,0.32488352603321996
24316777965.63315,93840.99394810863,334.73518794358876,5.444769334248653e-05
22210.365984587243,106405.40417954003,283.0214840601365,5.296977948625682e-16
6649834.612832101,62479.757702122064,338.5806384247888,0.0015561877836034513
129373360932.00777,67188.6618850462,287.83096032869867,0.0866158407375471
22709602.402016014,96280.3954111679,311.80076497737343,1.6588968793574352e-09
5027171.710972401,88922.2939469928,331.19004999876637,4.716901936455496e-08
2084848068.0847924,60898.49223945252,318.99033738460224,0.23011629027866998
2001.5354781092115,76089.74523755358,348.73176771222194,7.977546230214449e-09
26334812.648767304,54208.482286684935,297.29013329303814,0.007794714649781962
1153819822869.403,99374.68202221752,321.64121719862146,8.697989570602271e-05
176750.23287343944,106834.12696914624,347.0721263530434,1.4800928988599638e-11
21690079.317565497,70864.8508765086,347.4006507919852,0.0004964983553404996
194617631417.14136,109518.61425104899,301.88147593084653,2.2398332111012896e-08
2515901592.9556646,87369.00666316069,343.52389441305786,0.00012873841968120644
1618470.7935661701,30909.559068328283,288.3717980957328,4.197801857186229
212585677.64771718,98498.0365269344,294.60704638208057,7.53412757349998e-10
1065254705217.9437,80490.28955667246,347.1869842711416,0.8645408355518559
610702658236.069,113307.23970403682,311.9118892697565,6.37908298834535e-08
13548855.007384654,92635.13494247494,309.4796818546531,3.2854484524602113e-09
373759654.9930814,98017.8036120346,328.83939320636466,1.0134353169275489e-07
7170713.249373557,67794.01004699041,348.74457873682377,0.0005167202891886957
149462977.5801654,37406.875039675004,280.32552000458094,16.33193905972766
4438589.34975809,90457.37946240447,325.9712798038906,1.421053208694849e-08
2164149557.729608,62676.80777781615,335.0723717961989,0.3640543092241039
588336.0537107793,78091.28373586359,294.4735951883022,8.2000245108584e-09
11668191.798881777,78663.79644179951,317.3380442002813,1.314568960305708e-06
1662446.2693299188,54494.70934246491,342.4436536959891,0.008186968635928252
1057558349211.8871,91524.19568002735,326.6888491494271,0.0024922838592325437
10577340.396386037,101366.36170110798,345.7211463059481,5.208690104916326e-09
1046612840621.6512,93319.42557365177,319.5338507816342,0.0005994264932274108
2443923100438.49,99756.80944712924,307.80895392960645,2.9455509905763997e-05
85730758052.8064,96346.42873610886,317.93637796046403,1.2637236555280516e-05
13356308.105630232,58463.08010693606,315.31056422576046,0.002854726434106307
1861.7311219153794,75566.2819577896,289.1979629877182,4.1395892683523827e-11
2136317694782.5151,41821.445963558894,348.69543972997246,1148793.1295621013
1038.7204953873081,41408.883271971354,301.3855723570419,6.909905259577685e-05
100688524.06865448,94522.01289685455,334.68320175547456,1.8000777270104327e-07
8031599.190063362,75180.28522529725,306.5044336121036,1.215973080766167e-06
796170.64631083,46157.30434140262,318.41036400519,0.02109993218156026
7105410.732849704,80007.99251779189,331.5632076343454,1.7388685104247247e-06
1987768819.7477384,101809.07238724813,311.7500803906178,1.7698760549468666e-08
915277.6453921802,86920.33550737979,321.883443343017,7.132835832762836e-09
198477953.3292112,62320.548744709886,349.00163985474313,0.09252356577477519
1725723.8605086508,104153.20318580675,349.66516016771334,4.7513290357956e-10
779481043.7835431,106544.4068518889,286.55226302577626,2.9648766653927977e-11
8803304.044284413,109249.97478827636,288.0849256249487,1.3839070221379788e-13
4876448704404.807,72271.25970909063,321.6514104178566,9.165994983072071
3279.3058589194584,107021.21505572878,285.28143804217524,8.693747172790354e-17
248792.99297034202,115227.86402362249,342.7147585615398,7.067585636827172e-13
3950.920106027224,73722.60054109248,336.35898344775194,1.3926134619714245e-08
5204974.365914725,97613.07851132246,326.74690352035327,1.3136348364419163e-09
288685360381.81793,79235.08189511427,287.04283430601646,0.0011200858499380594
11187754.889410425,100372.91207007438,282.36485039216933,3.073380711396819e-12
4583.945511344873,90477.4078931635,298.21887130769323,6.751356324882245e-13
31977813.430393595,112909.6575406264,291.3181449777657,1.845803848219932e-13
24068.103031240673,85327.89165222339,295.81775210363435,2.127896165874213e-11
2273051266846.5156,55673.46729667037,348.70172450772407,10554.60896462251
18247.020565837418,102255.27328430927,327.75572616298746,9.627011310417207e-13
1633789.7099338458,60336.84754540004,302.78981176431694,6.516432333080853e-05
2881231913428.33,111734.33859046832,343.11320874255944,2.9026093168953597e-05
1132780480659.948,80640.58004698076,335.5686796271428,0.33042179591546494
4427829865.815037,99190.66956285913,334.70158091676154,1.5121097326927764e-06
164308.03059829492,111224.25433339407,295.182538485018,3.559731390537914e-15
55520.74292670586,82560.31041377828,322.4905494497465,2.314625100307953e-09
1501237259.0325234,41396.83736048971,297.08268209473806,80.29907654735884
1428768607.379126,97954.4888009578,320.8672720831886,1.6942204728537327e-07
6671201.405248547,34437.89340489465,346.3065929660044,42.20978733762778
3534322847.0574384,99958.41908200167,298.2439186377829,1.0993515442056182e-08
4614646.908514043,48211.75215012885,297.4447177014435,0.01652204724594113
65274156620.39395,53072.44834071504,347.6692359541108,713.4609922011748
5755944.148295352,60185.040787874066,307.8303946229968,0.0003470235958581031
8130606890.518077,64488.96502845387,324.5489518201838,0.34115259644736173
3577124810.803108,92200.40661051554,284.25986311278024,4.219479705206883e-08
106376620.80282597,105391.859347505,338.6823611078625,5.87189222670512e-09
1018423.1359232549,60168.58422582549,314.3812114830293,0.00010181186002763756
561343959259.3806,100218.68453821728,288.25070336794226,3.82740885011551e-07
26976788990.26569,112079.1666241814,313.68831720364994,5.759757735508185e-09
117916512.91364595,102856.09902147949,338.64102347113,1.6696022144828036e-08
259884074725.79782,86022.48331167107,299.5649306243339,0.0002713033774229449
3491601696.3912263,108676.50372666148,308.7759977264582,1.4195587088284935e-09
5357997980940.391,104992.05839977521,321.2916421787617,4.5691503071339726e-05
1361.175859913309,77579.15534628008,313.7092546295672,1.7202647415563209e-10
2817.3434069567666,68885.76869250103,286.3889278530952,7.614733105724256e-10
17013203.007964537,105275.03869721867,287.9658104698461,1.4046136292341866e-12
1871.3192085311468,98167.51450550537,337.2286941750701,1.1743782961719472e-12
275243.3509282046,50915.669200516815,322.70527261223623,0.0015656632345772564
625334197.0332611,94348.8085527083,322.3745910250214,3.185489831263449e-07
32991246171.096867,37321.19988203964,290.0411031522872,6217.38530558347
7310384445.540182,71451.39625006053,285.8208929594634,0.0006550137357800158
1124145.6223637948,77285.22926489526,334.2518687348305,9.547639913515986e-07
1797376211157.528,55838.07328501727,297.6547608033442,291.952957852521
3575639977190.627,91064.45643454742,324.42437348231095,0.007812162625762837
1380.1178437966712,42047.34709048178,348.7846108443388,0.0007218553408889051
1594155.5250766305,40447.956621968595,318.164812935391,0.3643973092665457
972219316540.7015,91322.26595291834,311.05283478091764,0.00046983261428555764
1386160120994.4453,30974.39320363386,295.50428950246584,4562131.26349156
320827555.50060135,118840.37810025524,295.17799221058823,3.1255078022405437e-13
28603.225194920604,119922.04732140238,299.54104269476954,3.483123729746644e-17
7926066.726461333,52918.672507603624,295.1996148328022,0.003444715639122427
136980594.25487515,105860.80920511708,347.62318684469403,1.729099588480529e-08
6360244215055.707,37788.211018186594,322.39169764656197,4862685.945607913
504711.6322337346,80566.02735604567,322.827367745447,4.687504357104676e-08
1932.0557467117842,67597.56126790866,304.10051207534974,4.73876023245676e-09
39627.00576984223,70187.65791997171,309.0340883309219,5.342602683387573e-08
384870.8652110073,98102.2497337144,296.63721766749114,2.0497964041886927e-12
282210332.7449065,91951.72759869823,340.77852217387806,2.2356795052839243e-06
12480617.048212094,80298.81205919938,318.1718889194123,8.530939773638392e-07
28213.262635850453,43361.96931545078,344.67832462042804,0.007592571394485909
1714879.3341999184,95815.50705937805,289.09940980584884,8.583826956236506e-12
480061388243.01434,65458.155515763356,342.10335949586624,50.480943362100405
2809.143381984421,44845.849637145686,292.92929308936954,2.9230857262537412e-05
19012.812766337887,79314.18013979976,348.1113528254008,2.4988636339890167e-08
3124888144603.2456,106118.97171599392,322.4656924404548,2.0312363295513953e-05
6905819667.540882,81033.66776892917,298.36425995210436,4.4528951921530836e-05
717881001.5051417,52527.86565207097,319.6727301437811,1.902790544739339
1286407987951.773,75229.67192939228,298.5793466257435,0.08966633335422554
6549.622161767981,70274.25348474056,304.8374676253805,5.8321284879236934e-09
9616.55541155706,99056.44538403123,281.0585589876011,3.673924819544884e-15
5619022.394236545,69778.18768435105,288.6388712988226,1.308880042433181e-06
66402894.8148467,93431.06725395528,302.50656945227576,5.124588301505883e-09
1675.0553867701967,59389.05243716741,292.76044565396774,4.3207970250207414e-08
101996964.88695547,75900.60213175221,295.9011075344954,4.181958969258668e-06
27489.962702238776,44845.60747338918,331.39684531289646,0.0023371637815299334
3246269.177218521,55307.44094244614,302.8512911653377,0.0009228793209786177
30105.45006113838,42808.12355172987,335.8564986580364,0.006823439704019581
8096.108920951466,44901.034657544806,300.46057564271626,0.00013238059914929133
2899806604.621244,108352.29331275578,304.66839234945274,7.572582247016314e-10
2348536724.6653748,112201.64470136061,308.78652828205253,2.4249892659764094e-10
47697.329472325124,34432.23918778857,290.7230045501709,0.03081519578057167
12184.469082841437,56839.85311947095,312.4321033695232,3.8031687812269777e-06
126610820.54949273,63553.765104197446,341.78540210855886,0.024070216917655957
31619.476122567157,117364.07902772311,327.29298109664273,6.0131353003121655e-15
3372.8302915615805,79330.70027557891,300.12766568822525,5.5084979988017337e-11
228877896.3465385,49564.96176714341,348.8644345326012,8.660128796609474
103571720331.94514,59767.979861690066,310.2623808212507,8.84393747490633
4962884730.478732,61111.989750777524,304.71290747349485,0.16242014391922815
2427236466.7252574,112098.54509944693,292.9460586054562,2.46282983223842e-11
106065634636.39883,50774.048746719054,339.5514373474143,1709.2009203177715
23504505439.87629,66580.59108689667,343.140128655095,1.717386426288011
4104.542462703216,67621.2958863553,288.0732330327705,2.3573232748635757e-09
201858092.70508647,35193.674527097864,347.85140123893575,1079.3769866798675
270400.51047941647,101095.62114412885,312.3594711647145,3.5132645670827605e-12
8749080.182393448,58974.29100331015,336.0275740536594,0.005859679457590825
751558357.6098497,38250.58280448734,319.27902983891374,414.0688085218144
183698099959.48334,97821.38614370294,336.70223070963266,0.0001245174040446989
32562.281170252165,107499.80893803047,284.4771557032158,5.891513707795972e-16
3889844.8018683335,109679.85957735109,291.9916138775227,9.627135449257949e-14
1222.771428866453,61163.42884879446,291.62177303013675,1.361197291222808e-08
586986.8129267108,101122.28218581388,337.7726467306782,1.3278872432550832e-10
13761.844362914106,100368.62657726361,307.1437502844564,1.1509793014971216e-13
72117725954.19534,34400.96461588126,326.68510437127105,234989.83567340512
11336.521916868965,72547.93181181818,280.04811145857354,3.4395660161503207e-10
4398221347172.472,90467.05810592217,330.71455227879613,0.02225566717574899
5642220.574620698,80541.7682027457,334.5791685986243,1.5414516921995712e-06
72258.34469501629,64508.5253658346,316.4335635085773,1.6484374703263293e-06
292877728420.5558,32318.628198335467,302.67092738741513,766632.0832355691
1134655874.5063822,86251.37878425617,342.02956446943784,7.753279084192053e-05
176728.49285976295,44404.87760932717,283.9891519909066,0.0011945659973458737
458554.5503243332,66904.74318576898,290.61484792005524,4.429300461416912e-07
2600.5250645895867,77779.9915114517,317.63286732259587,4.224469478208042e-10
166123.6482551048,40316.19987638938,299.8319339105079,0.01639220838946886
127468271979.3085,56764.33273247711,299.91125237503934,17.205129115267468
30087741665.080772,91014.98671364613,346.9493691448919,0.000598916165895051
129125.30088262193,31415.640428345083,328.3194279274325,1.3210816462346873
19506.404319856305,70416.37475530803,339.349112092111,2.8254078486907044e-07
1767112040871.3376,85621.00670667709,312.5373450996029,0.008929968992470595
909812756.6690761,46330.04655675588,312.35681742855905,16.530881579648977
130568516.01405467,62600.95826004944,348.8103241226629,0.0572284546549292
1154133988.8612294,72757.89282791741,329.69747572780767,0.0034513119349819116
2385.7948618052355,97941.63078111476,314.4838066366969,1.2884722414094872e-13
6893498458.171185,117922.89109477139,338.6232000554099,4.527462256303292e-09
4531123600308.064,48393.719089550286,312.0241392546984,37477.28947704208
3877614167.709833,102634.03025792196,316.50566366523026,4.3962145354197326e-08
1465.8133775589974,78982.76680093833,338.5751823333939,9.88345516264573e-10
10688575463.355288,86944.19646232367,317.8150045428867,5.69195420170924e-05
37422212.44667421,111938.43501244234,282.48822088274284,7.48589580381539e-14
1513837.5112245549,75620.62876480677,339.0129200123729,3.315203266076894e-06
4638678805.002048,97579.76941976255,329.6042105520739,1.5619198939767034e-06
2774011.0682519637,87006.77923871932,335.8645951097335,8.281221483322465e-08
1463839698.3264353,94453.36641804298,294.38542117436594,2.5159949286211614e-08
31056140.13094883,98217.51644674398,344.3174761960102,4.0258614755812104e-08
41166132.67301725,108767.71514197403,334.83965131731713,4.521910548091571e-10
2171333.6998874634,95304.94127876194,293.6876015436264,2.415050981311643e-11
12896231.352808105,47805.19197126843,336.6936734643953,0.49396840199440334
46828.16899665452,99270.70606594751,280.55622496606776,1.540090952510516e-14
129221406889.57333,83998.91221818139,321.11465816431206,0.0028039849141848344
23520277481.503796,67082.44202900364,308.76984020948265,0.107730678866331
170727048085.90622,70871.57600865912,338.69131343184256,1.9725949051857259
338920309.85141635,109420.57473265797,338.4277568548074,4.374739941669454e-09
569055931.634069,64312.94434918715,312.11838252428464,0.009873035967074275
6049733.874139758,112447.91974579045,297.5228231720277,1.1356433377474516e-13
334673845100.1263,105161.51148938385,340.9514929259309,2.7142826975547556e-05
115975236.13324106,86059.93899183131,328.39006636416764,2.3296187323537776e-06
49746249.617519766,97088.1935557762,333.63030725161127,3.181071887052147e-08
1653096.3574846426,85537.90840970274,296.81361535149546,1.5213454523382416e-09
212043.37468901015,71694.67595147972,283.76339669464755,1.3935428698810282e-08
18810710.56737436,33343.47326216867,313.3945538249705,53.15448376142514
2172499315106.3694,73125.69344148235,328.7991684838264,5.175548809857291
21499.377746343933,116914.32371382584,296.91645801919157,5.800690525594148e-17
6802073.873854004,110895.17240137092,332.0725403365799,2.456316876879297e-11
1229928666264.5388,30108.03735547516,344.3002177407799,33080281.066806667
125623.53201847745,73769.74373835372,292.541251061753,8.490566947961857e-09
7414112014.769764,112537.94071367802,331.13624923938124,1.297577832692663e-08
16438890577.490152,76827.76561162467,325.07455141110785,0.007658188648968114
3600765577.005334,41876.913686899745,346.4868384907079,1787.823359763935
2398527905726.338,118118.90020134978,318.54845446717724,1.0504311537724709e-07
38520634578.4298,82330.45501159938,281.1361722513882,1.9400619708321846e-05
155627.68534222705,54695.36565074897,281.2166107174363,1.117226686075963e-05
1302732856204.4426,51629.95831765522,315.3452207854176,3589.501559857309
36777588.76086182,81816.93056318577,318.7686348448574,1.43708767851507e-06
3759.3679770206495,82498.54065873782,302.13724651470164,2.0534542797365088e-11
919903371700.5801,45596.24561565812,302.5126403042273,12300.744807921415
4264267413222.216,51099.325206238114,315.4079657030645,14791.495631554368
439828760.6727873,103459.90464757512,309.21723740450363,1.4448640399376681e-09
8784628163.849365,95223.15431398804,309.8403476213592,8.026659000034577e-07
87682.66425815377,73570.04045648486,328.5318011440314,1.8082808301568834e-07
203753245116.1006,115578.7690643385,286.52870160190065,1.7947387914220842e-10
1004361615.9953448,86693.8819296821,319.3321375680587,6.5803044246292314e-06
2632460077.1633244,103050.14385147314,288.9216600278963,6.419803213644759e-10
3275696861.3872514,59804.64526183371,340.93400103994225,2.2443329482040206
8934148.535851762,69119.0196576869,290.7629170420289,3.4797619622380277e-06
128718117847.40532,47834.010782867925,315.2752997468866,1578.2067231590731
762734370297.6841,31080.1854531351,315.0591918626848,5283320.445156941
34589.88141402484,50646.587428534214,305.6600165906807,7.528493695210698e-05
2619171522249.488,32444.35336589358,289.3519463511315,3715286.677550721
97291294204.67032,111076.3013774305,296.67726245177556,2.822793233547761e-09
1662068488.6777177,52308.21027783255,292.8125473809018,0.774333232713046
66899212155.70212,51494.41455250367,337.2566320347782,723.3316885033826
429682.49243994674,97788.6483029374,332.8239149899374,1.9570284628093727e-10
445813004548.76544,63515.02355175022,319.33433961482075,18.38744913901227
4288181571459.7236,53083.552155200705,324.47414677686004,12761.818343255054
113051.02999642814,36928.9159429636,284.15590774404524,0.01845921746163215
917517548.4510155,50007.27732240908,287.08637027891507,0.7375321937177519
33098.91148785844,50941.015430464315,325.1548157287144,0.0002248858393148586
4913414.683673058,73833.69908945674,309.48240523194954,1.6734069727162073e-06
304648.5930621464,62717.479896662524,305.8121057592618,5.987641281580738e-06
328902.31293494185,49872.26151377077,340.02323798225353,0.007462282643167035
1176746.565672347,87647.53788691954,315.26397381582086,3.5289120184523875e-09
3592739288.2470045,88245.86725347812,282.6427096489882,1.8203701155697956e-07
2826856005890.6313,34359.677702482884,290.84618333095244,1872832.9949919498
808732747373.4559,90454.42669626464,316.0656883389482,0.0009350616664279491
4202043.487141713,50458.25766450552,298.48340861127514,0.006310077714706839
233140686957.152,92056.98556551526,283.6177845583713,2.6997236140027923e-06
2739.365319110942,33933.43574978915,335.03851593926004,0.013888829115561007
316373563.23121536,50479.32650543832,289.1289305677363,0.24892039418657788
2087454083050.5042,111746.68193450535,339.0967844231207,1.2783367534612243e-05
266954323367.25717,73917.74081446578,328.95863147970266,0.4923799726843736
8785084296.37305,115749.87578231607,331.13716569688245,5.0327891398102334e-09
897969254.7764735,38055.16131387739,336.72448152431105,1140.2848008025353
219566382608.8679,89777.78206943945,315.6618574207677,0.0003052878839570766
10620333.69498855,96747.43394925182,303.7919120517772,2.4319963973862457e-10
1310102345819.987,68734.75040547253,347.88507369760885,61.65523757460569
8305.029492243986,89135.18754307608,347.91799213598796,3.607851159539063e-10
2271553159.2831693,76990.62969859454,287.7517031213036,2.4697824486071525e-05
27112909589.462845,75842.24283679485,322.9309644800726,0.014621606330571576
212478.13155566683,49474.01035325331,284.59494427096604,0.00017613898025969617
888798290637.8865,87620.91971482788,307.3529736403697,0.0011747797215550361
324123.7018951928,117373.87023385262,344.6634500500339,5.44453997140112e-13
784117407594.3553,96067.3107586648,298.53690718326914,1.2000150267172566e-05
9751630432.891674,92850.95431523389,334.9167120445422,3.2923029719819626e-05
5625041588.897786,34759.454085672136,285.72290781542546,2531.2012734437226
14784.581155925913,68872.08547662053,336.796036947269,3.2102986953708523e-07
715304268.1975272,100754.33788182653,290.6512927140108,5.54443101514483e-10
48043.2298161778,69462.21155354835,316.80052014888093,1.727453475765337e-07
570473355314.5763,85238.7647055905,292.60090868290615,0.0003528137145106924
349285.62854082725,69078.99167931546,335.8439495278355,6.2330049752106124e-06
2239634248618.3394,102245.49665373481,339.9433796118744,0.0004465386342824251
223147196.55893958,95095.76499660066,332.0210877235176,2.4877159499235324e-07
6719411072684.669,30157.265859662733,318.8356274089318,76965295.85020873
728085300071.0173,103554.75869847086,307.5071839823453,1.862416735433288e-06
166689.51983368667,105686.10679503156,313.6141667421786,4.2977796640687203e-13
10473215208.220104,40643.72006124274,318.7416321526845,2328.996699699642
3573326916.651918,50959.010549630824,347.5738413640937,77.5531306626541
39032645835.98308,66121.40832177759,317.0381766159368,0.5031112085601598
14740755857.073086,32944.37069367212,347.4274658387688,163711.5255357133
2967815.4267749274,119995.85355610392,296.1403034910176,2.0650780492122537e-15
3843.471056118947,116712.99143764719,292.47888051705064,5.492944959925485e-18
2736567346781.244,32199.38134919308,294.20210467549487,5295009.133715923
95565882.42076558,80419.95487496033,333.9787662314834,2.5531889059558802e-05
11662.003556584918,74996.66312061858,313.34965683456124,3.66752393586798e-09
2391455802.722917,103786.53277879184,348.09850377153145,6.306665632599196e-07
3570730939.40576,62586.25844647414,302.5802205743624,0.05652523103523913
190775.79295659426,107734.06105571694,287.40213219598127,4.922548548384701e-15
8205.509996691637,51790.99745748937,302.61025091963285,9.540521626017206e-06
5377059.002396655,62340.15978528132,317.2780770581971,0.0003058420159848715
2267017.9085084884,77288.24124919248,297.7544889272715,6.408817655899454e-08
233325071675.01758,90926.56904624382,332.16814721725297,0.0012252372402538887
6082452422.59838,105353.46030061842,309.7079134644656,1.0738094266534107e-08
1028496131.597422,67317.5940898995,339.2052821495064,0.044919366790520575
56195344916.63916,111132.11384757425,281.3204982754582,1.3528292351076527e-10
10251718901.048859,87810.10240631248,297.53609473363497,3.889213996312265e-06
761137221.1580178,79533.4700409103,316.7901958710784,5.973814512350628e-05
3966340.523663483,115497.22996978201,317.56110897075547,4.017438414768576e-13
222685978614.13736,68868.68416277872,340.92351838326044,6.464720068242293
38966353.366278335,72592.42430157197,295.2439675309984,5.627784224685947e-06
44693.467660961345,105227.47983557601,335.78885585611147,1.935190683147422e-12
820109.1767033489,60994.065436256875,343.4700099315211,0.0004376460029107846
1571.7671239702283,70330.98153431172,349.59907307808857,4.880840583987323e-08
3082091611937.884,47748.76799057443,339.9615378033901,148187.60297127228
91343363297.53792,78700.94716673231,286.5537556292643,0.000429719443293995
1576386.1846914138,85271.5314410702,301.9846059165333,2.9115569337661777e-09
15463490.666908016,82945.21792199968,345.0808481129299,4.395923893920532e-06
67621411.01752324,80378.03187816829,288.29708904238584,1.8763601148679692e-07
706422.6811967363,78492.2486365589,332.65189173455894,3.3692549412266e-07
224111.35022973787,65688.49013897734,320.98709362758376,4.57561623713524e-06
13333418607.15759,51783.016349142155,294.85935831317477,9.2027828883031
162503586.18662593,119563.9806224661,303.06539208970327,4.183290720125951e-13
162510.6797581795,93590.43593285604,281.91803689304203,7.438288526871248e-13
1332.7819998891903,98260.87397642864,306.74044837140457,2.4463625161996245e-14
80642367.28634532,58201.321256867814,312.61940889588413,0.015627076832625698
3382.0700792920993,91775.91785425143,335.7342326723983,1.7978938403655334e-11
1045950996459.238,43225.71469852858,337.4782999971996,220557.10189221913
30878.9043499886,56627.26377795182,344.26899543759873,8.066137048320205e-05
3603316.562562482,39794.566391245375,280.9952510036289,0.1484176637042385
3049452864966.095,30101.559553305044,349.6656708368251,98182373.40672399
149400.18473701846,91673.61012747248,288.02400969764665,3.522194276957934e-12
2644318.8439241326,113918.2542008639,308.30103492719667,1.3365016316550304e-13
2051850.887632664,93580.02675151758,335.381741712471,5.635175797784762e-09
261809.7712320368,54905.50431100461,295.1715133027716,4.998433352748068e-05
21363.25913632768,87259.48792391649,281.56729386999433,1.4496468350237155e-12
2550556.9004965033,96344.52306993987,341.78947984359473,5.004730370149008e-09
311048273834.2073,119531.53946835449,338.4067210271876,1.1007734777107658e-07
250163796864.63824,79171.55529229944,310.94646681913775,0.012957394577407615
260244.86033446057,91555.40872060969,307.0721926442384,7.136265570051049e-11
47522004.13988059,97849.50457156257,307.41565614044384,1.15204857673099e-09
454367.631284044,59379.054068030055,314.26047399129163,6.014705034044383e-05
3839.3417586627756,93975.0715139941,321.1691869828355,2.0203599466284325e-12
5770.167038813697,97697.06368743835,321.8669979038793,8.15481153888282e-13
139265933.8826228,101147.28443902833,341.4073223813997,4.7171630818210734e-08
11456457418.067741,62718.01766822323,281.10087434005595,0.02507620165029069
23612.102966670638,81616.05922782281,284.9948536095228,2.6902431720909543e-11
97732572.66905913,69489.17463495384,292.5445611719508,3.748304872978404e-05
5070524.402036162,53209.6332284049,292.4355611364199,0.0016376361168214005
1699835559.3348858,44379.22983253785,311.85635743466855,61.9946146586596
118981401.98877676,30149.077420611087,305.7366691160653,874.9080896889018
1700.033474371105,67570.05269754474,312.488748647737,8.567632751090661e-09
755273602757.3749,78984.39228793493,331.1926376513473,0.2602520129669222
4914187187084.753,44978.041579351135,336.0452584871477,513520.7127647716
103056.10295941793,52616.77277568783,303.78982345300216,9.678568395397023e-05
404663.2408537324,62702.40965029373,297.79666903657886,4.04445596508331e-06
4026750.234891438,40965.707090793636,282.4289410144218,0.10496204322428504
7998.666016386626,76295.13303811307,303.4331545951433,6.092847915318547e-10
141314557.52267554,59828.214393210525,285.3374818536733,0.001651205663996453
138899.9726041012,77438.36963418534,293.58960117893827,2.4082961684740835e-09
4912235.107339668,72256.572201682,316.3595776351678,5.991137059025897e-06
13834870.910588581,50153.748401505756,283.77156692469083,0.0082910937994413
9571881.561442342,105777.17182160637,330.8725684458406,1.9276292285804257e-10
208541.30912795386,117932.85867347625,326.40903952915767,2.7433887364516718e-14
19029406783.799355,81363.61804172916,337.00058117544455,0.004776287847108598
8053585560.291662,55980.60376759037,347.3048618986607,31.817928271417824
1617431296.3873045,119493.3280255044,339.0417677280583,6.402271765455595e-10
20819.4058274129,106087.39560613409,336.8074653899145,7.53359680763954e-13
6942527650.441475,89941.69457415494,344.3258963963591,0.0001602753543108877
573325850828.8138,30335.43578055073,327.63332708352027,8507958.48556085
861178.4878337057,78633.65797877402,336.48171389672166,5.236105008353057e-07
791903778930.1406,55125.71243716726,287.3463156043277,74.64868295356698
10557675945.712284,101092.44073622565,343.57809318421755,4.527667750399601e-06
67805800.95957491,82837.93046901166,334.08802563878567,7.495471583002583e-06
6376.110909561025,35348.31888853404,349.3589531909828,0.03240042914610325
54948838.501786985,102687.448294497,286.6473053975259,1.0514722928643712e-11
554673373.1283096,30820.906660451594,314.9534377753347,4261.251310389796
1158009945098.2883,64076.46360867269,334.8352024362421,115.17976965474219
2700927576.5670686,68383.26238039398,318.4987908003155,0.01649782535716051
15864987.181576638,74108.56514199551,341.04160610857673,7.217413436379135e-05
425558.94527713134,55456.894714098366,349.0205290329894,0.002133690249173006
72216920768.15814,60248.02439587306,297.750117718775,1.9088856077651795
838188466.3586507,79243.61737616804,322.08316085502963,0.00011616280280788079
128506181.99505922,111061.59804547984,325.1658971405151,1.9293592951031414e-10
1130982619612.1128,32015.355606288205,309.16299359778066,4493826.332650735
186780674.66875008,78577.80489990934,300.41069889871756,4.110913328009634e-06
2550250997895.599,33444.833133178596,301.431097133291,4204366.317281887
4204208.044886881,105196.45233744179,303.11289046405966,3.270537203843192e-12
1129234052447.6997,56007.03964722896,336.748521719608,2375.868371183873
29701499855.699993,78204.10339191563,316.87648371749833,0.0038804642464788015
4853643346.059196,95001.55051047614,319.29520680189046,1.3678732501300825e-06
115171398343.15195,57067.5733937753,308.0295917099237,24.12195830690796
1453732166832.8445,100075.10438594026,303.84628487944576,9.446621108156437e-06
86261890.76436621,86207.0743170593,288.17137861648797,2.0557435362568456e-08
27864474635.20812,55156.00333612171,318.18759859571367,25.16229276103703
74116917486.87872,93884.22102609111,298.10271812065434,2.645176710979597e-06
626177957333.1484,54776.25934204926,302.559935350764,225.52464262577905
1689542828.710441,110311.22637894217,305.70221349581874,2.4583551786676836e-10
3026464700444.2144,62886.95812921813,311.0897364159097,85.31112287118364
1042708.5687469624,102151.52440300872,298.7213126438722,1.4121969288745514e-12
971569490.7330242,82522.38255569065,323.63751714751766,4.881614593960137e-05
1084570876919.1826,99828.8201742936,281.4355032293106,3.2786593043726624e-07
112847.2241597133,46960.80049090978,345.9982077485093,0.009072038653220723
259897564.34236974,60108.21651552713,314.4717273987459,0.02810463073858608
2637459100.323238,30454.161353531923,347.2120458101718,72035.38657500235
8164892693.991119,117120.98219225183,322.5540939593262,9.179161676218111e-10
228279729684.9568,67646.56909224865,327.4328724263719,3.719710993338385
2755.149716557039,109109.36792213733,333.85050058011274,2.4354146201571512e-14
14588545232.412022,109436.79355420549,282.05813636621673,8.118392781870652e-11
119770.40887980374,84499.44561336856,326.12442676442834,3.42916770073925e-09
9544504640388.484,42467.85046315707,343.1712123711288,3390295.1094497796
67866116095.83182,56848.30918169451,336.8419682385089,102.06563856963133
51459546679.01397,86780.5234471924,288.2599617093531,9.811834848205213e-06
8180293768.961324,81091.315807809,296.93607157997263,4.390952337248203e-05
3415503.167110904,75202.93619357614,326.8425234534707,3.221484154704298e-06
16042354223.88687,111712.01905808924,291.35899517748214,1.531587368006174e-10
5792.004646387556,50679.92444716016,345.65937127505924,0.00012933487407442023
51371084135.383896,44643.23017246235,298.66315057376806,830.835092675136
8813202649070.537,104828.93073749387,349.4946225312345,0.0019045277272734047
2011.2951175749677,117434.36885052334,290.98121375348376,1.742239815721749e-18
2103298372695.284,53757.484448654424,349.189378672462,20021.88256715508
69141.48497846602,55717.19986245918,347.30279280009484,0.0003017391723827516
929778.4372455112,71034.7986011218,326.9019554379608,4.348992312586718e-06
1206383.329172523,108358.40589044619,286.260301785639,2.019158902961217e-14
6450384460431.91,94807.33125664004,341.2517567293996,0.02002755130009963
1069848865372.0728,88440.89008244395,320.00695266629407,0.00391372119228045
8785277667830.051,41042.7708146496,290.9695422901734,380944.4121713854
50655905276.035835,63783.111012821115,308.8273518091572,0.8328076409469042
70478.21346217177,118540.90966231459,319.94900576124655,3.1419505217076788e-15
689730.2839788758,96817.8962860402,301.81353856679954,1.2399583728089775e-11
75024662.28336124,37848.112541302515,324.2427018346734,60.798912156061874
8185680.633944363,57966.89264488813,311.5024306398284,0.0015796013871518704
3469174694.541338,58327.344457215244,303.7020862766121,0.3378652118144169
3927892.131864172,89714.597124397,308.26485368799814,2.441083513559067e-09
170780.22848517683,70643.66303330135,300.5102926124762,9.050459909787291e-08
221444177.96359646,32042.31570118555,281.0620070737931,245.51530542936882
3436.1002810942905,53992.24359850228,319.0629664489059,5.017998504868377e-06
480607217.99043196,61517.34966372355,341.8597263557507,0.19046619733696543
10385502.319891417,92348.48305276493,320.76630755108476,9.472728789866387e-09
55812060537.49647,30599.18999881646,338.06472546121796,1023035.5390832927
131022702.04069659,76949.57566530006,315.0200000502492,2.266182511118204e-05
14292770958.97344,97272.40069921271,339.9663526868587,1.6521780927785562e-05
5258396830.456304,46203.64935611731,299.18174283054765,45.92967899614789
226691.40779229955,109217.57802398296,318.65000944192695,2.8788988079703797e-13
11708667.164165962,77922.09181565137,344.49290665891596,1.838019408118471e-05
55902991.81935099,41056.516229970235,345.02854374483826,33.61860524196973
5414876854633.609,80378.01929037616,328.8478648019418,0.9541812971136939
144917147.29648173,102629.91946407904,318.9729545363443,2.371210406653491e-09
36511917660.87069,39743.298506566374,309.28364547828545,7160.138913909486
189539282661.72958,73338.52487246685,311.8567392052661,0.09924810713134513
3537195385.4319673,40047.3020080769,286.14277978746486,174.1381535491466
1082943.8568780778,104198.24654311953,281.3003530717425,5.0660026312366645e-14
133629425.39800721,116436.88498708249,293.6467238212519,2.668981875178954e-13
1152.0295545873612,53267.61140898788,298.249328896506,5.639841646015529e-07
165089272.01630068,32326.955484084952,295.6557015786699,336.7978475824749
871602.3024434786,30313.387056937034,325.82050782927973,12.620648018574773
13182843.277134875,65926.92429242402,307.87158163140566,8.540772176435971e-05
1053207627532.6765,47598.8488103813,280.3745482866877,1490.8695957685577
100528473888.13466,58816.201237939735,280.4246012937625,1.0930078787950235
5478.177936238211,89130.56101252572,327.44642011170697,3.413585103990553e-11
599215.6128992523,91693.87889621855,293.82572270402744,3.113321979290041e-11
9428710238.299597,44134.251015510665,285.1150977095218,78.03782847959867
64516469.85573486,38430.09612824938,326.2993008406034,46.95258654868107
32215000212.883057,100941.98788878032,343.7420671182389,1.4808896387963074e-05
92785.11402998796,115915.97917699695,305.7750077227069,1.5166160702080902e-15
6411313204.665485,54825.52247245067,343.6753389222299,29.182223510675822
329550766.902058,69273.69136555115,297.23394527628597,0.00022528506871556688
1555477853.3018847,74241.17349383843,296.13851101479077,0.00012358642276382665
679681280799.6656,31651.52140220126,283.5707437003205,1012155.9036590741
948060703473.7782,38836.18554518685,288.6266649461186,87928.18612670629
806993445.0932324,109306.79724588513,334.1014520310314,6.625669667812936e-09
7623562.4811115125,90147.83326147094,327.23304480949076,3.1672682814716417e-08
39496180.3033213,58360.05155788233,287.3960036194909,0.00101574055415669
4338.535316546938,54102.00240611237,286.67325450218624,6.089231143605913e-07
1477.6429161932965,91813.02633926984,329.49076389056916,4.305095760942811e-12
22723166241.11912,33711.66147307998,282.6291529608706,13946.311822023115
167241066921.93817,32554.154723064377,301.33857100022067,379866.22582431976
1125.6797234023943,112038.86814480548,334.986970834407,3.8003876895612236e-15
14059.376128312037,40701.186131213384,315.4270722070918,0.0026600115844949163
397076662850.6236,90558.2607880125,347.94936827575475,0.00988560656049116
8506003441.610247,111774.98230344009,320.9842643305877,5.662478565271283e-09
948687418810.8711,47552.424373782604,321.6785195410039,18269.064642664755
828473935085.4137,110450.9378294291,309.7363930639684,2.04296916897858e-07
3687146.215104564,99577.88304916106,281.2523129114521,1.1723486822995129e-12
996738.5412433834,109950.59636652382,280.65982752194805,3.3601746606498726e-15
11325.697474588802,37474.71686519045,282.67407320135817,0.0014023467501384902
940249.295602625,100152.16032484556,308.7742053205644,1.0715975319736501e-11
232819.9728237505,109079.51497451437,337.1551942881912,3.038580084407871e-12
2785758358135.1123,103509.36247790234,296.7175993178039,1.6585608343334573e-06
521632.4700776351,73899.46306168564,345.3128050246482,3.4814563353549802e-06
654275880.6836094,30652.99685451414,295.1146898265523,2463.7151133150232
12296.470349786796,65428.166189189185,330.45642423217134,5.635858052466239e-07
555503026339.2378,92036.12050479441,337.2411134955284,0.0032069808552045056
115313.96731594355,50851.23195622272,288.0471608382393,6.838084742514581e-05
3364976960302.127,101398.10946665173,307.9530287557729,2.0899721030569612e-05
30991199.57706098,84735.9649557191,319.9907069907201,4.667036266916741e-07
222363515933.95175,110162.87175561815,289.067256651584,2.837652593337495e-09
29290.91436475875,110854.5118870227,340.4558841099161,2.923510144474521e-13
13480725455.500866,39847.06184400654,336.0567724897661,8925.79385353494
2187845.219751642,71517.62107901371,303.3564543146047,1.0466382498452284e-06
19288291664.960636,48558.69791924527,280.4083448895296,17.51931069233358
19592.49038210165,38304.81473833455,303.9523029060805,0.0050381838554196074
114044987.28572908,66038.50857381368,281.490416565413,6.272640922475988e-05
23957447.765165653,94635.74058643119,299.9439048202827,7.756149581414296e-10
857739246272.5214,33954.34665312144,326.9591178239951,3350836.3402706217
1063.3585132932724,115664.72011997241,338.26046383829726,1.4566008040311405e-15
9576.955266434667,78654.69843798495,344.8604508928651,1.2063317631818214e-08
2528636.783584101,78295.18095395519,305.457173718709,1.0772057245295227e-07
193956146.76315454,48159.27812679887,303.31449602760136,1.0098787498590027
13940889.856329793,99937.45703800631,301.8707090382212,7.030607393258385e-11
2353619858.28916,75141.54115032582,335.90694492932073,0.0049715946036818824
338853921053.3777,94179.52099164257,301.2858151927461,1.6333055400196188e-05
3241979150996.162,49095.828702781204,282.0274705462137,2699.437534555313
15670404.834313912,62890.5622416501,323.194419429487,0.001082025144752375
13421059582.573454,40721.760663619374,334.6325159489253,6133.2425646049005
127751805.5294098,54297.2632697261,329.9761455527848,0.3293789659436658
7737724.009895573,100101.05339602951,308.0434164439189,8.358754188752357e-11
1808022.2748268147,99929.45448370636,281.70146989472227,5.55953638037129e-13
41060125348.526085,40751.2351058559,316.18952339902796,7904.574980312755
1853578.6472421314,119654.10049617391,331.8572822131347,2.819904681935973e-13
174868386.22394058,101176.89411406333,336.3311702857197,3.489648244003172e-08
29810.495253677884,42960.649920952776,287.3754027819408,0.00046023090692649446
1844310112634.3064,43953.83232150685,295.2706352961233,30706.078412247334
414099318902.78424,39303.51155817028,288.35367317897976,30841.55168851713
7449.600957737454,97008.08498580514,342.70781876628064,1.2241896847422382e-11
6824892.917847859,30590.253742859193,301.736787930526,35.8826966166103
1605760.4489512094,38826.46909031034,325.92268485613045,1.0016042227876247
15565461365.296848,54405.56745403557,325.414564711801,28.30018078855497
32674114591.962055,30400.10139892401,331.6292340162013,545440.5832430642
11301174.2761509,86264.38051071003,327.5652720311732,1.9938643168257794e-07
102979045.63995057,116680.88106231386,346.2473604728299,2.662260029608837e-10
65722005247.96365,89926.8851014129,320.95364178351485,0.0001553778798902128
976862303.4571282,55961.510004634576,291.11412004917923,0.08922393740716253
4147.735696022454,51798.419885420924,335.969030896212,3.7398078054465604e-05
812453701.2937019,102523.26073278916,345.1745811672397,2.588674587070882e-07
168455655202.5295,30264.68805034539,286.2607645642436,495599.4407912835
96113423483.93977,34355.889529583445,335.4191263309873,447711.7539296166
34728.718099647944,66067.65625764307,349.07386762068387,4.709503350260758e-06
214608250276.75452,116611.5232396845,305.0434923162729,2.3416401410443953e-09
3733829.6091661784,62810.557660313054,333.20380617913384,0.0005395785077477404
73883.6098966241,90646.22347567693,336.62215358697836,6.508644907543006e-10
959072279.925977,105788.74602157921,307.985072596629,1.107117830743546e-09
1518.9383037757973,38751.20261593996,309.5255765932861,0.00044234753292442827
194292323265.30457,79565.0564084352,328.48240489297376,0.043372035861368174
63491859729.77143,73652.7408551717,309.1735069412589,0.022693385584714506
17749.264208067514,39422.590520586586,331.42959277507225,0.011014304263051411
198843354693.7984,86800.1516440209,284.047020408797,2.1902868016063173e-05
17801.0949552172,91669.03730187309,331.12520821964404,6.2532336823075e-11
3520517161705.416,37721.241523285156,324.1972638663321,3021472.725973689
883913.196581654,107155.87333820254,337.5182190599387,2.3163562773823016e-11
57703954466.9413,94447.56958604758,328.2190112152269,5.5125836915223286e-05
6404.37154619891,73203.76719622215,305.85630197653484,1.9814887877934988e-09
156897.1691709733,60689.523634147496,296.25428639036744,3.2065840149463875e-06
3960.828009769787,55150.45962730667,349.17271934590957,2.2358170885486458e-05
5784095.969486426,79001.48047500104,340.4079865303722,4.567415231788479e-06
24485.571877671977,35835.836960492576,316.3490893702798,0.02990554882492311
2405121244.2574487,63054.69304925074,303.4816213941057,0.03392324192489092
2100151.2909438284,108836.36479773757,283.3984273828437,1.8190499516582084e-14
256653.8165550534,112084.86883737455,347.407681280152,3.773794872943577e-12
6491.948318060603,107484.13785306297,332.37937366371534,8.443631292356234e-14
6326817890.121395,87716.40415113256,302.35691053264543,4.642290397341018e-06
16011.24316422681,103203.27862423287,338.1438034795461,1.8697427358588907e-12
21213737485.685036,51835.58331589788,319.16010309503537,70.87467365399826
4333409.75371469,103941.36250673355,315.39287263978053,2.6332364034751407e-11
88394211.49591407,32087.661820900707,297.56309746548857,209.34144320476693
36107934.16753744,101383.28727357095,344.8010229999695,1.5777511076611325e-08
7250740.678406781,57682.67327586899,320.9455402969332,0.0030673946909539227
987897.0633846697,78794.60193883165,335.4953492436845,5.478172872289506e-07
1804437.5776312225,38481.83000764852,294.98435884863306,0.2858679349397412
86608560.93988074,93042.45735714014,339.845801546831,4.4021185543554307e-07
2251.073755847607,78556.30628089388,328.43819399943817,7.08397578686339e-10
69866152053.3272,85189.26473636096,334.5333670893313,0.0036556895020417295
3242.199883341377,75243.53490005933,298.38191266256996,2.2106387664018814e-10
9082662857.547731,38186.393630236795,285.96583123250326,997.8677423231725
775792926.7889551,74591.54602480563,319.4127689084046,0.0004866683303362149
359442813683.99475,50280.617128810176,294.8108621222127,463.4467995136083
3773537801658.3936,100772.7024152554,296.81651074239005,6.858014182239206e-06
540738.4243133998,112662.21203234112,318.9003865995186,1.8644276789485473e-13
387934.4929336584,46568.60871151562,323.4659038152576,0.012016194065863078
5989640920.0600815,79967.2035517479,339.37379637282993,0.003043546629955404
6799968.66265957,116448.00982101045,346.1011820557645,1.8334534272903983e-11
23697.086510820067,99915.4907999191,336.38115098289245,7.32753799746825e-12
1961.5779882369873,67649.32120125147,291.2090911149158,1.4525288280791103e-09
179998.7498693813,38556.85702550323,349.74150657077735,0.32151844114370914
287233.7074011952,97930.68034300086,325.65677609001347,5.7010493291007464e-11
9797679835947.512,38403.873361747574,290.7180442528336,1233263.5180422529
434308778.8782963,114270.25235519739,280.13445743922557,2.1020807892123194e-13
115625.64504822221,91186.67619304341,348.4093649504448,2.4649095040103285e-09
13064637781.718334,64903.16420535613,300.6792992649018,0.06943186103891806
86646090539.50534,44567.59135861796,286.7748003262191,651.6977843206165
9124535108821.758,95553.30383565083,315.41899173109914,0.0014315751594379572
3031.3640335169594,30586.53157138623,302.51032537046655,0.016593725253264333
197069713007.76318,82544.41912791858,305.5711858740662,0.0015533719445809326
240967064361.12582,58713.56311642169,285.4837068310409,4.28800890213931
5022934800.626332,106438.4613874156,342.10205524709613,2.8145772896268735e-07
48670.98938321678,38224.1834071212,289.04123177785505,0.005965974652407128
182484162.25983557,77766.58170569569,318.97545465716837,3.4556507713542526e-05
6221.587638047849,57261.519009429176,282.6308690751077,1.6042549405112267e-07
215322109089.1035,91696.97196441836,329.65053419398384,0.00064349109942715
213828.20735846824,60344.135876482214,318.40489245590004,2.726032755977751e-05
811588523426.9504,55655.76601890877,289.0133487641658,69.79335437496638
3515727449662.296,99910.07816119169,318.60041024432303,0.00015329340580949808
9769061922264.127,42029.466944890315,291.9776870037991,290113.00231105945
38628478808.7304,53078.21903988505,311.6562296481087,48.63868194702885
319334260.9795983,35415.85797038631,304.39250425482277,268.8818345027502
178200361899.82,77923.75803641797,337.8638466812401,0.16662150737801348
631249934276.3695,107920.65270623419,333.7469199724098,8.129252318866833e-06
25360626081.30004,73512.45840479547,324.95910954900165,0.03804175787594156
19030.989138597568,38750.31779219459,326.22934537880553,0.01234291906908324
8339688384533.133,93217.13602316767,321.8343349432421,0.006417441658963374
97101608239.62566,113124.07940486178,285.21841756687775,1.8348013881677063e-10
5897650272.517772,49172.80860239403,341.37037178249716,173.03957069176528
2809.3490034787987,89733.47946198455,308.9640578056979,1.8609679702098503e-12
7853464.07752261,48214.510406371555,318.77812140727076,0.10359006345278997
416013002.2265231,35223.47061624167,329.26889174117366,1091.473371670746
158221742.8711395,32277.82215337223,284.64298490617625,197.1523059604911
521216.78632589115,97496.74000264838,337.4861657445621,4.3681825208097343e-10
29663913561.346066,112076.0433461435,289.5310853282283,1.7688168008094273e-10
8109472.371228441,37286.793098400216,284.8142608864714,1.2152290243398853
9539637656.877144,31245.861580766425,344.97422811667514,176987.7024747452
131253.6123927448,65999.31278632782,300.40823533906405,4.5902550612690116e-07
45102827809.18945,99611.70012365178,343.9756204487792,3.305303966839242e-05
3007664192.7518334,82966.26929763134,296.0873853226144,7.094184533905676e-06
1678315.6388828547,93422.05018485125,311.86887617411196,3.884896487893504e-10
1415000.6188896724,66505.44277254268,305.8402887444433,6.135501877917306e-06
3645992.417493685,33921.33644000897,324.7180135071766,12.48250946509919
1016668917.5968729,105198.00477863538,296.1420266533184,2.9466521380518435e-10
7350.911304122915,62913.95917680264,349.5657509502284,3.0251096734542103e-06
1526323792270.9373,87557.93650514694,285.0918333985325,0.00014106047399042531
645277.6956587193,102554.32712596976,280.0324856162726,4.707728666555947e-14
432368.95203485625,101440.19604064012,321.80608279948467,1.5284724858791673e-11
43597053.49796041,116894.68699408903,344.99354405388215,8.97477374646829e-11
1291552.4780264627,34247.79921669205,292.529583130042,1.0304095526765444
550039089362.1058,60870.32700060403,329.0883117204804,122.42270687516508
7135.443342758646,74766.74268621815,316.37102905225487,3.3287646064011006e-09
272983693435.6782,38066.967893997455,315.9125726912452,144389.00990890677
293931.69444782566,72563.6364852186,324.2127379056371,5.873482430899647e-07
393526535.12061447,57191.05281510775,341.3614716176932,0.7036795324839786
3510.0142833526866,106300.14390422739,296.14131837475276,6.409023625380268e-16
3244295.442704214,96668.42179200954,280.5167622376407,3.1783461087987544e-12
5525205230.320286,31609.24157815709,319.7233292281561,37213.57410053548
205259038.13169333,48223.854045476866,326.869842062664,4.228420984468848
319793495522.99756,78934.26753141987,339.2379793131124,0.22825140015696563
3070218005.1681285,47085.244052935785,338.9862548454724,168.3188799133534
15255402.728139333,53608.52996453154,301.49929604598987,0.00800270597956184
439860346645.7874,69800.42789604465,308.12775792950754,0.6588794052047536
4727136496.031556,67165.16780224393,293.4401912552643,0.005369907577249513
58768362990.49861,94951.62086660786,324.44689485066147,3.1305556269680105e-05
47556457.990525104,51106.00001396516,288.63385972537895,0.026617640584389125
12861224581.915548,110288.07037483722,293.47984827649543,3.045398199852146e-10
15520.849161225204,75308.53294072858,331.4411901272597,2.1963522447605472e-08
112891359083.77162,64876.4500220821,345.51945988544924,18.25357990748606
808027.7077047372,69438.67517649403,323.37941030162534,4.971608055183105e-06
412597818.9057346,43130.04949131275,299.45709726690313,12.801053917248291
4108142918.7908964,77705.8855787497,281.5801306587,1.567032676991645e-05
3979.695154153102,107995.97808105299,283.13657096479,4.945171711308569e-17
6894362.550484423,54049.36385667854,335.232760010407,0.025925038507389586
6846.587447140606,60475.302694359954,323.8463582439951,1.2394311101742446e-06
516301722.68440115,105617.02225822018,338.6208079443781,2.6388191628061767e-08
1482826695279.06,30707.142617249196,295.9041186196474,5614345.376629043
280085.94693866716,113124.89494411147,334.578355664403,6.284423008535693e-13
2242995652.376437,73048.4837172571,309.79526799355995,0.0011165204984165769
9949979.032656025,78326.4041711167,298.80792265221993,2.079107017295636e-07
38344695010.630104,37424.122015467874,331.818251508332,51478.63099125244
366992.6819609894,73261.56032076849,321.64489661630125,4.640296632339226e-07
7360.254930326322,85475.69914830229,333.15310471016005,2.8923188909876484e-10
303815412.75203776,33407.38055008524,283.13509800082755,214.29896608746546
47374325.75393326,41111.67219558934,302.0894863878073,3.7373368902511817
6195441349.717671,92127.55196268903,295.5551401669852,3.2368498650608115e-07
117403717.83707124,78240.30800333899,338.06717386661177,9.700018328421062e-05
11157935.410837121,35767.064983193726,295.84337799424674,5.587127934317042
1495376.4483141215,115901.16302949926,297.8451242560527,7.194812098997907e-15
2817.6578961831624,63887.02181155548,289.99851956473094,8.858049186571452e-09
9295861509.696976,62816.17768790742,285.2178128119468,0.03007237591151503
5098.110716366218,97717.4280804767,281.55951191982325,3.926648609263291e-15
1621170730832.7317,57302.171570331724,319.78930010246586,702.6552457671731
29448.249094257044,70646.52648594986,332.10652420970035,2.2602488990198837e-07
2493610965.135582,88253.40288193585,335.4459560473252,4.603829752387798e-05
27280.056042285883,112641.45152039603,328.5217366389017,3.315176067188344e-14
14503.381637888027,54338.05311892686,284.1797244845815,1.468933258932492e-06
26027.49903702411,47209.31659829158,340.2277897456468,0.0015128611348196048
6655316858.594663,100850.29469816656,319.11995002198637,2.0578695880171393e-07
607955257.6848812,117481.9645250416,299.4914310064334,1.984656211820405e-12
79509.36116456006,71171.72027640315,306.915377294902,6.168129801907153e-08
878924.8221792742,118783.92540304015,329.7873781650895,1.348903392759319e-13
1928376.6245109532,86239.82847222697,327.7729417558321,3.4336818341818213e-08
51878391.72613933,41480.927929733574,315.02218496089154,7.166630054441481
77926659.37962513,107888.95117129992,316.4731875564319,1.2113683888303627e-10
2457.8762378044116,105576.6538983261,292.27776069494365,3.259025119652193e-16
163764.9242710626,74218.04326307119,329.59351381273046,2.910083314231717e-07
396210803.2865664,90174.27948029464,333.7756871691906,3.1871339952079382e-06
262723.2972222643,91259.41288840442,344.7834750211166,4.054663776144588e-09
8013966853.829387,95723.0358380019,319.8230216799117,1.8644865127477508e-06
1131740171991.7573,32946.89153032215,347.0082712552289,12447323.632104669
9331.31770130423,73049.38930023916,326.92090567184357,1.948036643039233e-08
31585951134.937298,55584.9926875509,295.7488238784013,4.7223437187820885
65105435477.46115,56199.48812032576,287.78471549960665,4.0748895523071775
268992948.5178858,68904.85591137418,325.8966788928554,0.0024463837908624583
1089909687.1272426,36043.795092316366,310.79414510328155,969.0333708341826
1604882017165.2244,114148.48901452769,312.67408708223945,1.4225358348898515e-07
30149840.022142757,72919.59596618003,324.42452060174793,5.617897995051391e-05
2668193306.00901,41367.8138373834,346.51444318257285,1590.8291723880875
96962.15086326322,79975.45820602428,333.4598702566008,2.9719655672864593e-08
323734.1548687881,113290.3448508688,319.1684855530593,9.396829909314214e-14
13590242254.322079,34244.727294663084,319.5213772026769,34507.98672281709
508613.73858746525,53165.67621622363,322.19411367692675,0.001218671089163724
331136.1095433522,44646.5142506508,293.8644481628417,0.0038827567431492043
701669812.393968,100000.75334553137,306.4425603764835,6.353658904288384e-09
584305.1033645174,30045.56303441433,284.9623220206838,1.8465205051936293
2513860356.6289654,101019.08561052263,344.7246329231027,1.2667062458003711e-06
2314885551.3734527,85066.2767218379,286.86600234199744,7.342029707297651e-07
630340.6099973568,111550.57282642623,298.2208451335302,1.8448490268096512e-14
955960460656.0856,60674.65279211013,320.00935299350135,116.93430811995376
367841.50212161435,31718.41083046858,342.51456820138173,5.390484738702645
24866771.23742664,81773.15981579936,320.5450713161888,1.2209655071254485e-06
18107359422.107853,119015.91760163778,292.57198437306965,1.0173417946008304e-11
606991336457.9811,77024.41795731489,333.7469396581561,0.5368925314693819
256260941443.04108,115189.41999480143,280.3175191910743,9.11148561353109e-11
7733836.074650304,72754.45466773547,290.06136571655037,6.301435428384289e-07
520173773.8262706,98190.25142451879,338.8172044565463,3.71338729031649e-07
65510949870.79993,99765.03828083264,333.43399216778226,1.571151208199544e-05
15959537.078094473,65048.932520702474,296.95467414312407,5.8791850592519494e-05
76821.51519312101,77038.58749682178,291.43732329721473,1.1921409181963088e-09
10700187.850381156,80614.09144839647,317.2448275811109,5.759509394105834e-07
125321045939.61685,66345.94390650743,302.02250755412325,0.4151813369952757
43032692654.5839,89030.31078175612,306.37720960831984,2.906398399892891e-05
258248.2803337792,105145.56987606885,325.4495942198306,3.5893626373776583e-12
126864556.61257039,101243.38608132217,320.8292399608927,4.1957814838644e-09
14186023.430098912,111108.41187876988,312.6968920020955,3.914418657363917e-12
3858792881959.155,45596.16159536163,304.0202693004485,57465.989603598646
76148832.34971806,79334.36326590896,299.40983721503466,1.0968644344047964e-06
1279126.3929881337,89419.50494677556,291.1898663965683,1.199560183579051e-10
133161447.64964084,49726.62308209318,344.7731698875331,3.816994152805014
59810066.32080127,38177.28628119961,321.85116569204456,37.79500297774817
17831559.82816647,49399.77011422851,287.3302266523117,0.019120653345532587
5371835632.860243,38070.25261767913,295.19755482243835,1017.3206870291367
447485.8975505136,46184.63359876396,304.91491038383947,0.005571569122428176
1014445.6281161553,64558.545836980295,346.0983152919705,0.0001858381396528817
2831.9387693428903,52682.89685168279,284.5363656615399,6.327329357257596e-07
1211.46021069261,81576.08370917698,338.0861043872841,3.0477986870960455e-10
176412.27758610144,101641.57430629077,338.89645816349037,3.760969036251368e-11
159531608191.72928,90868.46646790623,299.77707381679954,2.436058964514778e-05
9742956098998.56,55571.77728967357,280.29777897697363,435.5403305122223
71715823833.26323,39782.39310741258,319.98008167876645,24088.769238523942
1553.3521440040693,105930.27893760297,322.7063295160762,1.1032583285851417e-14
1613.0921313079366,117658.78241525726,288.81617344773434,8.372649797697937e-19
323234107.78298026,95204.04935810048,321.32373861123745,1.0995694354447654e-07
15469598.70827114,60799.148945229375,348.1845449005079,0.012280294898575852
4483642428896.467,117067.28774024622,337.10868565887006,3.3729520854698973e-06
63549876650.6054,116324.03780443624,340.38949662722524,9.275016892291328e-08
1982588934.1286428,56406.38963970343,281.9982211503794,0.0693925605671231
2144.980080253535,116137.96674811916,309.8189529619942,5.5234620065596545e-17
554786.0272015508,31423.033507609358,314.16559289724603,3.314799394370954
233512.2333631549,107603.0679574192,310.3898851740686,1.8026573236968833e-13
1451966875024.2817,45544.37450037032,329.0062225369552,85929.14068426716
79099.76745056569,100090.1110546689,347.1082977858533,6.835528981005393e-11
6396636127.259162,79595.59093250081,289.6505194419494,2.8322923856588508e-05
1264233049466.4192,119172.55360231941,298.9747592055319,1.9339341161675894e-09
7079.30142419019,49780.29019867022,292.6355967530605,9.103474787058882e-06
129075.41455377011,42627.902647404786,342.2445487307323,0.04099999408628702
64491711004.298996,33001.9993644982,285.47427010548176,61488.27191779533
2485529365.9510827,59276.69748758293,285.4941003709841,0.03628769736033986
340474593583.0621,96957.68639933676,312.9324164334255,2.3143367139220306e-05
4218492.144784435,53704.701642291926,326.8314994771712,0.01079895668423282
32227247955.778893,106270.48573380373,307.52495524505264,2.9498087876328427e-08
4751.28327147948,84945.4572721236,312.16831640735376,3.0408357751166265e-11
12804667.284722807,90953.54120689907,301.7625452914851,2.3913549899415954e-09
3553620487947.3643,64577.07543642462,302.1101564276811,25.13750565397206
778769.3409654686,80792.52186773322,308.5735362236537,1.6289554149978955e-08
3692268671.8559613,59258.92046276743,337.51352558882616,2.5513928160474424
9046368319.219427,110707.3396177868,293.43201424687373,1.7465459237617553e-10
81990596.5372399,119797.69843319847,291.94778365087046,2.976575119053524e-14
18229.47758046285,64150.88662470646,289.7322107484328,4.878086510034029e-08
7151.9732891250005,89611.64169700781,349.06346019999717,2.870090812880101e-10
728240420.8520975,88750.2064198846,324.5490010706066,3.7782378335373683e-06
2627360248.9615827,31670.128984234892,290.7989762311306,5289.462812656888
1090567414384.894,90034.41219864336,337.3482298783239,0.012832004692863793
3925389455369.001,68665.62842359164,315.1855535758927,16.032631828100165
6582199.347158276,77075.86417396767,299.36559686023963,2.3724602900972836e-07
1396676542916.1287,46345.62336401515,305.580791731168,17488.84008737812
37157.12220878843,84783.21741155286,328.1765903156984,1.2337964085552893e-09
6073740588261.285,90441.99867688684,327.9677259764969,0.024141764759945217
8361683.446095805,57161.62343053785,283.27663479212225,0.00024626439081291637
258492927283.7675,99206.78033562106,335.0558235748822,9.112859069052657e-05
7830623440956.753,78051.14290256574,303.8489492069673,0.2939843185634634
436638918670.20154,115460.08256504615,334.05824370735064,4.038146913949225e-07
35236512.7322952,37730.09555498545,294.29406849387385,7.428617047952799
34314.10060145359,54932.157009227485,344.5187104847972,0.00016797000588588394
128755.41869753409,88003.96830889562,312.6751929091688,2.5423792422198933e-10
9518070.379023977,109898.747885374,291.4315140566246,1.972748597074857e-13
2045907138.5656655,109642.54947581863,326.6136836785622,6.148883304399318e-09
623043223756.2645,52100.47077921701,333.18408944196807,4253.770504418669
844440.7029920669,90560.29834939796,306.39024617733025,3.182652146845793e-10
4887.384129834322,67370.60935698968,309.3734621349269,2.0898679742034383e-08
6523901984125.51,62655.85305022886,295.1429350747154,55.417375357653626
54612630.04507911,86108.05058081361,285.6301725479428,1.0127456611469177e-08
431847483595.35,118278.96285014608,339.56022767754973,2.859959520681461e-07
10724305102.889238,74228.20091826723,347.95085366918727,0.0779866489333682
834284075039.7706,39576.51761422315,345.27503424082545,857087.4266727408
2584.164292696348,83079.78913652309,311.1250641891954,2.983333730791943e-11
728840886304.5405,65265.318710519256,297.9280102550609,2.7120486492527
5435.983031075675,32138.736639264655,345.9546681655764,0.07972138111131422
2406440549560.269,37192.28657879934,325.6928810310244,2569055.96123278
22442352401.985973,94851.97446347604,335.06418477531554,3.655139702833662e-05
196279.38425995503,32871.60669118638,336.4904762072347,1.5748788095638717
239132475.4280426,53701.87088474557,307.19281659851407,0.17553236090675844
2977.021640942344,37381.64842709634,335.3923771722015,0.004699778854021148
1038270818.6955175,67630.23224639677,319.7590389270108,0.009638008381099555
154224439759.26907,70686.44983209431,342.91371353822103,2.6857001217670904
4551934877.63059,113508.24957170822,283.19834501825943,5.298197921037996e-12
3857320.375313572,87065.59815180642,349.54079557181893,3.7966861920584317e-07
8654870.175526865,103514.76571911616,298.2083541452727,6.375067135918663e-12
111805002.78736532,37265.13339003484,308.25021821432614,56.19551583838674
182807551874.1833,85553.26551193581,338.34188771995656,0.011746718097170953
1712685033.7993288,38013.88976194819,288.44942188575635,226.7750778655747
24740.010125873472,89233.66096208766,340.977455834682,5.284979095711793e-10
47419.17085175298,119699.54858739632,336.18751879686073,1.2377156760364025e-14
88826685440.13174,40462.9192038928,334.714001215284,44595.13154309556
17729181497.24472,67636.00520089542,336.86661121761364,0.573179669692086
1369081102.7961144,54109.5867710529,342.38642623394924,7.777726008712079
294738.69674979657,85067.35473165299,304.7654354742042,7.735225683243398e-10
14496243282.820646,59982.48219719517,315.8986623910896,1.726767154425807
48555012.07752831,88610.78117641155,283.29323512133647,2.2671520865332794e-09
15361460.378304115,84238.27392559624,331.23886302853134,8.241043033929077e-07
600966614813.3031,30335.169478046035,328.7795370297722,9556064.49936718
26047217760.81662,78970.07852374567,331.46169582964194,0.009290132851336622
27951371671.409554,119346.93003259532,301.59430859343473,5.913812905868031e-11
17906.660601433694,115191.87061779897,295.9764990431457,8.376162967236514e-17
1932643606.060942,109629.37501435945,335.81208067051085,1.7327499907365933e-08
182509055.6385574,71190.45434928293,316.97490961838355,0.00034816965971317174
195178830648.47305,88594.28641697895,333.87138149264877,0.0027576285717581138
270244.55503190996,35337.77437452,335.7880514510848,0.8624942008377061
2825127629.3843613,72688.03650798742,338.36797612581506,0.017238759656097908
22072093.359229986,64564.334992041564,349.8106745497318,0.005222648911672049
16282369346.431662,86655.40743809826,300.46709636906485,1.4106244711102893e-05
14492236.436459146,57214.13808751842,349.8986042770612,0.04245463298418194
910445580.4303795,44710.88297320262,313.16260971591777,31.30956448096296
42266.98758775679,60128.17692527641,322.6473730148557,7.888390613574519e-06
96874499.1055543,31921.113972485513,342.1886531318835,1272.7134900816104
5933746.644967257,101911.5589315243,289.13972183138185,2.3767830898200934e-12
8935047944635.205,112447.00243443708,292.5233875994901,7.768770418915949e-08
2785510448.6522613,45434.79772226271,344.17143035159967,358.71918404580464
162421.27927655264,85566.34150398675,304.1631002672675,3.282583695842792e-10
109486.10252101663,47568.114123330524,305.9641658333957,0.0008408632680983787
51396738265.34207,102340.11087054333,308.9863329951892,2.658266205531364e-07
603491698.9727105,105707.4849253901,346.3330578461113,6.77953849015159e-08
1531193904647.2546,39397.240569224654,332.35202040023074,967215.4237536204
512383442498.52716,81360.10848615628,336.47780220878906,0.12268463998055355
2768.917342790528,101534.18279188567,325.09452574883034,1.3388837445407997e-13
3848136.3027345375,106576.8424197949,343.3054750751755,2.429435339781641e-10
1103354355334.4922,32628.57069043638,293.98027990015447,1769164.831637085
492301188068.5929,83177.39403813213,291.18451640271513,0.0006103453046477644
58097.00163811308,40112.291250398106,297.4686980164411,0.005159323533075724
36266540055.283005,110190.65821775398,314.2325105120548,1.828451527176076e-08
99921292774.34842,118876.26583619471,291.80984418177036,5.372518033069974e-11
340170385.7192662,99887.15606160239,298.4143256075556,1.129875342694195e-09
1005833.7427485874,100959.63018923256,343.08339168689014,4.284991178848106e-10
306642420.0094927,85706.1461035533,305.46233703102416,7.024195645831531e-07
31704079.685455576,72258.10414654297,320.3090838658009,5.308794587361305e-05
9904.383941396049,36177.478127491086,284.4625116649664,0.0022825062914664813
158091782.74259976,79320.61550973746,289.5069995334389,7.679648970923185e-07
526433.8481213659,103226.54285672825,329.35790920363365,2.2674304175989484e-11
835942468523.8113,115963.0030586385,303.157723631095,9.056136813648425e-09
513095586430.844,56481.56756993002,280.59114031814,15.676617227728729
757848.9531134688,103192.17491810147,334.60253870717406,5.859993702609758e-11
2461768494957.4053,40089.13495348537,331.4386881212726,1231662.8690928535
1819449699181.8167,39085.663494832275,321.2332334650563,833612.1039078407
11958.853950321924,70157.19087507548,314.71420234036947,2.8216395293480696e-08
2133.971277194625,32825.645611869986,347.7333139544603,0.024809320712252295
14403.727432409076,41310.094453149424,280.3918134942093,0.00030068763187676473
40701005919.72304,103857.85887584834,302.14557504449306,4.681058214715917e-08
515635.2829177122,66835.48575164768,336.56812085303727,2.18500197462515e-05
7768486596.2999115,80309.93081530549,299.9143231166183,8.109216314812677e-05
629428.3421304702,52370.56006881183,295.05968037363823,0.00034811663495628247
4611.4714012084,54985.206260804945,298.4600806180021,1.080213756741497e-06
60522335806.14409,115400.11998392898,282.83559873097715,3.054153044904449e-11
8760.09207415791,60460.89533399188,299.7165107373652,2.6534754852257526e-07
78128560839.01866,109176.69795045306,293.21583237205124,2.8647358660081175e-09
1272893092411.5112,107045.09810944587,295.83340765562815,1.6051037540680166e-07
4196.365823605318,30340.870038235957,322.24684606945243,0.05248181554961533
2076359558.6268957,53468.864182123405,341.4981114660868,13.511331211478147
112916266.75667438,76380.06796904086,298.05607910810215,4.595997811474594e-06
286858556.74640137,115309.37034325572,331.94176602100833,2.0390577116422786e-10
53688338846.171104,93755.00875202808,297.37145874903155,1.8112266479673856e-06
99977273605.56989,107793.97898413551,347.8568235551268,6.71485237722847e-06
22514424228.622734,56317.34942967928,282.5422059466149,0.8740645929346499
41986067265.41562,119316.51899773632,337.4226919887409,1.4566636334035662e-08
2093309453.1185646,35865.60247837157,293.154576150948,869.9312225420841
136256421.12628958,104422.68931696772,287.85363053257385,1.530036176928434e-11
736782310627.3474,119796.8028543828,328.4385635906501,6.408713232154292e-08
90398.72706878679,45111.29877068133,314.78821684206434,0.0030262543655573794
5055375870.572704,64161.60245206468,306.83815416875467,0.061195335415131474
24343894.50486898,33393.953274638894,313.2814041906951,67.73103874853965
107849281519.6028,87623.68457466319,296.424651157072,3.976387912927361e-05
146338.0173238374,119799.6605610094,343.7075797145758,9.124354051446945e-14
185453492964.4745,35673.51832504791,302.9418594671206,137152.17102737844
354671.24842248275,104881.08644704144,311.69845183991873,9.332389547136315e-13
195927580726.9212,89861.58870109437,346.6624912268928,0.005689771357171633
52238167537.19752,117012.26714148394,308.2793277352008,8.045144718534502e-10
207884.73575499482,109419.8451873674,344.6492225258181,5.3606029910652624e-12
249486.37164806164,52017.13287844455,299.4456325322127,0.00021461928044302347
118061179571.26036,53681.08515673433,297.2599551404441,42.86531031373144
151662233347.4596,94351.84116071646,330.6139770777188,0.000185241802697243
36179.652120557555,81661.68930698418,330.4146297760312,4.594805743515806e-09
2164633.5781342504,98265.00146423091,318.0590744370947,1.5433817603208658e-10
151457.14929899457,95501.64465230907,325.582737859344,7.447429563616898e-11
52622960.16807696,59857.73946048471,331.4302455036482,0.019263465182432313
419076.40888448746,105226.13055960329,321.88152781915045,3.606928467637893e-12
1347370956682.9536,117204.9564515219,341.9891349955815,1.751629902204288e-06
20801634043.37277,63438.22637350161,327.42261584196444,1.5984279691517933
21452191.793365482,111155.40852321211,298.1575843536639,7.242494526504271e-13
488921.49506685574,67484.23937990333,297.8565904106884,7.009317162677852e-07
3583635461637.7476,46956.420378853996,301.4841330163113,26548.860698488632
8234.14018348447,33585.848426985125,347.4183184185952,0.07642699656250765
21370.25986843054,76909.07729217401,285.2509646450183,1.7834102673519313e-10
942789266.7463413,68528.15107033355,332.5431317550943,0.016827979874445002
1231615.662282291,87241.99348168165,287.8532870376231,1.8437501449102205e-10
2244225.754445224,110283.47569494428,348.7931622609135,7.080494323603092e-11
11862.38866615145,117898.96389950272,294.7345847761139,1.5632525735256043e-17
5866590819459.212,78854.66406758896,305.5340055844299,0.20222685212693706
417037636.6549951,118173.94198371211,317.7856495549303,1.6108562180018134e-11
19659811.430307377,93430.5851145818,295.5107651417685,6.123956870843712e-10
2112.61002143665,118714.20455934228,314.81831145182684,4.3132769652112154e-17
157559019551.28256,42567.32482068765,328.47757569150644,26555.25492645272
553780.0519725699,105663.99415506824,299.47296630238293,2.040395492072124e-13
240923638074.14963,40836.18235882842,345.4400993693364,165112.10675410557
362950808.2896581,70528.39105932391,300.74490041770673,0.00021163898595379451
1758.49297714178,84632.41971419391,332.06760159598167,8.791577408856629e-11
2185292006.658283,34557.534780286784,331.33328300975313,7640.150709393396
63745120926.47583,30929.210743065618,294.2296215382136,214009.1800604093
20211733.71091042,75878.1290004492,343.3060395640536,5.7910539135137426e-05
9078413.083367303,44547.52943450684,332.4569591151571,0.9016004830214809
102669035.02799119,68690.05048088703,304.78075113422466,0.00017766037960732095
1733.153690365194,60245.240783147136,319.967118474191,2.6158660894709494e-07
2057110.9530658277,86276.20071495473,335.75844565912786,7.670064372972959e-08
9625134.275365151,108427.37243024094,347.5718407523013,4.87914690662621e-10
2632306871.9257755,92452.47383822844,346.81075663502156,3.075262992020888e-05
11759.679843286942,100953.8357150797,331.15599913136793,1.3774375177164752e-12
2861486.951672183,119576.97065813244,327.59731860745217,2.568675923152337e-13
348228037.2736677,44321.210286119924,296.92585820569116,5.5191972996336505
1649866.5124769,54663.90348063363,316.24151543215004,0.001542354254016191
15927.946094556444,109951.63239109608,334.4247856593867,1.0455571271758545e-13
6144312250.75677,59057.02783911397,348.8698044802561,9.162263101398631
70152054709.26619,30525.81243493261,285.61377431772814,183788.4446320182
705177566.7589759,93517.40186752393,307.4635271725846,9.041039062965874e-08
1050.7347439855014,44335.735732630244,333.25704955226576,0.00012070555660084708
292626918.6747912,63378.22556507675,337.69230102768586,0.04595234583763155
2157633227.5169773,114492.83491168877,314.63400070870307,2.16994608254376e-10
13848706804.947886,35372.21221440693,287.41346440657315,5274.8629978223
789409973186.9249,101952.56489866103,290.98958238071674,4.036577947534326e-07
4848745360241.046,100415.44361358776,305.7626699630215,3.482046746971281e-05
8218.53395380435,112163.9904066817,299.3345714652299,2.222785562494831e-16
977220229.2788788,37081.37259815448,311.4641403635164,606.3783261412211
1038841055595.5723,37814.8347259159,318.0418409905909,656115.3287570061
246250577.74795422,46197.899955142675,297.6243326502829,1.8997634881156995
5958.455346071764,70343.02545529786,337.12540511564106,7.556738431611301e-08
108255148.59919067,108588.01761192014,294.78836815457754,6.375695286816844e-12
209169.3664075231,53256.274175652055,282.6911300560556,3.127610406174335e-05
1071364.25357851,111980.18199467915,320.6967049136778,6.413636523494177e-13
5779070565.646557,82198.75408960867,336.0134670648764,0.0009919441519752625
49323349.53016914,72207.29211614827,285.77154162606547,3.274282310840568e-06
2766132.126063833,83054.61480596091,299.4246927532623,9.19290285238631e-09
6432753087576.347,51926.34612306124,348.48903965729767,109888.74944471623
330936.1758351098,91840.76148566446,296.3512627381716,2.1162115558420346e-11
200855.5614017277,119819.94961766001,322.0282090154298,7.495259878627394e-15
11158.093374797716,108718.52883635057,324.97915161611445,3.816916371276636e-14
37749975.65760549,66429.13243753923,336.62080041031754,0.0018796768039908778
2439.884858445006,30645.54321148896,295.3129696986993,0.009110580305631302
3748.412230968704,91523.96171765558,337.0203431225234,2.4741751485107815e-11
11961616.038169658,42182.40438139464,291.96699973849763,0.33653787791776163
458003.75711976143,58081.77063851619,287.98937980855334,1.328250615021666e-05
96532432.32396904,101162.27876337043,317.4877627805796,2.1747176667428997e-09
64124259.50325251,49423.42523069489,330.95837375497734,1.051230885505223
93311257605.92085,84619.58889876201,290.80640918538114,6.0747835300886415e-05
2727811.6417001546,108512.20298976269,299.57626501108314,3.2447188885514046e-13
6185.670292701208,42935.77824052416,334.3825962545533,0.0012557084948586897
100130.99271076676,119399.89091886963,333.7991173811213,2.0807472141991608e-14
2482414574956.2056,34022.07746819784,314.72280761703155,5545394.617596713
15229589.119897319,85454.19177271904,293.2261697385084,9.059801955283345e-09
43386829.107816,67774.51981549864,318.71488978581607,0.00033792799492694657
15834138125.799675,74899.26890835735,335.4770466013953,0.033891522841938804
306485.48477284284,89399.54543819706,328.1849089618095,1.840009408089783e-09
5255038414523.447,42153.42691472629,329.34779150166304,1121528.45954397
291691212438.6465,44605.36085879819,295.5757643568963,3899.6140476566775
4761462717.818427,87538.62079337938,327.8024881284789,5.58410479452844e-05
5982740.241959876,59350.68116185098,294.96216630601094,0.00018104143722539982
52547.97604172525,101206.1934867365,323.8013228545472,2.4315963887221426e-12
23520.520098113735,102084.37243919361,337.7318347665142,3.7906416102214355e-12
12949.09045997771,85884.04612675516,296.05406561924883,9.14841630839609e-12
2892.408260949563,109783.51205092687,286.16717080319523,2.6554194867512155e-17
24917338.290243424,37212.087086358166,293.52810018983166,5.858592435743039
9127188.41300676,34710.20467236944,331.4109581928051,31.736861596955148
312230.54974907124,119348.53829953706,288.15107158634345,7.091627621248746e-17
13142.392912216977,35551.58996566739,345.4721881222657,0.05445113826945984
45063.28467792752,37367.70168425387,286.9096952979236,0.007180420248742113
142206359.2556485,37937.1451884117,325.3862145827083,118.64429240622452
398722.26677320217,51535.8871140799,311.02293519353145,0.0009100045679629465
15183222925.231306,109301.63450438058,318.99366292129815,2.003880439207962e-08
280027311.27362525,68465.33677406952,340.32169872459053,0.008592881925386932
33081.78665879971,68437.80287923489,331.97892869913596,5.83674187818048e-07
3171377343.9502354,34600.218950107206,326.3064420918289,9137.338856456756
441229905.3241294,91891.73129072884,346.08603933968124,5.898037118013054e-06
562319.0930385296,59881.17778852891,320.8344206357151,0.00010000750705625139
17002.330397478032,62274.21908217145,288.2892029257966,8.997925095443116e-08
1826.0159861104526,45063.06869284246,330.9853659977364,0.00014186558388167372
229017483.37031898,45547.35149982489,294.9316061453644,1.9784333157753642
1514026.3388012983,72001.20533425781,311.7311017807573,1.3547923088525418e-06
53178.998566502196,93423.18664966428,308.74403317372895,8.660248074923574e-12
36841.6529539696,44767.961870779945,330.99987424339474,0.0031285128517265395
3882776.3920944757,111386.47544778118,346.1489663953001,6.290535327720463e-11
17460378324.145603,80276.55243868544,306.01060802512757,0.0003626422927383988
2271783.859120764,79887.49726130927,334.44748808215235,7.563757495025383e-07
112519.25756242509,38253.61699401582,322.7952404449601,0.07343667552391378
13624.451046002343,98209.20333801115,341.1799662463135,1.2661018384336627e-11
92221.81655437635,78638.1826463584,318.38438937134464,1.1932264270612818e-08
4285708595152.3906,88399.44156791472,340.9492463594521,0.1266528152214541
3120109265950.2485,103219.1865995751,329.9610462284576,0.00014024517384997212
4219585.788591184,59460.895015059985,309.00890264617664,0.00037365615574945515
7730344.7849333435,57211.21057555801,315.78958906288494,0.0027470832899727203
678362.3340950077,56507.199526361,319.79422991589377,0.00041100067089887374
26274757.023133703,51882.105842141755,326.5566206887407,0.13084813932067738
24011712034.999355,112619.03128004585,302.81858922874983,9.109511949926088e-10
9662685020.331326,68402.47809654099,331.6594081727747,0.1598950653143233
976258054.7219144,82614.44090679119,282.25020501069235,5.048299686972513e-07
4463.250174819239,67936.99175696846,317.08094241205333,2.9259235515929416e-08
1838870.0808895854,69210.05717041335,343.08849591506475,5.2299283508459576e-05
17588.51886559031,72584.58882239659,305.2191493484691,6.684718182645829e-09
10167507.271455027,86116.39873143067,341.17174488346313,6.893159448557918e-07
2287.573106898742,57804.683722026646,283.39267770854775,4.9971423122364415e-08
167921458.55237448,71146.70669734382,289.1082164545906,2.344346357140004e-05
810553687732.7023,54515.80858195713,316.63792841761585,821.7877336350869
502846163296.13116,112245.95664592754,341.49914911730906,3.5596444290895605e-06
481005554535.5879,38564.84601486932,280.52095454522333,32718.822694964303
1216.4483339165845,33498.283111189055,348.0307501422072,0.011798236698809821
2192218405.524977,63950.46387898045,302.5969984264841,0.019969709798802842
5660525795177.433,75977.22283698953,299.02118511338614,0.3101748365112033
15314278.60083325,80967.12128502282,304.4168223555004,2.0009996910583125e-07
255090798.31367517,84671.43485516284,306.5773107207189,9.426368213331444e-07
70150469.04757313,94570.63345305475,319.2283606964855,2.3807361236290914e-08
659501084.9356668,77945.0324208225,314.2084183446855,7.532802113928108e-05
2038507204.6637864,104288.30089602008,283.0081309461817,1.202041913749765e-10
16570775.263305569,65522.1507313995,310.23298544940917,0.00015420008105782566
126945795693.60663,37758.61200887508,328.61545126647695,127208.24031695789
318347920.4754663,109387.5856408737,335.7543702088191,3.0891095316304533e-09
8767857372534.0205,85173.01453276884,331.42329035775845,0.33371306276916013
313480083.21236783,36607.71630127757,307.33672924170185,191.99322455805586
1660.5331688888489,85827.75323840155,317.4226551062863,1.2661554542117068e-11
7997702332.728131,53561.77530845097,333.2402164265618,32.42533066395687
1638140.9961250562,86176.73378319021,296.01591826450965,1.045637340268196e-09
6493.441511867215,67108.92420421579,336.21646815993887,2.5514483527963105e-07
13144368827.701334,75307.9843003061,315.34713295944255,0.004594838709764718
1723.1062789951336,32033.825468708186,284.09352640495655,0.002185168750088331
29082968.10504982,112515.05950349393,348.65111059567425,4.0026228679504295e-10
3027660.5825759405,54944.66541989007,281.3948965130852,0.00019451055729539942
6536000080.666549,113767.9225857768,338.15328901938057,1.8085701467446393e-08
3537594316988.919,31062.505410412556,315.48405601971746,25884034.625945464
594329382657.2189,67019.59471907235,289.4780354676444,0.4962859380486302
1312.8061721167153,90828.1797169447,280.5201786887293,1.6505319766244355e-14
768927008558.4744,33429.262738368954,282.06941183448714,515289.52031072986
6928.52998602245,37319.078467326945,321.9728696918253,0.006387505635574217
1060.9115322305827,107661.01812574903,316.44490222593134,1.8640590114483766e-15
334263279.1890735,103166.57275456196,298.8010536892579,3.191542542711545e-10
3712474862530.1333,91942.66836455681,300.8186516252811,0.0004097406720797043
176500188.4596588,48114.497210137284,347.32790855742627,10.231827593978114
305965822953.4628,68656.62526094471,329.1522212627827,4.008113805934431
5134775625472.744,30494.0007426008,308.4061665728519,36611866.87372375
24867325928.122917,89585.21652656028,325.60953964892656,0.00010672460345295776
1078879.457680543,73555.31489459822,341.0439877057955,5.8084701003425206e-06
27696.197903083947,107178.13303322274,334.25315392575305,4.984095571754659e-13
508736886248.3789,43522.18190869314,313.0561526601897,27838.57755442943
240545106.20545685,83172.11452441206,307.01774229480094,1.7295474289069461e-06
63709129.25862158,108788.88980318174,322.9560368700744,1.6762011858210113e-10
2246327861814.3496,43155.314533853634,302.0622655889149,76549.96526366363
13824.730737241038,81745.17688504673,320.9169908164186,7.040543078133364e-10
20365166749.264664,51141.81996667564,285.1908650280632,8.889811936229027
221489076.61473024,33350.68997326098,318.7315899471188,757.1597055902013
2505907657487.9653,110435.90169815983,319.9673082221841,2.451612592900499e-06
110228721255.74048,48305.66552036413,321.7484664627215,1554.0586032838564
154606250.08392847,78449.74292078367,286.3666170579226,7.554363994020729e-07
329069803.37696385,95872.52266974143,300.8476628282445,7.701889446692623e-09
1317797671.6056287,78808.51754500938,313.893730801351,9.923240204445784e-05
3618.142069726947,77548.42226727834,311.9238876939231,3.6676495977455255e-10
640354855.2917951,114045.27102145791,332.5451399054248,8.031083476071062e-10
2311.0707904214582,72456.32523118777,325.3024215058126,5.49741884570211e-09
31860.048960304564,51640.023174500384,323.2909933806615,0.00015059972382619455
686700851.6026182,59361.67496643582,304.54701549592994,0.04441190009733993
64569.444329357946,44907.14743093308,280.3096855562688,0.00027715363060690944
24839474144.527725,107593.2292973691,305.86644608578695,1.068559982581896e-08
536171.8583695769,40094.42305650841,330.39680884420665,0.2515458851140536
4567.586947166791,105268.79104227902,349.2794992751502,8.157609518179948e-13
81388980.54778127,107212.19897717366,342.2011928073259,3.634953326443032e-09
1529904611254.587,108782.0479995936,300.4052779653262,1.8386083299458146e-07
590812429.7852722,62073.77166105174,316.14118008857986,0.03242620778114932
82081931.57551634,30215.911584846668,313.96020627077985,769.6057114362566
53297550.00859071,106665.6800378525,318.2857560237009,1.6393843786164122e-10
120279356.22990699,87824.04611979882,297.3325281100292,4.600082840057115e-08
592431.3223384772,83361.31399160138,326.9808321543361,2.8519117978271514e-08
22752309504.21884,30314.789750227224,318.8536154433907,242888.84228113687
172631147.97188786,50534.70340263415,328.75856210787816,1.5960794526472821
3109.8862931960616,62817.92936226409,336.76775314052827,5.720705836965825e-07
93151218.26158188,114691.13715244642,332.8056435244111,9.343134880549314e-11
12309.51776868886,45270.28446267905,322.9622888248495,0.0005847016257608597
1019.8037977269071,97666.46313797396,299.4734727155243,9.789682636518783e-15
939273.4014232055,81368.9551323046,338.6352261385665,2.5994724747850026e-07
777103994.2365851,65306.78430958576,334.4036537850097,0.05063957348356631
244448253167.76508,73009.84530778285,326.4451518410811,0.5120424270754398
49777507.979006745,49546.04425802338,295.24103567317826,0.08608018465144088
24597.388599440517,91752.39574319219,343.50333972497265,2.8563977975077173e-10
3250369740.1155186,80851.74519781323,342.1773981763935,0.001527039706044925
8489492615.3703785,64600.57859909094,280.5692584387112,0.007885338833480282
3992.121998724235,50773.42048438397,348.44037454204897,0.00010191690930882575
11759192243.460007,76433.99748339478,340.6246154798796,0.023299030130711582
1383893.4432986293,42857.78687829565,283.3033432830421,0.017179711364500166
4217594053.279775,93750.031372445,342.0986121819767,2.0749735689484183e-05
7004803877449.08,57300.18071230375,308.4656015089598,1406.8992096093955
123602409.0664011,88231.57618845438,300.233791528582,5.4144913965165246e-08
2618455335223.1167,86824.06102189005,309.18544771814254,0.005726510701144993
3153453.769441197,77342.41522285296,346.09456115263595,6.823362893422334e-06
5791244991.193292,77249.99948254206,301.08611521165756,0.00024056876914349564
130436.681086572,92512.12306959266,311.7398605119681,4.1221667221506974e-11
425715.12125528767,119658.87769238859,342.48552100967316,2.462885162566416e-13
2477297062187.47,98810.27939732997,333.23163567613574,0.0008296801699495872
2739970054.529762,114901.58932475673,298.1941939262576,2.140805203918584e-11
134236992334.79417,67554.527198063,305.966851596957,0.38840772724161937
452762.1299881037,109584.9434276644,319.51437938672626,5.551967012385806e-13
91590.4750589143,33611.42935924099,346.15409812357274,0.8067933865635694
1615.5569294772645,118424.62661080586,306.851361441633,1.1521963172315464e-17
1062371659232.0184,116482.46406647487,301.83185750012984,7.690861949024396e-09
521642872931.83936,32887.740617845484,324.6198535592456,2701442.852939059
1027914.2292186385,30398.212023285818,342.47865583595916,23.797998151718463
1949482835306.973,106777.22519142702,303.27936114070826,7.982397084875373e-07
16417548937.717894,77052.85791498702,313.6813193213595,0.0025094816688624464
809109027972.8875,105509.00831822181,314.8019031968398,2.5780135161388067e-06
3489.2614201192373,90810.07963869385,281.9172160356099,5.4303290658714e-14
8323.73818406871,66942.03890732449,284.70402594961456,4.388528878814803e-09
26760192.6375974,61317.91451186572,333.1008105226985,0.006649382560428698
14442.97067843348,111133.11790944768,325.30847544510095,2.1411453226988797e-14
443255.89047274226,98326.15167699642,322.17122469025463,5.0362170581449706e-11
898680316613.0454,49980.12430275252,326.35642334088436,9301.520062493373
129813233804.10574,31691.993896168864,341.7460609984957,1875880.6247339116
160700757108.66544,93331.81990171096,293.36797928025567,3.842437891618991e-06
486660.5269733396,115613.8590568259,296.62486142228636,2.119058024435269e-15
21317.614136670414,77904.09623131533,289.7303768403958,1.9394691842081535e-10
3624462612.061159,41410.648802820855,281.20838059087146,73.69297786087232
2421182021240.3853,56978.224308479475,302.96971693831586,377.9425123485779
36476221552.32604,39208.00850685168,291.90079726398153,3457.165678642716
11393925742.770292,95456.60633373822,318.25628526218526,2.5434248626156547e-06
3030765393807.209,37313.825044188874,331.48257985334527,3976360.9113169066
9975766090.875465,50902.70021989904,301.0129115551714,14.43508896194276
618002623288.3226,100480.62319246013,290.2533156631704,5.147574561419006e-07
111413.69308496297,61128.8382635344,289.28184148333503,1.0460932971414e-06
39907294142.33203,60346.82763274846,293.3993281218341,0.710483962386064
2419.6695299161347,109431.5737034946,320.5963908542968,3.584249823741487e-15
904975600433.7427,78402.8656404175,296.10696615780927,0.013214473095184242
1426861265333.6328,32337.221510124076,295.6243479942916,2793814.610022257
44149816.256135285,48282.44968799815,335.3154886178886,1.3167971866108774
8268482.449702864,111931.74105856566,343.8075018502615,8.273275620403914e-11
4260914467.37311,55622.16790093582,319.88116197502575,3.485373179867477
4267919.069721083,46456.919502049415,335.01490720751144,0.2550551208287044
957732.7856077038,49331.92105761634,341.1978911100678,0.027975805163798426
490386802.34005123,44872.510033894105,331.4486208642455,41.96420574435806
1722086.7715418807,110686.17945067729,308.9937967160799,3.4424355185921614e-13
63477676415.66254,89173.3855918865,308.9513993356541,5.3448741794786296e-05
5190208.565999915,35030.986048704115,308.8543322617568,6.1183210189002475
22972.341084768024,40493.47096650584,323.0727906604828,0.006777748523174779
49813.30764899199,97928.65674919535,295.2272797044484,2.38714638407082e-13
257907.546142005,74329.46913310025,297.81834320137324,2.331132865111391e-08
69438.82138067546,91947.65790308107,314.84340777841146,3.920134406847381e-11
10168.882058701118,35894.436253701846,315.6016149536832,0.012166846962372125
2932724627758.7695,72895.45800452099,344.1817550135022,25.864278134240948
104183409.83539082,105968.16177856189,327.09999034250967,1.2340466927054886e-09
17029294824.579477,30764.022473118035,300.741744962634,76814.92910963138
1952169888871.6594,77905.02038943823,315.3918250600031,0.2398924926214677
23568.846200478874,31084.65413107979,328.4475697932565,0.26924479470748525
175090348840.6552,43422.74760523772,346.27360364014265,49239.48924130984
936407.3458206217,49061.26672281076,334.5141338281237,0.021195307250800325
474891990968.7771,41764.15201715668,341.7155651109076,193862.79723964198
8074290165177.766,41316.45100778111,280.61587040783087,164647.7398684773
2544.34177609847,106225.36922464381,320.80884330438914,1.3324389600853059e-14
74205693.17418054,65607.19909043363,326.9042543837071,0.002412310306282917
691311524.40077,51077.13022504993,280.3912614163445,0.21441424054547795
18405753025.97756,105314.03794525239,312.0971392486923,4.278407641751053e-08
8384845.764765233,65957.12497465656,307.6164022587549,5.255614907376086e-05
2695935.283496573,34962.18306243734,331.48413742973156,8.301297360436132
140035772.26918653,80312.0379181338,347.14284110650084,0.0001169661746362415
826991990.4451091,95844.45221855733,328.0994072887233,4.658400615354324e-07
5012.110812132634,34282.97229331219,320.0362292100204,0.012806800405047728
1022.7582241199422,116998.15730587504,345.15462412683416,2.07791102442463e-15
78896671663.0264,37959.1156082047,307.600652437156,28260.897187410646
24821556773.54403,78159.26774842519,321.730423225846,0.005036489318733977
534566218.70016664,57299.570929613445,302.9653049375743,0.0728829352633771
685069.7620888834,119892.50125535892,294.8273601922725,3.973339164898853e-16
462587.3475831581,60638.0719631956,282.7853462227678,2.8910945167339004e-06
8301025086.460296,109531.35773404906,294.76420696130083,3.384378840612642e-10
158325.08687739624,37585.893158092156,285.2816293743827,0.020801952586161552
56788997793.62936,87554.56006824353,343.4080387958712,0.0026885878169663085
10547.16769738837,48198.34099694922,305.47324082266005,6.03122889054665e-05
5214340557684.717,56480.80994792293,295.43258825958833,531.0390536180649
332045230.3741652,80893.34636992059,313.9817399384235,1.2055519021308781e-05
142718.2033725037,58383.71654561207,281.1565329984228,2.0563231065940296e-06
1205343812.5618436,58901.406081013134,283.2646676737994,0.016758907627663862
6504036834.936865,47530.12941639265,321.55944763805894,124.81914430082831
920404354.8012036,98564.49075693008,282.5946331992252,5.466840521259578e-10
41773025.24457278,48602.6952408664,293.7310012114112,0.09850377299848875
677907873785.3048,117152.25949704598,303.49802740522165,4.703336960502518e-09
155140482.53416023,57159.11256996663,345.3080656879958,0.34546785897271143
11261331670.123339,37343.30031812879,342.128079559312,22557.982159645704
49844346194.968254,70050.09674360923,325.74940284355114,0.29934948068353906
1140967547.711387,88199.17184024515,347.62146856820016,6.43984446050341e-05
15249017.588089589,86871.1566843728,294.4073888184512,6.125698974307387e-09
5996096457.631027,85981.18787419902,317.8191971959719,4.607201612582595e-05
264403.733203175,50964.081903132166,332.00639866918107,0.002565888679658842
64128208.48573294,32119.20928683093,291.7973041675326,115.49003866959532
22369.431010316148,64411.839306924936,343.930290070362,3.7383233601231415e-06
16952228.81556936,49594.20947386128,287.54076740176015,0.017336059048854446
68353.96246058782,115518.8302608272,303.08769736453473,8.702252841258061e-16
6491188467.043535,49282.73059709676,310.1355273210933,32.119765977792625
61469.071587753875,31235.01639920651,336.5241023405117,0.9070555246257788
845428521.6356925,61652.24728168801,329.22124567090583,0.1408743445202704
7743.421021611041,34721.111848212655,293.6942921224057,0.0052444525369367305
38649331062.318504,33006.8238695528,304.87990118889604,89562.01777105976
41446255111.02389,51423.57327297661,336.450676906837,449.7142781573031
6085.809000714455,90218.07201897353,326.9772582178831,2.4057803092352625e-11
255301.97460177046,103519.73234429967,344.1208739424716,4.900557093894147e-11
338067188443.9547,103855.35792994474,323.35885211792174,5.634748130374114e-06
7758244.2433808325,48343.02955163304,326.29356135680064,0.14110838296812991
210035.45888869363,102445.45933445275,307.0532459350786,7.812617879821133e-13
29434931685.75936,99579.58747765448,303.0138094289226,2.0227867963713774e-07
67889386171.07127,39129.37115823899,298.7442460934695,10177.325835759822
1895407765.4607425,88475.25401329633,308.95894057417894,2.167766236769095e-06
290320495.2040076,53917.52803817894,317.1079068201593,0.392074115883512
1983173.1523676366,93419.62492645218,320.5584323316675,1.2335177034187306e-09
583259911.6184679,44650.89257372759,320.07899723314654,29.862881254858312
3236237132.5093055,65917.81279859968,301.2812659639596,0.011879285512596755
39665917834.3621,118778.47984921528,283.87283869876063,5.551824822802264e-12
4732099191413.611,93962.24082934074,282.52007532715226,2.071828476934656e-05
4664319628735.487,94487.49928875636,343.741456061916,0.020143007768739573
2379.8303047500444,67506.31357031058,345.1606565106322,1.4412707276592303e-07
452555180913.7521,49959.95753410406,325.90144385795213,4531.357783472136
6105154.680221538,57982.42632537527,319.1740921568702,0.0019570599524133068
4050567.921126017,112979.739193409,306.61053585766354,2.3165890201002603e-13
632225.7548942952,75234.67350409622,315.95206243084556,2.3240635727046714e-07
767061.4699340748,93538.32011343248,289.9613959712087,1.1187836644047362e-11
720719853.1696788,81497.32104651586,309.3006771527873,1.288175170748635e-05
4395725.851381977,63121.58856977825,296.85756990653084,3.5887542266521776e-05
45595315542.65835,68804.36939516175,297.23573112674836,0.038285612395722625
3877.519702778162,42808.77763710143,303.8746683160933,0.00017723473930297256
1629.8427717665797,77368.12791673234,296.7277571578507,4.071684776713295e-11
175822.50617703985,73438.76770551933,286.58062360077605,7.479949891122412e-09
3537673283673.156,63217.473650137516,302.3337731418481,42.61864617793035
490636.6158376869,115226.73826765244,316.1578822720761,4.597238993542106e-14
155391250098.0855,105860.1456103989,284.4074336472305,5.661283956113267e-09
6013596.180453029,97241.21905884171,308.3960311130995,2.068797926989314e-10
104644114743.08273,72469.68939428993,336.4878603611377,0.6026314638904919
7105.257015558381,49675.10054646529,330.3038163856695,9.752845752140029e-05
5017511.068860636,37209.883882339214,288.4943339297488,0.9481831661534564
1020415246.8670701,95418.27162005873,291.69947213976445,8.654596439604667e-09
2434.49822380126,92491.20376368926,303.6811099919683,3.104514902230823e-13
52960925884.152725,55648.977026224464,305.3885029395118,15.824620897729693
282310135823.8083,43485.41540976211,280.29287916483815,2207.7865611769494
185023719297.4477,60560.16383140189,348.7870021435846,155.02949730396372
15084.513135037707,68860.24496356412,295.026642242541,1.0012691486719462e-08
1561.1316183829504,41535.87765095854,342.7159545023157,0.0007585085805518926
3725.1361334243193,53815.233363751184,326.2913866414688,8.935695802747928e-06
5456220403193.202,57200.28326936307,301.25267864127363,672.475550269041
1730.449576576603,111530.30163127292,310.2336664970964,2.8593066018707286e-16
1083114732.960196,71536.87821035642,335.5403709217352,0.007751778766447151
414236105.060564,96788.73136178349,307.3622909668887,1.50968357274082e-08
8445172115.286432,93172.29279196219,324.48622919438685,8.621439185704869e-06
1764006.4982457182,41205.49501776197,327.4429306537809,0.49160631468820953
30132003.30007656,69281.46347465858,280.58153489453366,3.8595419255926795e-06
9003807147.111311,104709.30508010593,328.5294428511726,2.0877520051972398e-07
3001165.1843695426,70940.18729430312,341.94439165815015,4.541514505421447e-05
2402.106995363509,50407.55534446676,334.5716294325783,3.322866452759257e-05
428023.8700978272,79356.16459781986,349.93013227809206,6.160813419517091e-07
11053851.421156673,31979.967525720636,297.9882438906875,27.915367988796497
206958124178.04016,68007.12783700065,341.2371309180573,8.249697605260787
59856.56704402995,93022.85536423618,280.729813106992,3.0530012946314457e-13
21804022509.39413,103918.66473370658,280.51489405470215,9.770099623268933e-10
655417465988.9724,85532.75767372068,348.7643993010929,0.10209064270613119
3640053693572.29,74571.80624564216,310.4457410916154,1.046064085371329
346381704.23378825,73874.4709624897,343.4947584170673,0.00209363824719181
24000602.54725189,100906.39071412658,327.88657208931767,2.01371908263678e-09
396664354.0520247,95783.05174066566,333.77773501614337,4.0913316373854634e-07
104534595.34735689,93994.07416512753,337.37298782641136,2.8858664393522074e-07
15835.79635724482,100989.44715505245,301.13189952776065,4.71457156134121e-14
544488.6371983666,101677.74732523166,304.29205992544263,1.957011795814285e-12
29873.292319222215,41117.42174887152,327.8721979471055,0.008673550870658884
99186994.95632498,106300.09939062757,287.68460396303504,4.886043507347853e-12
6879.1900509438165,38795.44572691543,331.6531945923768,0.0055279838304700055
13099.792942387377,32727.085565082878,334.53976120355475,0.10455117803797316
40642141.38578725,116513.82675275773,336.0290358902086,3.1616198013669146e-11
162273.65695666795,118455.5816776685,328.5771862143596,2.479971025603613e-14
14060.660307170905,81780.1417198224,310.99729607538626,2.644057132632685e-10
255039140808.87537,104109.51114930364,347.48720864090683,5.8145432987570026e-05
2810148325236.4897,33281.35765899147,348.9070050052428,28675830.09402998
1302836279753.3674,76304.5928614405,333.79133375205544,1.5550763690888725
65485344.61872183,83383.36746616676,319.2963807684608,1.5082068979886134e-06
36981.06380675486,65750.99308708345,346.1727358274892,4.487788736029779e-06
9875689.839882592,80508.8134136695,316.25986602407505,5.059626729440965e-07
1996.6990729731046,64961.91180817317,331.18914174849345,1.1587633805542136e-07
2318683487.730782,90930.31642725418,311.4453793375957,1.2861292692418894e-06
61506571045.492744,44607.20612854879,329.65192823402833,5247.675446947973
2917367596582.0913,73876.76653436612,338.7238908024516,12.087354539280636
1375654485064.654,94790.98816771757,328.25964763703496,0.0011138547164745375
744024.2790926372,104472.93386714165,339.5601154332415,6.556744869338134e-11
59444.274741019035,39103.64240210332,331.5923140026017,0.04100264472516048
64814367712.80595,54153.311711656694,344.2392973207899,410.805584584791
1776526.064653907,113674.98209695649,286.80748414825115,3.5995904470832236e-15
2184913.4843099946,100350.13874508438,323.0167169726148,1.3089236547823637e-10
150693012456.50867,72598.24461267123,332.75439624486944,0.597851165637535
744038947367.7642,99105.90109988718,308.51338696291054,1.240629193666042e-05
6735.733796176899,107482.27071697995,285.6077603325599,1.4892995053330283e-16
219709262447.9063,79164.32113534366,300.9171518154141,0.004108054813025149
55583.99648914015,98510.43117909429,302.11262913406716,5.396391267247039e-13
308035.6369418244,53764.937387894264,305.5045638501834,0.00019663396891331345
36343.64769199654,104339.24156017622,316.99973841338976,2.3389811230882754e-13
7310325475.595189,45365.97542387036,346.48901904024984,1040.07002027914
2523308886.54712,70860.5197388785,344.105290957874,0.04624316053520915
36455700431.84869,93167.23521010941,295.88564154329964,1.2886780619990755e-06
2643.5555139667003,102715.75350932391,281.8787113717038,2.4657696866029647e-16
1836268964952.2744,107947.65577938146,323.7103538895168,7.284243357048016e-06
8783.190458127458,88816.98049168498,335.15142847012146,1.261686544376035e-10
1693558.8677983603,112803.97517047118,333.8952164870892,3.955138672036306e-12
5586213559657.142,116831.03425766008,310.1919983546306,1.205554223449637e-07
214733429.82174054,92781.10572032441,326.4919197772058,3.0686753024277466e-07
3197101978.2978992,103907.34176939802,280.10497887037764,1.340747131533522e-10
32365223.200829268,62991.11224720209,281.94801112826354,6.776279078238771e-05
1566.335367395396,38886.998568160736,334.6675656624338,0.0013509010575002002
1126689.5677387444,107240.92869489372,308.28106304497624,7.906438302316433e-13
62941017297.70758,83349.42493708088,306.0609577041831,0.0003776663539891106
45518.89923640053,118804.42240953581,333.66021862750443,1.1234773528921582e-14
369052600001.96814,98046.95960804078,315.87301365943244,2.3618511995624337e-05
249866.10608018358,82011.73566065138,303.1293077007486,1.899725145781296e-09
749226174194.5128,39909.79422766389,336.38832755499783,479963.26891128364
1891344.2781005688,49942.70868406182,329.49608265089824,0.023864237483692433
2834.857327173987,51782.58382853239,306.135019389172,4.073404137014286e-06
68933193.79658137,113079.05249680998,287.6615160614789,2.096549111152497e-13
35948.05430292216,47331.0485455405,343.12126592931446,0.002312597256045294
95771201.86402352,108463.94638178944,349.96134825585455,6.3230806959893435e-09
740585987.7366782,30718.067694284047,321.5554657898679,7615.406895422055
821361353.2872671,69052.35674596368,336.6066612800007,0.015719900652679038
17500563923.999676,97142.6531459798,284.02401709802814,2.4999457533647814e-08
1409.0539529053115,52404.06227520316,340.9047130499013,1.3534022840916881e-05
6092.062320201241,32281.665085289198,292.2229481435586,0.01027929535553451
10062687346.057348,105160.44938231401,298.0458465763291,3.849973939221549e-09
213635.6331881564,92378.14442791397,298.1791955240184,1.4318375322362372e-11
1037463718878.4492,96650.67020267526,349.4181352598174,0.003739745764426131
55397464673.31493,104988.08121259713,299.22693458789945,2.6492303103925232e-08
5573.260143516902,65803.07513737812,288.51411579449007,6.835437126810656e-09
10481754481.773247,81787.94316498775,303.00880569018705,8.214012524392494e-05
53490.3228436919,55918.57325307763,329.3147028562516,7.489828898750195e-05
3598.5242373732963,63527.384314580515,342.9607184142634,7.858665542386107e-07
54627.95486214457,76999.90908650059,296.2036024148873,1.4901073514662975e-09
30131.813494235714,87305.67598427593,288.2061089859851,4.598952391774105e-12
557121130227.7076,71037.81336872128,329.3134650137906,3.1412235360827747
1807.1437465648023,55619.48429851518,314.60314128216436,1.068003114285869e-06
31302516.899704285,99538.22130558554,315.2515739803653,1.0317804069011543e-09
18297.125508475154,81980.40904209128,284.692145535346,1.652690042731761e-11
2736007679.463851,30477.384592508468,343.6195990155155,66324.38050346871
5954841744.698646,109798.36686514177,346.842427919278,1.7770059347945285e-07
165524864986.9121,55439.6732385514,285.297377900975,11.775414454557906
11472465222.750254,97173.20824782638,336.30603901342784,9.166544518949995e-06
2541.2550834480735,95870.51673542429,319.56371030621153,5.548040834940202e-13
3960722.1073782076,48950.719167542586,306.1688228492833,0.017981378459375277
49718368010.82613,40757.19634181048,288.37690072311057,2148.177249379224
5572614753692.201,114071.0882981179,286.95426564531084,9.462363005547165e-09
7611.101375253883,33637.31355560143,297.6170592638949,0.009704202892767395
794339.7350791063,57352.712378202,339.2276579499097,0.0011889598555059647
105063829566.6213,114906.4057770659,311.70443313176884,5.9082388325192474e-09
67358307096.052414,46570.026411896455,311.6446275002895,1078.351597748604
61462683.85067197,35185.87676668113,338.38767750485465,230.00588126128292
27935916.086217314,82730.24749527147,339.2835602173019,5.234113406943666e-06
29275213145.80745,34161.09231037235,316.7645639059348,69347.97391091909
230959.3339321146,62228.92427350785,295.39825307360223,2.2661630835888476e-06
309170.8586803969,66393.90702528841,309.204748390411,1.959071930980083e-06
528076670977.1853,38046.049429153005,332.49669654606004,563653.3167154301
40485763.2332693,93336.41024790211,293.07708900614466,9.492266974863222e-10
3592.200986802316,83285.11327888639,312.32431554359187,4.4220168553562304e-11
14228.81422051195,67327.3486328715,287.4764512637862,8.711494398851494e-09
53603.70471194089,30220.553781245704,280.6402412621135,0.1281932315932767
1603815.2007549724,95937.44507147695,344.0762290191818,4.3738372515368795e-09
465133040.7257514,44999.90388345906,326.406902038864,28.658767386522857
25594.433563436327,64401.70592833186,283.5066308557939,3.5563753749109186e-08
15421.312794492305,93363.93361675406,301.575636941624,1.0442581676079445e-12
229880902.68059498,107557.8949369075,311.9206147709729,2.3190657721324244e-10
83291.57656761556,70023.7017600803,326.4064284127666,5.356862516503344e-07
240366428496.0174,113384.47802433565,282.9235981406601,2.766093790392897e-10
13575699.7241253,83679.51471110876,289.9168495699057,1.115436517370379e-08
372129344.603375,83546.97173447927,320.7314315116171,9.24355559301519e-06
5136.263358226447,69268.15500652319,329.0669491510825,5.298297985017507e-08
934294.0994802434,84911.54546016871,301.31997890574115,1.7473693143347847e-09
1922044576.7721913,46491.05155337538,285.5204008982187,6.012825691994254
470017835713.2526,70770.87045296351,340.7434124239479,6.632964943912324
105389.13779521697,35859.725760098074,319.32792260144026,0.14757587211660594
1784111229552.372,69971.46040536216,291.0231296051407,0.508797023490507
37248503217.201744,76414.66119326226,331.5107084306277,0.03386569787481475
477125763.2586345,62012.484392175655,327.7760208839606,0.06510642337981454
1885467.9192329347,50160.35548326611,280.0883903386497,0.0008404044465548437
6415260879.186237,108397.31296859533,309.9974140150709,3.5524628743384967e-09
975542064986.4017,60061.05483332578,285.82460445483594,10.10154962492452
8664714387.455639,102589.69297754917,309.1715291912936,4.219406713962966e-08
3861.3948117461673,59619.87139151779,293.876257958386,9.784198643485881e-08
11033247.760249713,83891.67654220507,330.7087516848206,6.49041413192193e-07
12970698.604474744,52494.578825824516,287.8046148342899,0.0038175389232417128
1336485981.1114714,45371.07579970763,345.06028240098897,186.86593420774383
5659204299898.225,66256.24377139611,287.25231905683535,5.207192655190106
6665164354949.064,96440.844268737,280.2460433448561,6.930008432162708e-06
694362075.7767593,118534.01935942135,295.401682928266,7.931574774540691e-13
208505.72027772217,51575.1037483393,288.01529894549935,9.68114054275925e-05
1313.6029210102276,57239.37079088548,348.97235941173574,3.727795404547257e-06
296638653.48561215,64656.30281367943,295.2302315269937,0.0011298655089603483
1841424366.3654032,94893.41060071428,339.6713086791692,4.845977195341201e-06
790088.1000672338,82962.8403945278,307.91507262185655,6.548055481553885e-09
38628498838.52121,52778.26887766541,311.0928297714308,54.7048423983154
9939691.100079665,38163.28777935439,349.17000104545605,19.60678584527649
165222.9554140952,74842.41041152677,333.4772759465296,3.118610516380346e-07
1432.360675259237,81805.08886979864,330.2202799674679,1.6851640734087907e-10
575590273.473307,36210.994683110184,305.6509165279982,378.19169991949474
638125089.7882644,64842.13645092753,314.4681402009198,0.011264769863756918
1224292.9087472311,65556.1772944461,335.0593720149277,7.431405382109394e-05
2188212192.333898,87561.1689292817,333.39495016078683,4.123955799238155e-05
12543.01826883197,113499.62840114522,295.13335593676516,1.032514774904618e-16
13671233.164655242,35410.681928014645,323.41650381380555,25.81104847523665
156553.7084406385,108702.35535468336,323.1047898206023,4.127663430851431e-13
412112724791.5898,75012.68391053562,346.1085171601597,1.943324007664239
122058985.09845205,50908.756343791334,337.65961869556105,1.7058542899073381
1336659.56305049,58052.637008310136,311.4483142997594,0.0002531400876064744
329537336919.7535,60884.408209732785,311.3869674358619,21.138699289645917
1721041092.9952352,107507.11675467908,299.076870620253,2.921437232064989e-10
3466915258.6048565,63094.008661254426,345.1882736255476,1.0296326746696962
188814.85579207147,31092.951876720024,313.8846123844115,1.3044934442800318
121003655.64464292,77165.65242040265,326.7501687530355,5.817978466415699e-05
8952.508261239316,96420.16086090093,283.8581899992269,1.6404622535065056e-14
1032.7180325396098,59675.01780256944,347.5147032431565,1.107759072745725e-06
231880698520.41147,112742.28796225195,305.26596799124536,1.2390697930417765e-08
56429.993063780785,50644.436834760076,343.32157420783625,0.001133097635154716
20787241.7958543,52817.5809827984,293.9639349815863,0.008795906688659474
4457174609.577651,38814.05098319034,316.16513660221216,1759.461382741516
456984874.03988093,111376.4514251963,305.3292329493453,4.139559091736384e-11
5367.523841110431,75891.10238780602,285.94151344820756,7.584332492911575e-11
813988101.229267,55744.596591891604,307.5576032301365,0.27173589465826725
9526345399.807325,56971.93999975415,347.3657975048751,26.61753185300917
6926606438.833801,112065.57486558323,332.5459307468035,1.6987260662382986e-08
1187.5366165709383,106056.70666684811,284.695551970009,4.2972375622856125e-17
251478.39433159353,86265.47766509959,338.1127772888926,1.1835430053732342e-08
887823269618.966,39672.58313568342,280.24880562040113,36895.239698514444
854265031013.2162,71563.47936475617,290.3414556540855,0.11351197864914017
61951131.39003801,47188.18719117297,302.09865538968035,0.4310676074493444
4254421769.585974,39744.010164891806,293.3173291440637,366.7393062213415
6105864654452.207,83947.44121594954,301.20109946005965,0.017370872978233694
133927.36881587148,50071.178969685694,341.32981034793585,0.0029259164748851275
69291590.3785137,40510.950805530934,280.4420127742013,1.9522206814336958
251970.70171988453,118872.73474624132,296.4072610573086,2.9231432714753564e-16
1203204372.5136385,40881.34801496366,334.7051478448068,520.4635049382381
322083026014.4068,55165.00695601961,297.5414804225984,66.83723360181403
133314288311.73517,95377.04465754618,345.145891377768,0.0004964552463260357
22669.726615147807,31037.758414752218,322.7641885492659,0.2140048258236021
1743005782.3331096,110221.02384136071,307.11037187781085,3.212351059170248e-10
211039.9998126791,45775.18973678073,311.1121127767298,0.004513067877714831
1795614222600.1863,56399.788295515966,345.0641911254619,5127.145697919705
38834677.28079862,33926.727236855775,301.2834265077704,51.596130262368995
4987.576896069965,51248.95125701677,316.05051791028535,1.7447051814120527e-05
33493607.763959207,117900.29472326099,286.2397903806115,1.0629971278101602e-14
136637.16989677705,111387.04770920437,343.7437853492704,1.6482505953974773e-12
1818704652.34126,114845.82878392038,302.41824413074573,2.5946896782471474e-11
36709.15756289722,59995.46351957082,312.29474856289715,3.3590007702769874e-06
356941579614.03656,104381.38455688203,294.9821155509425,1.1938598789625913e-07
170701625.46211824,115272.18942183364,288.6032581762277,2.360836916047157e-13
310261053201.0023,33574.192870647996,282.50086548467925,201384.21238544927
1247.1106107343112,62835.42485006483,320.149714151,7.118095150773172e-08
11004204.33739086,106764.4653982559,314.7601401713688,2.0770209717364387e-11
73924048.4034476,34670.92699926485,333.2934954641317,279.87860716029104
467134.29161417304,53263.97692492553,328.08971776217976,0.001542978663051802
1287.556622348075,35659.63071030081,295.0810194114296,0.0006267815905298459
17969.531810232063,107932.14323399635,287.3634317987231,4.299319352477439e-16
1820801.141806077,113863.22678904445,325.6193957470539,1.027275011830548e-12
519218.11546616565,111020.89172683605,340.4266991151217,5.0198248840935865e-12
1856398729759.2268,107586.82075870002,293.382270160311,1.3091567602683924e-07
105845.47391140975,78967.91909583891,325.15650056316616,2.222792700180077e-08
17254.447185983252,55088.090471856565,345.9811801037065,8.359897352104307e-05
6208844920.655422,68391.24484202106,347.99669339148954,0.334137123426038
7770231065614.194,82798.88644601402,297.5126413252471,0.023417128091301174
1592.2260164277218,90201.88058173127,344.6908411759183,3.4121927083606836e-11
34868.25773291414,70829.61526384953,283.40935663144296,3.1516812304750952e-09
89115331.42231013,52415.989720725134,348.66662313636886,1.2617362857891932
49387.09390355178,93305.11492784374,289.835383651588,7.647024658906741e-13
123907965.15219417,69467.17004334305,292.43087703538276,4.828877934142214e-05
6546473245.095904,116168.40491230399,323.06068607307185,1.086316919180498e-09
3712.7334877631206,48142.241630027274,306.7962516414418,2.47650631713064e-05
46763934.425582215,100968.21146495383,320.1705770634433,1.6142570815915797e-09
106638500.93984361,79427.13963200775,324.1460372771702,1.670863671082748e-05
18771.807347210266,43088.16796129373,327.8825425269967,0.002576101519407556
709111.246627695,34165.314967452825,330.38001182427274,2.801979195872301
1387270142312.3633,69502.38052971999,344.1978420419275,40.97910265726221
367280.2578156535,56733.765127125516,309.676426210632,0.00010357781597463014
3216635778.7757325,63829.50073456557,306.80311432280615,0.044147598841399606
18888.65061546697,80615.92154679477,300.87153701011323,1.9418114408145817e-10
107153143772.66823,83759.04825425989,292.483530799191,0.0001172933744637372
154249041.08097827,117238.5144927648,308.0713274579065,2.1355468424929182e-12
6115.183038746515,48475.855462802225,280.07175701389116,5.7833061188135156e-06
28001.783103539117,78492.52217767363,321.9511659640816,5.2327097769490395e-09
38379456798.63343,89613.82435984032,317.95877560782975,7.296743567050023e-05
58429317647.475395,56976.40554100959,315.7447211814136,21.474363173862127
21153.862157860236,76069.32960437864,336.2250621231655,3.261822301914173e-08
96235810063.7271,72734.79152885536,289.727948434334,0.007486585475090058
626832680690.171,46851.8442335424,283.87185164352445,1552.6524638510982
1131286670.857145,55585.13438451187,340.8794913787418,3.5333082616166585
2211497.2259760206,67755.63461631519,287.57237269736765,1.1103718490018144e-06
6762664.535298066,102381.36032106825,316.1272902246324,8.391366744485877e-11
27733400.172624968,49615.01370621614,330.1337920310099,0.39822925455268815
454307387.02642083,95902.46324352491,347.09083047450304,1.7479407612293439e-06
193778.39368688912,90544.88466707012,297.7518041316268,2.5512406299710504e-11
33554337.542968832,106190.3143077451,287.3227548459295,1.6897229110055335e-12
4209175.768152841,36834.00918187383,347.4231178541487,12.039506251371572
40269124.95401132,53639.39783877319,338.48143457955024,0.20870704303239915
1015700694968.3776,60075.66719540894,333.76853290891694,410.0453692484645
20133535.48960384,47926.41518601184,299.27859574220963,0.08992603473983056
2727166.244506477,82757.93514064568,334.9722223294494,3.437595504976666e-07
153032024665.80283,114878.78978420525,307.9874023920229,5.0157404826406305e-09
4294066066284.568,73291.94705448972,280.61802332773254,0.09804414516873172
19369959890.184937,40160.71095093172,284.28144624624014,800.0453992676828
329510680.91754496,49821.749274251415,336.7723734827068,6.306595244066409
206367266.73560134,58409.39607886271,347.6723800491162,0.34275574826416877
303525.4159725869,85903.9523519158,292.62594996528617,1.418998335737358e-10
226701.7819971594,71988.2477701871,305.9864287048583,1.1825944962547127e-07
3915603307382.9927,73212.52585224865,285.3122808972567,0.15576781233092651
86442098.11141106,49418.32883164172,307.4525918689716,0.36076759632066513
239515974.549054,104290.53459795231,328.87565717021306,6.462864889292702e-09
4971.7945636196755,85683.8119727924,323.0624470415808,7.03444760030937e-11
5459825206.897308,96323.92150968283,329.0142730878201,2.8174611681644822e-06
10271886.29960019,82835.23795192745,323.26499661486673,4.426848162135406e-07
26329155.81840546,43205.697705096565,335.69042599899643,5.085884605242503
15848.274686591947,52262.67836171628,340.5795081620984,0.00015638303014995733
122550666609.10835,34614.111308588836,306.7180209249516,156426.76055491818
418187352795.5901,88551.0619831766,284.740400282516,2.456629241853127e-05
334120.39020765084,100620.08333678816,335.5185354204189,7.425481724271012e-11
21338.11210841642,107355.99125729935,319.05443459446946,5.831683068151088e-14
20771392.642816193,118444.6251487297,313.4638193852723,3.8208718804968654e-13
4075275.8880251576,101529.04823772558,298.1982516220064,6.958622132140767e-12
46083.568900099104,44864.32008055314,284.5676750119465,0.0002644354593040041
1690.0466889985628,47062.37235699274,342.4619813476172,0.00011680265339589118
240630821.90645283,83168.70764283367,299.6107740840477,7.88757715738426e-07
114773.40818846691,87493.48981775652,305.9082829269767,1.2980073893099215e-10
155809587785.47577,56197.35954628662,285.8411336416929,8.646691081911841
85119467.32793254,76586.13112004331,312.11436001047366,1.299181516996694e-05
40767594884.41725,47310.412168884126,319.73734536162686,787.3595610461518
34650297.61536648,111256.7282409337,283.93492952584563,1.2287422359917832e-13
4191215543508.539,110201.0808344607,307.23128015805287,7.684007528784247e-07
964544265829.8323,66698.76901653229,349.5492096436892,108.36410425044029
23380251.052398775,83966.95273330215,302.1589471903965,7.449703282162207e-08
1310.7442934047172,37496.3986341522,291.03546659054814,0.0002560277717125283
90970.38832430803,103335.3485482448,338.38379200586405,1.051450365578844e-11
42752266088.00725,85773.78791829917,307.507436479091,0.00011441761716959687
409990.31828865386,41361.55002194441,296.9704517210484,0.02170776321259934
57689986.785781264,65741.3255997524,283.7436330829163,4.515399911930028e-05
439194042.30444586,64117.91018698706,303.8612644366661,0.0042422015107173635
105183434548.2489,106632.86259975476,346.5350419576911,8.938646224884749e-06
1153809.9276054048,116927.85556455725,302.9137266769626,8.017374807675176e-15
1982.963777837222,110551.68516556101,341.8051752265794,2.4791023941712383e-14
311728467.96262765,95171.93112216081,302.1219295340131,1.071709191486536e-08
14051880629.631302,36019.021034101825,309.49760730572694,11825.01972922283
20086207451.728657,102745.83210233663,315.0305805887254,1.8168698943656257e-07
705724776557.4056,34595.25314344374,316.96260620561816,1409826.251471306
94042.23953542604,51492.56577855995,292.8889185988446,6.083205808249465e-05
45492.849006908495,75315.97102962983,320.1679278061328,2.4479680851955124e-08
10121488803.483618,104308.806643057,322.9215948491725,1.4171713332324517e-07
130986633.18139076,55293.77878330913,327.23516955867,0.1958745453017869
423806.50544123503,76841.98798319748,328.03498865240107,2.5140244287520384e-07
3746.918502066649,114790.42089956992,330.11917633325163,2.6014847209907783e-15
2270.0519592758797,111329.3634543693,296.42285073240924,5.448059127552244e-17
1197.5583688398713,111883.8033056452,312.02903867772545,2.279212539112013e-16
143485.7031973331,54622.52298387155,320.5470734061452,0.00018111534514850142
189520537659.58817,86521.37076941738,346.8789009403722,0.01769546931215754
5920596376.113113,42162.9858402742,285.3089546825586,113.20799383264946
3159989432039.032,111539.81428904565,318.54542348621203,1.6118056960728928e-06
41649.51229225179,73830.25205898553,348.7734950884435,3.5859028328721315e-07
45516835.75044075,40158.25562463288,341.2386744357022,33.33625958430352
5498521131859.521,106818.810277451,349.7949516873648,0.0006290801868438854
232222659753.94083,73194.07266577228,317.03914281013226,0.2110616506539372
2576.20257757664,80379.80400070216,330.49254975088263,5.025530850745251e-10
248621976.29449415,73702.62610717343,304.4067709055566,5.5944527238825954e-05
1083837197214.1586,104871.49625606628,316.1898046724972,5.170256572241926e-06
208126.72659972464,37203.3709629688,308.1166865219419,0.10149554968914042
5947598.224507157,48909.304324875804,296.1294719256159,0.014712697381740887
20604.801421713666,30238.613472407065,282.11398572072574,0.05227833399424948
1466057.910485712,110485.34912164655,347.0656864596047,3.5706742700788435e-11
1728517.6797823093,76730.71407745693,285.35892517863533,1.601871461256526e-08
138593409.7785221,47330.382671241474,329.59886011514374,4.501127498311224
383042291576.1488,42474.45478967717,285.15070324555006,6576.389155496727
682483696260.1007,50252.04875483061,319.92899634137956,4333.356081558611
285406.59468835965,52575.38907882984,337.25578627321715,0.002105073487019448
42387924.76582748,111710.04519875278,312.94373016699376,9.45232984426884e-12
1509066520415.6924,94957.70846189448,328.42354086860297,0.0012014095592131119
8517231179.175085,89629.7154452904,347.1756092723244,0.00028002373607555436
74489997857.61082,118634.20511705536,303.27420132096165,2.7616280066743045e-10
17506.507281578954,114094.32425355326,341.07711078792806,5.863376138245453e-14
5689.92479160817,115815.48910537106,290.3432580897598,8.499975022717804e-18
906592.7982825959,43849.72295879637,345.8004771555843,0.21620240384624287
8390.828612150031,84042.7571927174,338.09897453339096,8.677187438463183e-10
283627357.17981315,106580.24912801628,322.3011901917117,1.5435982257971022e-09
10437488.860490838,49928.20763639342,304.0576890726552,0.02831869784736729
4737156529.247082,75998.57154153587,280.12542002295385,3.318157531722107e-05
3805382435.0464873,33269.54978493586,334.184284949304,24163.742430047365
18880.915053956927,50015.03311606821,284.9872124274799,1.3437854730046298e-05
25737.045516633647,87568.56230769142,347.30673211001005,1.7940447370585548e-09
63164204.960830964,32565.604401084078,347.6272326001525,798.5053502167659
160989801.61783788,102428.57920403763,319.68505656872435,2.948317790898048e-09
7733671250.162458,95923.50364705709,346.05479558462815,2.606213646981818e-05
17187185633.01645,32666.208291767292,336.548142980749,145524.36336316654
4333034355.946373,103374.1942886334,288.89960504162156,9.10872537035328e-10
2784776204.832304,34176.383793141846,332.3478594369995,12306.737162753932
2691641564.260566,80110.74970439932,286.01387899931274,6.4860094270989765e-06
1637914245085.599,74703.54486159897,281.05579292562345,0.02150623757481672
8203457.74995443,73300.1262408362,285.5212686197352,3.1421879223499783e-07
542107329027.1562,74002.64559609022,293.135323902827,0.03618822758322721
12580192.180511551,52661.985962284816,315.24595325777324,0.023197400614125882
9405948274625.553,97478.32596483319,315.26721269843233,0.000695528420312215
31932438183.61827,89358.40024503,345.0442369203287,0.0009648424277309593
1402744081120.3887,79656.13224370722,331.23034409911384,0.38345323936148706
1355758.4511542825,111773.20464814197,334.7578086733215,5.020592024792188e-12
5346879.591191014,72252.73680020726,318.4732967084508,7.64928895434953e-06
47336201613.365,85191.29662104856,282.04619333007645,7.849518828345716e-06
732708933.7456053,83408.52579859474,331.6014683724017,5.392339066366824e-05
116688856485.39638,39698.98656033328,334.51042687146924,76112.13930584645
3786544809989.075,73809.66670086025,343.33459002940737,23.263095886368244
5619992528.921163,76144.14803324275,289.99472360841014,0.0001061977238583871
388387837080.8967,85693.22140767469,306.22206754134083,0.0009594348002059228
85576082.8622332,116565.32545972535,290.43431448011717,9.708511823229289e-14
1177848410.1285365,74782.08939281483,310.6759939101664,0.00030846893366480086
2071794435941.5352,65483.7957680016,303.0896962661773,11.120179044994119
542137671.166171,90207.544169351,306.24494434938384,2.2155217203490463e-07
4713451468760.233,84030.01812228988,291.27726022482847,0.004171921368779792
2193.4835153160525,101492.28673310319,331.1491994127525,2.1586621368275428e-13
226387119.59761536,65305.5234569757,306.2912028904517,0.0017023854205865513
6103.072853213289,91929.31660042965,342.3558932703651,5.884394939844504e-11
331206429653.8581,47402.42559436208,317.52402021257353,5304.4514420564865
1867.6422116107476,48986.19991388972,326.84568021204154,2.7682906224709057e-05
1136129752.8689835,50157.70574832562,345.50435976362064,29.62486551354661
465633470325.32806,55781.46954173426,343.2239356187253,1504.0278283280966
1178640.3431233005,82562.01966086416,345.17797422744366,3.941457873980653e-07
1821.0539318031413,47507.46223080388,297.69862998575866,8.716534688540772e-06
109173539.38752086,35107.92749294204,334.08236474585897,352.22202941880215
1259713698158.1323,112335.82183281734,312.36998532091707,2.0520368407313836e-07
100473.52636543244,77111.9172519282,288.7930275955113,1.1395470814528125e-09
1772811.2961239556,107053.83153930002,287.09633812724974,5.8828789421926e-14
1193.9307132723686,64123.80251838261,348.2691703061833,2.8942371464363835e-07
722442.8115103844,50315.93090273021,300.6744968210701,0.0012851605393115187
53825392881.190575,53961.33353799904,290.4096301237431,10.680533985395538
19954887.720915932,72918.62710189882,292.2533221760024,1.852689582619493e-06
26285363.41444381,41464.33031407863,291.11082047351675,0.9754968865497704
2558840.6464069034,103232.40018867298,347.96119700584114,8.140373114679984e-10
1800592.9499337107,92970.18861577909,332.520245025242,4.633968910036321e-09
1643.0396372413625,119502.5493046647,316.2908725701885,3.054766291050385e-17
37760698.137766376,96615.95772386857,288.31988931932676,1.1994986821834504e-10
2353657204494.9976,52533.23153682451,298.43861281038176,1476.7759652953575
5150.026699139292,112920.6428222,327.8555316011503,5.32656657349684e-15
1708617346.2844186,82222.27543498222,287.59564037165615,1.982888572776378e-06
3984.1872010978964,86132.70286495115,299.19744699986643,3.833336894263392e-12
295844259207.3535,88800.1808405656,307.79404817572834,0.0002586758144198701
16922977.527844336,82813.44715925807,337.3092347987989,2.507327076191208e-06
28103659526.47211,65852.93112191389,300.8140120690094,0.1064289614604721
2565942830570.88,49218.26708470215,349.5165524907154,115562.16710431754
822896.1128353215,41737.91382608507,347.6383485669939,0.43685083619861104
124134719.3899403,108104.13553418855,283.4455279968826,1.556922333161417e-12
261774637.22764653,34684.34213810199,315.7512543267916,473.51686045128275
115190.92247974893,94002.37550961254,338.94868923242893,3.879668519883702e-10
64102192.87542156,60633.15170523766,289.02494003410897,0.0006983056181514875
177510.53799701037,113875.46490896915,349.83824198923423,1.7755155556026312e-12
3043.364785332849,47464.00195075112,348.1368059580747,0.0002272459505209048
4399943948680.096,76750.62913128413,280.44722037672744,0.022281484609098557
819127409.2867426,90332.37115324268,304.7938618067858,2.7142386005706186e-07
5969194704.586468,44257.92554121414,285.26845991891406,49.12492735465032
283198645423.62885,87467.64903221405,303.0088875054387,0.00023895401320735658
4564877484.183346,61028.316152186504,281.81144675941874,0.023039736533876067
3055497.5054138135,38539.30891625209,296.9380464602773,0.5321714016072078
1754797720.4857612,43242.80765289522,339.1691478973832,387.1852156804978
13648944.018037215,67661.98397319482,298.4136475780292,1.934880406978303e-05
1275221249912.8086,91896.88617806559,287.5094666080452,2.622445245126e-05
7765100086783.716,100515.90441108654,313.03942230132253,0.00013127328509407918
2155840219.067641,74857.70411621185,304.4405185029891,0.0003048133985553952
85376660.32211925,78513.46895142974,347.6136615324632,0.00013331533917692123
66793477.39063498,89326.5485961434,330.6717925849184,5.427388079819293e-07
98338414.46195641,70491.3244444156,289.3117960269938,1.877726177598705e-05
959938455854.0509,34809.82529893631,303.02418756665276,973165.7773305293
167130552719.90982,35196.25228107498,349.86110181836614,956548.8862927055
85173529065.01753,73816.6507100061,309.19062042133635,0.028682034851386616
25746.013594549793,39759.35857768588,292.4571367170683,0.002132738202045886
49999.17111883836,77816.98243841648,280.09490129148134,1.6087484704377615e-10
1228.8694469287557,99729.25639892304,289.84754146896427,1.314006527134755e-15
381619074.6082146,97347.62345961976,334.0670718807399,2.3168622693669072e-07
559340.8449002774,52990.74358290102,346.3852672227575,0.005946877382971317
3888713.8893136103,93732.3745311476,295.813774363061,1.0730963139593588e-10
5029.275914707375,104121.70225400034,293.1195445663858,1.4246144979171832e-15
436005536.3826319,103408.40441587666,316.9828270167203,4.0725417120291895e-09
386981665524.26544,95304.87375490012,343.4929405600164,0.0012194010033915645
100818139828.2879,104528.40400322268,315.05328678090586,4.908784773959814e-07
1268.8394570659318,92446.85373888834,319.8032822253418,9.959637414685463e-13
21980740.375157855,63843.22858597338,349.07595272893474,0.0063967078084323946
1013.7383772021735,73056.68947979202,318.95605320996634,1.0893285079695179e-09
5858070829.535682,62405.72745913869,330.1514249253521,0.8032596650990679
67722227320.938255,53941.538907257156,338.4886610494578,324.61079931752033
37386574965.4646,39562.74105357248,310.74686805103664,8412.04330228524
12676736177.571665,112506.03662724483,299.04829366045385,2.862970329525111e-10
35750.143748312716,93146.84647653626,319.973627636477,2.3029273002639537e-11
2062.737669040771,101427.68289695885,301.06885746165773,5.264171990210918e-15
79562154435.928,102673.79756606041,344.09876913394237,2.113356604278333e-05
1001.4191572668772,46784.940643693495,296.9438066261422,6.18507702426395e-06
352400007.2382299,38681.96771788608,342.26346052900766,454.63605050755575
2495884628233.2603,88210.96849288819,283.7505849398981,0.0001494538144083911
859738472185.1096,93689.48526634349,307.146397239507,0.00010026276180285002
96654978376.20656,93071.40213553686,285.4533756796614,9.151263775166845e-07
479477135.8523008,113371.35633786218,348.4963178882067,4.792538431480771e-09
27146601393.211727,57689.831869869246,297.68517251912624,2.069009298130764
786503046526.336,92519.03560020553,292.25655291672325,2.272420235663002e-05
128254881.6022733,36660.9490027245,284.2012957478255,24.084818350463284
3958952714.042114,57040.169094679164,322.64652607488983,2.3210115441512054
12008610085.084518,117262.58533031633,313.1501975139636,3.3654062062286093e-10
1360951337.9406252,104650.37433619091,319.0516840471314,9.872068339796021e-09
2038336.9943972318,90973.88333434178,307.98255031284793,7.591645714533789e-10
111841931659.99414,117524.91202673787,305.82941453124613,9.324008901771133e-10
972638795.1282371,67955.90436373449,321.4733944854679,0.009221056845951783
3773057.5473325565,57839.2485978043,298.1463427240013,0.00027843701152211906
456456807.2170477,97315.79808956604,349.3777552329479,1.3138215037978618e-06
370151.95611401333,33576.78469226347,309.10604797467124,0.8081274133717975
2512760.078344937,114583.97146777206,331.8878396552925,2.359533125054029e-12
218227328335.3371,44248.900467217405,308.13897890564425,6978.212958807485
34743344102.09722,38764.49954964646,290.8799648239324,3942.47044652627
23987344.792442545,97130.26467289652,325.5631068075787,6.337927065855783e-09
611486.0310598814,113241.76978860491,319.6055301973995,1.9186289214481198e-13
6977552.7430753885,45658.15811335136,292.81520521676265,0.04968779432855604
1033814.2056518047,112256.9634784411,299.7621620999764,2.930428637194946e-14
6834760820140.661,45419.0900114432,329.2407115968852,443800.35122039093
1007.9112090594239,96036.00027455829,348.24180247645535,3.9294741389467334e-12
1102487.660744313,83390.71117625796,341.37689535393355,2.004408581803323e-07
12330.171233326002,119678.05510131503,336.5588339788436,3.357396131805905e-15
64649054.10697996,92097.39227355781,342.76188814541496,5.900519537558159e-07
68173689.6862453,60460.838289773856,332.1899698887,0.020925486306738
8347271886.244588,115062.7078012016,348.1279666217796,4.638821141691775e-08
53803493.151387736,83932.47018898823,332.1646260321768,3.3877892777692274e-06
21921860325.02077,106004.09482987957,348.92499436669647,3.075279382303109e-06
6233650.773646523,32309.249064419808,293.829555248704,11.597015142250703
687044758611.8253,99890.74733230012,310.0083741790968,1.0366673894550504e-05
365627864.77873415,96101.18382505505,304.68592446434184,1.2722641241926935e-08
10907.096495072707,40953.43212808132,305.73624225877916,0.0011260168087597914
291871076249.5323,102589.3286717873,313.0596025636317,2.2610404223632627e-06
150272090.17610937,57296.087133438996,291.7331629337961,0.008679798131916334
3796455659.3608074,87234.87915164558,285.9902631033543,4.5483120152749503e-07
679648976.9029356,39153.187788219126,339.84759473473673,661.9461627711968
1486023697.5147429,107109.05790306805,338.9594212246298,4.799156027243023e-08
2586.5456598310657,89899.88186480696,338.26296891559525,3.381044076471427e-11
8948225643045.764,101989.87090413309,294.87435076937226,7.889202415107188e-06
826653691.8417192,53775.4621501491,300.15452872106266,0.3643147645427975
3341416.961047196,60363.3478342343,288.81911545482956,3.962782158142334e-05
122869132720.20493,66754.84489660963,282.73621087736154,0.05754456455310756
4600899179212.6455,95175.45275167395,347.93425026627375,0.02372157091926254
1758188987896.112,35520.94368418215,320.3690249543034,2977485.8127649017
1904634485.0063643,44836.88308751068,339.90873262258947,241.2172956978247
64199945.87045909,42362.49659555266,338.62881990970413,19.471810863414927
4636.095280764462,100600.85448101825,337.69815532189716,1.3148254883616736e-12
716529545.8004961,118504.68867442328,286.66997395762684,1.913462829653563e-13
939922.4908575199,44604.53994499683,293.5836681530636,0.011066754224381253
1713311667.2785125,65476.88500792894,295.5149441415306,0.0047876980320841755
780836719.0534866,111877.7362642933,304.3985858294425,5.090619062457324e-11
2705.5326936690426,106189.33162883422,333.74782918354583,6.40676080713589e-14
106047251.26069498,94383.41540063769,345.07626539505236,5.607884666257322e-07
822881955.2394158,89505.69443073557,288.5032470978527,5.352728443825466e-08
1278352222564.9019,113149.81905042082,343.2217049700081,8.048334147470791e-06
7963.91929982683,81601.799974872,322.3834467114134,4.680485712928468e-10
1235079082.2399158,35758.399443715716,317.68040589755236,1598.0332652989227
63597018050.577095,62807.075070863815,320.0694093780578,3.5976348358090107
478741828536.7327,33602.13242031608,285.31738309650444,332091.83921490813
526766483.3744876,111305.54701922822,287.0596194079741,2.9978205583972784e-12
572428777.3248732,92873.23283266729,315.48955032723114,2.503957538934607e-07
39907440610.445404,53515.33877852741,313.1871568777906,46.60723622905323
1375546634.9228277,81043.39487550738,330.1054233439141,0.00020288964728240944
6528677313.70104,103726.43090240927,313.4720015857479,3.4394136463662924e-08
6378.165549026131,43908.754610325755,284.58001128270394,5.7226983462292056e-05
9418.704742848859,88063.38068158859,306.80569941374176,9.924186374746248e-12
1553197.0711780451,66355.45743612436,314.5316146343698,1.4790722783729019e-05
21320985521.972942,113729.09067222544,283.0511375425218,2.1974997673033633e-11
207419112.86724445,110294.58215111165,301.4179148878499,1.5861425857260198e-11
5836148210386.173,76786.27537665702,294.81416644739505,0.14769167808816058
9566646971.728498,78086.67009407922,337.7851317607409,0.008307110057810131
110345.31289914898,48527.13680325933,309.079182492821,0.0006905511985379159
1043693.0446788052,69398.32706874405,281.01248711191283,1.306847599835087e-07
13626.307879452366,47036.78180905615,337.9327722683469,0.0007571868284088851
757515171.7015611,84848.98035682399,313.20783296360014,5.407119735477215e-06
496275683255.2083,70673.40197527477,297.42314583159026,0.19682023010949057
2228.7497589269806,62498.11528111994,349.29492443863205,1.051458645546298e-06
114871.55668147214,66696.13046713307,348.87382734766385,1.1621199229896004e-05
1825716670922.2126,113457.00213557592,286.93895313155593,4.11321412882296e-09
1272034803.497693,71388.24550866443,326.52599595508275,0.004888978794501342
128838568.5045165,77060.99855427866,298.963095390198,4.343823632524009e-06
716768593389.6497,102919.57562624004,318.04086368095875,8.782709912842018e-06
47420636.73394872,97068.44347227902,326.4310161320046,1.369899820576009e-08
438643498546.2326,56674.2585242169,327.5109925298809,418.1697939300729
29530.37300094142,46817.703954194934,287.58665790276734,9.352439297626288e-05
1533.6911437186614,70739.6503967228,336.82755762721166,1.6640749208112633e-08
1379.967777987095,83424.38460088632,311.05389884897926,1.3660292630212305e-11
4494979.027242526,64273.432984165294,323.2873430916879,0.00019120516361077877
1047758.2765414736,90925.4462478537,348.24838210036233,2.401307819875937e-08
278948.0339976467,112234.37981368157,341.34963970716876,1.87864978206372e-12
905481.8290595397,105341.07919483802,299.60556740560787,3.8787231367585775e-13
14614789.86337839,36706.864372186996,332.1263758147827,25.82877840133054
59636462.962382756,103617.816751536,294.50567727469513,2.5331821863307405e-11
25946714.087812435,119324.82852651853,333.232925369221,5.200903634933126e-12
4532211850.991708,112373.61258738358,281.0653375899551,6.122336165334497e-12
88388852583.50426,47537.036446904705,308.8466967806019,811.3372696815933
3518.73876227826,93875.53325781721,325.7617639601682,3.2371301423071493e-12
183567461653.29684,75984.49645868855,292.80166584971334,0.0051747231298039055
1089445231768.1907,95460.72031867356,336.70844134281947,0.0017168127317902183
8265248599563.772,37921.44956340571,316.6324651771223,4500494.629529035
38165124.8693675,58356.2660212708,281.9552139578512,0.0005891922246343787
808913.0139154159,111695.56603017656,284.76569218045904,2.5973863183172584e-15
6354606953976.153,95823.28497922861,314.4118291528946,0.0007943663879178855
329043596453.0234,99745.81826853158,339.8373524699453,0.000159454557108827
1469490489213.3835,77339.75022437179,333.1176399699772,1.1026523399486057
38643957.7601936,63839.34014905128,304.7857580720396,0.00045665103937737216
266154710.67385557,71634.63094600811,282.1569915989631,1.4600289230299922e-05
1339433519508.1096,56194.15708053995,345.98312143893094,4479.410897892073
1677.691629761744,119988.12161238345,338.54742260781154,5.216290805819934e-16
378955282796.9516,76865.23312718954,330.3546894716864,0.27852820875328976
158341956262.6565,117227.04011707811,330.05230988820654,4.629906832642477e-08
14470.532754167794,90195.65060542722,317.0358840923637,1.9896755004074102e-11
4028720647211.8774,60030.11082835926,300.1520611468716,150.89404488642668
449833571618.4596,117937.91493819226,342.2806331148013,4.4881960025140155e-07
1420834679306.9507,71829.69617969707,335.0626103021329,8.944276186339325
4420491.616250665,118337.296092765,299.5881629814287,1.053413868888721e-14
1741.106793942385,80917.3818661529,349.13594480046737,1.3359723504684843e-09
12908362002.80692,83148.08620718647,308.45238670381354,0.00010939651500439588
183844730.1195769,37737.60454939754,311.2789137959696,88.18611989926698
323440.6497324074,115908.27172074569,309.1231369160775,8.724994312541596e-15
9015.232679909092,94974.97606183158,286.48631044446046,4.4409308461074894e-14
24982252.502433654,117068.74554894093,327.8590153221495,5.809122389667194e-12
1012332379.5692817,81635.22422258975,286.3359529051687,1.3110986567853143e-06
73091288.20581867,114735.09184911348,334.66500840730316,9.203535862725236e-11
6757848455.61434,54936.28967229707,344.0359769534613,32.09717005380856
3575835.742547876,81612.34521592449,316.11070161083603,1.1934987495007184e-07
40361281.928228974,32563.837666389376,325.5616081092178,248.30455274009077
447618448.6137796,119398.9299841648,344.6343706743405,3.551820911931414e-10
235411506.65828434,36440.02871745813,321.30054994044934,276.7606009593792
1302115496069.7097,51330.730101335954,286.0143590146215,538.428682098053
2164914.5884187445,115812.42959742821,287.17040099709044,1.8771854678990465e-15
34465134.70395832,88708.71172545143,322.04745995194656,1.4104801899742054e-07
76513.95660627435,83634.74073486602,320.85353873095056,1.915186325087237e-09
15172.394701511308,71417.90837493016,314.05400066074486,1.9853140726788938e-08
699718987127.8335,56274.48886187753,318.52999981913126,428.9056417645861
178298312079.11353,108045.57135043213,341.8174789501076,5.4222070412308825e-06
5394747160.672556,59894.82436920513,328.1389030370582,1.5911882737070144
19785232882.668682,87750.84062142984,280.5160550040278,9.185446502523386e-07
9105.81826937905,100961.06347559078,280.60874796158197,1.5306048811203363e-15
14767274.279086486,47776.196776854864,348.6266562955371,1.023060455898169
871415.4355065288,39969.78824742828,347.4438683113981,0.881876129590409
9245440966.714626,105813.05358929004,333.4164598711619,2.4602344980503975e-07
496415558.83210784,68228.4071806219,280.904623563274,0.0001067910238027796
495134101.9275496,81991.50366582832,348.0061365405021,0.0002505201020425284
645180.6399535467,80465.77880619642,343.48364595897124,3.676020633939808e-07
4749.012414446233,83735.33810509168,295.4679353019464,7.797666500937535e-12
40222811.76932527,80516.8292084561,311.5809599766252,1.2785519875811202e-06
88067913.2550004,102599.37655084774,295.8120232777109,6.95315933782379e-11
676964201171.4728,45250.018833016315,347.18407901286946,104484.6261315862
92940947726.02335,55787.51208701168,307.8624344755155,32.64651092925437
3021435.616656191,44153.19772202993,324.2872154252914,0.23182570942590608
27654906.206757866,113655.76631022699,342.22156594675437,1.269365746410112e-10
2056725.3841843917,77406.42110045839,335.13157253850125,1.8453381739247944e-06
197844606.923793,69737.85413869293,293.9563970704135,8.203764438575157e-05
15597.05768408395,108926.11860884824,285.1538370177313,1.7901762654682524e-16
448578774116.74304,100622.139546029,346.31409494609164,0.0002982971215139014
209465.514118184,37081.61815404162,296.0156136604092,0.06027597520727263
2821435106.059901,67645.65115598323,325.45796921769806,0.03845881438549279
114566.57585304433,91622.42067943771,321.1310683046812,1.4842088802281683e-10
1374539649593.034,72252.50247131987,320.1427167059085,2.237021577997413
1206.4784967389649,86257.00380348871,347.8881521099166,1.3492671716017174e-10
1670091105.4352846,51151.05915984073,346.9008231142489,32.68855078610162
843032.4647325295,92733.75306667952,310.9372348451693,2.3175951486502177e-10
32295035.338080592,54081.97263961316,306.7200570839333,0.02020044256472822
118766748171.29176,68435.19837036857,295.95469924897003,0.1039519707475038
81510063670.66115,116797.39762551014,288.55554566014337,5.77581158107447e-11
54057150.12766648,79207.67888132064,344.2230886371308,5.277450878645744e-05
8746.048128732189,101765.41797909109,339.1089081169092,1.870520257202385e-12
1092546492583.7335,59316.5925188155,309.67235347159084,105.9922254682188
1028382148538.4192,78503.82057358255,296.50458560930434,0.01590722482464216
23102936731.628025,103033.50679035047,297.74043612440505,1.9033629407880733e-08
3897068.2223141594,33578.02565741656,290.37257285385783,3.6252007242468904
267816799260.0015,73667.76365127755,290.7104473626454,0.015399514216892472
1665004924417.275,115522.8125280506,306.76085395942795,3.528195667857069e-08
4184548724.4433126,33839.39985428021,310.71973610252917,8636.848051739451
23807280.678292494,44934.86981950204,305.58006348998316,0.5152253374814598
10010.934279063738,88956.05064413499,285.13019385560665,4.961408732399541e-13
190621680923.27283,87335.84911817507,341.2384916185752,0.00808402636368116
738224721.3995998,33602.02825738998,327.69587812355786,3405.9272769745144
9222690840629.166,75054.02523661096,334.39008962266325,17.644549444888245
26497407924.485416,46185.26853657748,309.0324561798575,422.5494420956383
508952.95581475535,36299.64632087145,298.6111300978056,0.22470834816422958
8400781803915.914,39014.902188240645,333.1257316014279,6668534.571748588
447262575163.62604,46006.011572808566,297.4114503267974,3856.906017983052
5767620436791.914,40025.91732197268,315.40906738204205,1347641.7076580108
520863938.17968017,79644.29079997409,327.681598467623,0.00010770809584984791
1135198261901.2615,114359.95691953793,284.2642481217182,1.1447614101305896e-09
29649289015.851864,72660.85047858735,337.22361004607353,0.1652163881859201
330926251.5459961,74443.57059750917,334.7954171861068,0.0007921857474669097
2041945.4481189912,72943.90217728174,288.69658087640687,1.326773950609098e-07
439470902.2093013,105931.89211203624,346.89795066699963,5.1535442891092914e-08
41143614.45998849,43413.30220533909,332.9264439316014,6.611271819017702
35263107773.16587,72934.01740893949,303.20531773533054,0.009621769223777818
1895430.5857458143,54338.31139651695,288.4983403388801,0.00027913464511597843
29847.97186748578,103289.85424202438,304.95989377055105,6.023017468550663e-14
375006950000.6291,60467.07614180393,334.0464621985872,134.18437363703782
1944429009.954024,31317.556621962205,349.2801532567048,40946.60279975734
25957.8446391443,96790.48368030539,284.3564997072875,4.429688646741886e-14
6900337055.375447,105090.21056384481,293.90667232654096,1.4409987600945132e-09
299078166156.12286,51012.56336819533,307.33558590862344,626.1050315599637
13951.740621658006,93526.7992067929,302.03761016208455,9.517778753827485e-13
36130695.22027574,31282.43481185076,296.351040235528,114.89727865003506
1687.831684550516,91932.14115118467,349.50779887475693,3.09088063300309e-11
4119.071768320815,42639.343057937884,333.853592843529,0.000880857683936942
1763400.8059401906,57457.71963006961,348.82577607140945,0.004513449620387243
7321.468594792726,61420.706101886666,306.554506474039,2.5213638998333014e-07
13940632086.75552,107687.10480291094,290.7024839924121,6.273143896217443e-10
362501765581.4638,78084.75031068601,301.88077386223836,0.011114706418690666
388375.79217929987,35159.671727465924,347.88922535958903,2.040557559291956
307150266291.62286,43515.079730082245,296.50847282260855,6837.948612205646
63391.92770914763,74732.61152097417,315.83076705129594,2.854172856691107e-08
3338.8523319682236,75035.23494861703,304.87029202367324,4.850193573361984e-10
12944008335.256067,40119.583619744146,289.25779906747664,752.2841106015655
2276.9492216450594,57219.50317520306,320.6065297663867,1.0651530883607906e-06
538213.2804287818,119193.55192908894,317.23522550264005,1.2669666799710396e-14
706790.1961646883,106134.86582349049,311.93891021376265,1.248966652684617e-12
16128191.186869772,64597.25680635951,308.60529163792637,0.0001968523977151485
4384441861.215163,112885.32072499253,339.72295648799087,1.89847079442732e-08
23548812384.941505,76639.93728127776,317.2590391739967,0.005689658249171148
15718919.790545685,39463.29059814151,305.60865322438383,2.838532892749599
3420276481528.3228,90161.68874662489,333.1676284036978,0.026221895334873308
1652.837094363262,65791.69169156483,285.5668747813277,1.5578751162415047e-09
1062325702324.3296,89019.28569826929,330.0727523108767,0.008536463315694033
26471375.849446926,103870.32911215315,281.3414778222247,1.406758931577002e-12
1094988607281.4648,89028.15478710932,328.0764287611625,0.007665850242573684
432374388.8326973,33405.78631671316,322.6302684335067,1754.6793549202177
243349127.72138152,80547.35093754598,319.94980438476796,1.687178144180948e-05
1177441018407.1277,80718.96440374739,335.6489267802941,0.319197085417004
1557605117358.8662,106014.10043515991,318.89999728065794,6.851773517407441e-06
2916827119.641392,68431.75753639232,293.2485066276739,0.0018502606812499031
23102741807.267506,50891.79010681178,349.06434824858854,579.6913280138891
1471.7112355429817,61461.58574499251,309.2845615889398,6.348083413447563e-08
81034828.81464754,78766.2080791355,327.4396132959152,2.2074554289515337e-05
12983.276059234286,71486.70216571499,325.93556360907553,4.5499385811337685e-08
1926657871385.0579,63326.40714723353,292.21774824629045,9.426346730143166
86617253.52482536,68552.55630917785,286.00216228622634,2.681848918158325e-05
3773.2735955372477,69332.20601022975,307.16246935822386,6.374081047480697e-09
1322576.3801169256,102181.30186073224,307.72792852611474,6.2498151751894035e-12
3982456702267.8877,117081.30953029792,298.6316226766147,1.2940763246474728e-08
1005.4520817231563,114133.29638265198,288.66709652335385,2.2743979381345806e-18
134472502359.61948,114119.1621687827,291.71350864707773,5.055585759913526e-10
532132350.3551368,75182.54513613853,293.98504480684693,2.389812984992059e-05
1383004.0696805485,49611.25139125834,296.73256910186024,0.0026669324381604475
356037134.1003373,69849.83751017117,296.0456849414983,0.00016526486812716207
130527931.93652873,75421.06126640429,321.44208207963345,7.541785530352905e-05
3741.1552847830735,118288.65788073828,299.59678566232907,8.837719444082777e-18
1074905929348.2197,106472.19502235914,311.3714910748804,1.518169161713276e-06
34450264.676757,96374.57529303616,323.23580060942027,9.273416757947723e-09
25216009044.53442,70975.38273386803,315.6850743771769,0.047158813712239823
3346286240.3985715,32212.387224968632,341.9317826083372,40026.80390110387
300916943953.4456,33633.31131794827,288.06054307046014,235005.365720403
4357776721649.904,99557.24800407178,323.71343477055814,0.00037587658036366536
266401.5253193772,71315.48427847904,319.4273482549172,5.797747329517099e-07
497647.69702184014,31901.47032858782,300.6611111511867,1.4755681300542942
3357498308597.456,64073.080807531376,322.453164275987,142.30992493118097
1515338316798.157,89861.74095162819,331.23580438873086,0.010469661794858006
923384991.5753684,46359.38583212595,291.33969362761223,4.434281356248533
319870.5512434322,44970.86085859823,303.51660676288475,0.0059086178805184296
20674.294337190506,39639.70926962507,335.9479175386906,0.0145000277339069
93271574.37551224,79059.6938088588,302.30820859806335,2.0677356334603583e-06
4877.363939878191,63008.58522492912,281.1942039940509,9.977220998414945e-09
1291569194.6919286,51784.9611369915,287.8973131194441,0.542047885078495
16245.94856830999,52158.78541669145,313.3954434714577,3.404156905419268e-05
771738901969.4425,118678.9838977163,309.21063446511783,6.854274862988781e-09
45740.17646807932,95460.50325098529,345.3308046272656,1.679381800785137e-10
36521949488.53569,103746.48082525664,313.12799724600245,1.8722003950051792e-07
7149010844850.697,74594.11677244573,312.1133077431151,2.4405607716416537
138779.5382167214,112236.22485217363,309.08078821024634,1.482698490693511e-14
10157.326557189886,107439.32516913161,324.5638068723118,5.4172326196981574e-14
26475.715056661997,59957.667441177386,328.836624699954,7.87057170346419e-06
209083655427.57724,31224.1361754679,339.7181588817516,3469137.573330263
15813482.138921386,92419.38671272907,318.5821065299073,1.1477915759612903e-08
24598.048174582542,47346.87523096776,290.1615334216992,7.516706821461461e-05
1090488998.4117785,52672.069174479264,304.74385293849383,1.0010521153833396
221528903.84763315,41290.311279417416,347.739114506348,138.24451190493065
1527494.8431213924,94330.15066225061,295.2553729030032,3.147340825167763e-11
137997343.61304343,88181.39001450504,305.460582985358,1.1690238565888454e-07
39257061.199922785,50088.66017066437,347.24582659129794,1.1271483501873005
7594676171620.035,62868.30883266477,310.18424697243995,195.80466387428606
2914782.455297767,118252.37049895508,298.71367315424413,6.364442729409119e-15
353298344795.21344,32305.301371281614,287.465422525993,487848.0055033744
268500173.3663325,106644.402951271,317.5076443539558,7.962860497703044e-10
258981470302.5981,52729.775098885424,317.7132026931854,578.2195050459524
98000.65165608816,94763.41744083431,343.95312399424995,4.078543845694497e-10
704369923.0804197,95945.60317889719,297.27035583892336,9.66197616290818e-09
4097048858662.674,94702.03057361752,289.2630597824137,3.285401565276091e-05
37339109877.19004,83150.64755331696,299.1380506551122,0.00011126500226331651
1720190.4503419767,100153.37670881084,314.5272799033643,4.0281870932648864e-11
71573455.49681585,72561.40439860932,348.0667632174237,0.0009191793453632112
29160.204131761,82971.37342769766,309.19399005952744,2.8504863297709236e-10
8427.100870366652,69584.76056572616,314.52885471852557,2.2997361478574198e-08
462145.9833340834,31199.691474779276,301.2485956537157,1.8159066365465537
2669447.4495886476,82639.37965085378,314.2162875830403,5.092047975982911e-08
2628865.0536771603,43647.93192631455,330.20869749656134,0.3286455510485417
275271.6830718387,99015.07624472772,312.63698672384487,7.764212017900752e-12
41187.10829690546,95115.0844848117,333.51910871877135,5.2344880740909335e-11
1912195605.2596302,59840.295827545146,293.66406317992295,0.04327823042318562
459347841.23456115,88500.93650450584,336.2670590297371,8.442582409589185e-06
673127.2525313376,60487.91207332257,332.275870942574,0.00021843559688872904
41392259840.06174,40816.054500704035,341.99706429020557,23971.247795265408
94468.90974620692,55732.187789784184,339.33457841249015,0.00025552019583963923
289517934036.4986,101555.71918638311,314.44094098632115,4.025789948622954e-06
3870.066777915645,114091.58023629506,324.7176587769068,1.7084513380824536e-15
78060527828.6969,40111.71993050152,333.0404829117784,41258.782270316
1365865338.1568232,44478.25925641419,290.7267898524146,13.902411067831526
38613596058.61675,38597.70416553428,308.9452862055215,11501.374841575052
887487660230.5768,74209.79074530894,347.41872496350805,6.362358935780284
678611284558.8184,55451.99959348531,299.7748616443988,148.43127429414088
8571319887365.989,106539.93448611986,330.78870338799896,0.00013352265700730578
21569531.929203473,56028.50319506168,302.6013046127367,0.004764204644166229
4838387641.131284,98868.21506506985,289.86521095776703,7.4288244885995836e-09
16820.130806853304,67079.67888883129,280.77208362914297,5.5383294585295445e-09
16170471.88171592,102752.69091297743,328.83403604109094,7.833708654939729e-10
507612.1764788259,119297.90718573387,326.8925057917401,4.4924539868374805e-14
402423841.3427211,38867.525190297085,348.02386802372916,612.512853594459
13058386286.38678,36524.959290857005,346.20476148804914,42058.41802155631
64723019.04745002,95464.47606412921,284.6471532941146,2.0077579057684507e-10
2234733.9759291215,117054.33103145692,288.5561850243461,1.5029281880922997e-15
232241.26356165574,86752.65616136379,303.8636574521148,2.953976857135593e-10
723264645039.5997,31120.62657544798,298.87592651971295,2666660.1909219753
30134739207.08405,97687.11226710843,337.5541805040117,2.3096211629759843e-05
54535824.69550063,105717.77690633839,327.93407113030185,8.009904661908908e-10
77730.47302975105,114677.51365836425,324.6406388192314,2.703146149718331e-14
378127824620.93115,90524.7115249841,280.08377569150366,4.899117333159807e-06
1928686946906.3691,48905.34952524939,287.8084441382147,2667.0677592482953
1553.2598621662546,35977.834962549925,310.4087663092482,0.0013944648333669614
697413601662.123,114030.79268629786,323.2484552007619,2.628136598490793e-07
2970872749958.494,119851.09971218498,333.38769513768483,5.025401888387004e-07
21558604134.516907,42064.308223367145,306.9704460026997,1520.8183826729128
1863513838.364488,41898.51631933525,293.7024167168826,69.06121080074305
701196710320.4277,45483.84376936151,339.23113773890253,68707.75122496785
4771846778.095053,77193.0574543727,311.08194494358713,0.0005120019426998881
310853927.39386404,109970.66941197467,304.50032732536897,4.350409134582746e-11
280678475.9630779,45246.698477482656,287.40671134420285,1.7468913328104
7567.152166225625,65535.41195170543,330.92366923212353,3.584589678248384e-07
336572590.8400429,86743.7288843318,345.3688702118173,2.6090637311589183e-05
170829027739.8918,85857.8889127535,287.5242249913209,4.518692556572071e-05
551408.2878243052,89023.76051610819,340.4089904022543,1.1925718084862601e-08
391262149275.8938,112564.9501655161,309.3885588897893,3.833339318649455e-08
1344922173747.8137,44843.179990191806,282.4859539159315,7044.927801555167
1904308409.1893427,104610.12541872234,301.81120003528105,1.5529587552105587e-09
259242839.8995406,85687.23027980354,317.68001874890433,2.1615995793359198e-06
214918544362.10684,65411.70789178966,309.9177691309297,2.0080323336075954
1180045492.607248,34857.95684896261,330.7801172615441,3867.4254306427233
14246641.032613844,80297.3635659311,300.97457070210737,1.6312440715794006e-07
3404756528306.61,114769.68103860597,323.7453702129417,1.0309215584321446e-06
1383530196202.14,104505.92516464477,332.7411698327459,5.470070892614468e-05
2966710163.7470007,84825.38008939578,288.78683524283093,1.396546934866123e-06
3086813.787613173,78110.99646155909,322.14871161320275,6.970427044949622e-07
4570116884647.522,115607.38049828012,346.5864740806291,1.7657270280069847e-05
302050577.8761078,73283.31328264074,349.71783681133104,0.0034953546290766237
48277237.46508205,57899.39610799622,345.3590622063723,0.08735386094698167
6331335273415.327,119099.73469530477,330.2085559145045,9.040047490359122e-07
4554.548262657079,100760.35335971568,282.3805548530514,1.034661574729719e-15
8936819.883283876,112452.32432893624,312.7739357549226,1.5503130719664454e-12
127362024144.58414,103020.34337851767,311.958892658735,7.241990773926456e-07
19817.086374532137,106338.38216217545,289.39216263913823,1.2780786570290377e-15
378518657.86964583,74115.57576669267,334.43371925844355,0.0010419939639905213
5386411.205699498,60383.06235339536,338.61738096331896,0.0027166340245359695
91552542257.73584,35878.142546833216,335.27367496823604,240906.57568493404
2226243525.541178,84558.38427727082,341.28112719936996,0.00026163857805911454
505756.2986500203,101162.7199159195,331.2007396246909,5.7134483963255265e-11
19351435.38147784,55568.671159776946,346.88525713713454,0.08253101732276732
497668719.53829503,35325.182214630106,290.1118854024416,220.52593801511313
12519566.005604884,59625.51599626271,331.5304071720833,0.005163806934631683
135569.3771328706,38091.488198797204,297.2020457293643,0.028417661521043955
123091295934.33337,63041.35201622253,305.43217255168383,2.1313381778441687
15510.023095528526,31632.368366202372,317.617867881928,0.10178411332198006
23358303144.918373,33044.27914777901,310.0653254198654,63245.383307666714
1004.0920916629782,97536.30846256248,346.80483882662486,2.0565113552526345e-12
168047767039.13516,35894.224325733434,307.02419775344106,133019.01164806494
6351297.682659531,57658.63715428468,307.9769649538546,0.0010746885782617662
33068363565.953182,78522.36348022499,332.4846095005257,0.01544819221724821
3819350775121.049,81150.50313714004,320.0224319523771,0.22377591367827196
1458604.5841740067,67475.66598126215,280.9063614665861,4.1936514269258087e-07
61747064778.38613,108468.70059696952,320.2231073142611,1.2936640672961535e-07
603568536.2318652,52822.28855523528,339.5917067643284,4.563459619775953
2722018107780.6587,88658.50577770425,343.62905539265756,0.09225580940265614
6487789624.758678,68239.8283406004,297.1454631304893,0.0067995548994323205
474589579.78136617,110507.11050366507,320.1384888077911,4.4108052632100625e-10
14843398841.271658,89174.80576324886,329.46292117586626,0.00011204750967756168
155125680.19795266,78245.260129706,293.26566361545633,1.8512335947230236e-06
1241208317788.1897,45040.03794735244,345.9057647325042,200982.89882538668
282498181.90798575,103307.36619704925,306.5834680190789,7.197846424412159e-10
18447.03236519911,68962.5028388635,308.47101612400337,4.042693228031578e-08
288400.21981642494,111456.58301294998,308.37000944916497,3.773221129071205e-14
952713.0471900601,87489.35671357621,292.86435016930744,2.418179308777592e-10
4014745.779326966,37943.62627452319,287.80622380819256,0.5458381007385126
26743.506196307317,39378.28056176657,287.93819429943255,0.0020092988575325646
111903621.98033717,116961.00471372329,286.911988211338,5.6399552634249466e-14
9858482814614.342,85157.83058090268,297.95160619510295,0.012158482518833972
69420.25495392854,84847.50206744473,283.94129799069714,1.674695446501636e-11
1571023683.2392838,66389.6588859327,315.87958351288216,0.01706531024711394
10513.420741371352,77800.58253605428,311.9195599830537,9.886234645766366e-10
844357.8750217705,109555.67605407337,337.9200106422211,9.999754087319266e-12
100261.28573749197,32281.885167740722,326.5165243906239,0.7065812675923692
55907.775146446664,73040.36715219276,309.4701922074777,2.6294986176395833e-08
1386396854106.4663,40390.111059189694,317.92201583240325,322607.83485429845
1438984392524.8691,98530.8317774478,325.77093259327614,0.0002387214894763496
2312.609449467326,104472.19042059008,328.9085712656606,6.180944970298216e-14
19405.015652019156,112691.14723346366,307.02964817155714,1.3482502584551651e-15
5379382911.399681,104090.84592299206,348.07702275839404,1.298448633379347e-06
442845.4666492333,68678.06363264457,287.0378862493255,1.4650670080212308e-07
91173086.96445654,64084.910064219956,282.5104698541433,0.00013095197245049171
90882172321.5364,114153.69196680543,300.9326532772933,1.3738110471595757e-09
51668112091.07523,46032.85448957346,312.2338050872686,1011.1464736208878
19377411831.520107,105045.4770984727,292.44438509707163,3.3009274343973033e-09
143100037760.13538,45797.13670196338,306.8632607179686,2303.287389668408
975771886275.4352,84035.11763160682,293.29917385329156,0.001103395683104426
69138299056.69135,52011.31996611116,335.41491596607193,558.0812455950432
227305.51377769397,108697.10798907191,338.57031512003556,3.875065091326871e-12
12860945.148486992,37907.27070569154,327.75704285188465,11.821672889043471
11962731413.07499,37327.82186271952,312.08315618194257,6764.694976997726
293707973.3695154,58536.00844090873,299.2528639254904,0.01777447769046546
1033112250581.162,45407.75491455028,300.7322692304463,13139.777531547219
23578753.448664166,94573.56418631325,325.01755748558776,1.537686598592221e-08
1056965371.2237506,65653.07741194486,319.6384354625975,0.019974952079356893
7456.606355786038,42693.93110394698,339.3325084101897,0.0020361604116971655
7381943.979315898,113030.23625469531,303.01427281925294,2.4520039021855617e-13
28003.786882037002,83683.57824318529,328.53048093677086,1.3911746701776569e-09
2869076407095.2764,45421.05352629135,311.85159294208745,70986.87945255783
21383.44183292587,81169.50844283213,304.36921952197645,2.52999578195175e-10
6110.190892257558,117455.63702549736,320.1298898039181,4.350891926644242e-16
11981.833042721722,32456.4496969764,349.2399469457648,0.17080196108824053
556722684.3329872,39044.04299520289,285.26950890537677,39.31353725249635
1946371.7677893545,33711.827995811735,339.0195666458722,12.318566082268557
4647.396928907978,53887.3378456242,318.7948217608128,6.780121946868964e-06
1265288291.632061,117479.57953008139,292.28619118300554,1.265329913871718e-12
1104519420.1152372,50552.09571454137,309.4059109408432,3.3312398593955113
498687343.4352878,86120.43802388496,319.8164547277981,4.439162096259412e-06
159514735643.8693,70695.72124174055,284.9144856384856,0.017908705044332715
1094600517.2251675,94344.99641434173,339.03309044147693,3.266516720485408e-06
1566476.7012541238,33122.11835533758,280.8440095900001,1.1327511854382197
10201620904.708763,74556.59905278528,326.63386469018513,0.012530487334375706
3517373796.2332516,81351.69935179915,327.0790354405284,0.0003737875842339055
1127480954537.3416,107121.79510670334,287.3188814441062,3.697594588854991e-08
308738.62976943,30182.59843067199,347.57477779061793,9.057187712581815
3731826340.062209,46540.50390449584,296.21089496367,23.769904767707
341394.49653865356,46094.178367265966,302.54781274188855,0.0038589555928835195
241539981696.05298,100330.15986012573,346.40613420185014,0.00017824498405653714
1772738.0266435314,64864.1236035343,327.2393917672987,8.22748581529734e-05
1052409910834.5851,113490.69140624074,319.6114207569084,3.1081359016456867e-07
103521963721.16618,70224.74285164775,326.1317135260475,0.6005917025686812
334640688171.64465,106658.21530958383,288.70336367974375,1.7311449753804633e-08
5574.764230496626,42039.883021060574,308.07724554682426,0.00042542155789528015
327756598.90285265,50572.78103289512,329.2160157521917,3.0621845613813936
459708123.2730575,75120.09880772921,299.17092671886587,3.4550365482858746e-05
31676.700024190082,108196.69836983187,314.6021953045975,3.4149105975934077e-14
4523643102724.285,71289.57752152959,326.03179512710375,16.993293500507843
3151022.771605342,115750.21977898943,297.1639164806311,1.4358615791497576e-14
151052954519.58893,91072.4167088753,280.95935846220056,1.7898358426979043e-06
2121113.6540332544,49095.299362335136,337.9943141032483,0.057469200285969725
1775581851.567024,61013.18500095433,346.2001379771021,1.1502630190913288
9030.987008658994,102711.52929448459,328.5265323299627,4.298621313314262e-13
192032.18114975863,38913.73642819167,334.7581818615078,0.16655501989064622
32096992.501752216,81608.16944428564,294.2275388030143,1.0548647847442373e-07
1344780591505.1396,48497.87986595598,311.47597759470585,9724.009898439484
167300882459.44965,31427.13333974548,313.5261084195999,978696.3061294884
3248639870.7184143,105093.2609224057,299.1012814337364,1.4669532722172054e-09
63861.0041034601,76221.18191333118,342.57173726144913,1.580386948627232e-07
24642813794.658993,98087.02161923623,329.76171331662886,7.4836681400083815e-06
1489.3981436348172,115380.066227636,324.57352918040107,3.942877096082566e-16
23370.529587988538,104037.16180490932,305.67413809740833,3.968613064561689e-14
4444890767.156478,77584.72687210455,345.0347936221541,0.008088505700594922
13802.34094200066,67578.69086906863,331.4106199325435,3.04796256717211e-07
7168491764914.308,60910.867953325986,325.22338590014175,1198.609208784338
7652.5184595634255,117150.58288713195,321.8345604544462,7.744281809568187e-16
1885132.6651690328,46270.77483089504,344.99237936126553,0.19000566644194292
449735559561.5319,104907.98631819937,339.0081009936629,3.0411803237755068e-05
3791.398618953116,59084.39460420405,309.71674888722606,4.146910581506023e-07
52405532.607626654,57894.88909477662,324.0549941929612,0.024652211965659147
56584.69363539269,62169.41848532797,313.4326099435566,2.561190202723178e-06
405763292.1750982,106693.48663086176,349.6438650798905,4.6148884222675566e-08
7844342322.209794,98627.60588751514,330.6370093335312,2.116915018791833e-06
53125.02570828655,79167.85466287358,291.28520401459235,3.4189157700071553e-10
1179.3617169720553,62467.14618395087,322.2721377858131,8.882221876674428e-08
1880977222.0448399,55692.94255232673,344.2722518285635,6.598031219898136
16046484.512181645,53475.926752295825,306.0235101876431,0.012036012229774668
6172253.430835343,106484.89055234643,341.5508249717687,3.2179881839088404e-10
34714.148401858125,87611.67492487804,308.0966477245744,4.9307229339945226e-11
245082582677.75708,67269.40398528395,338.65484516248887,10.298375521186937
628354869148.9398,53890.30127625863,296.5998723198587,211.80709332223242
1347289394841.7969,73463.8891714827,342.22811012931487,8.468745637867517
649634236.4514219,73540.41122405187,333.1692905065459,0.0019190339580634095
92370.10105831354,99520.77767756837,316.9602768891232,3.725220993182861e-12
22944197.345055178,81725.16512446661,334.521256778423,4.13775615184113e-06
4096818853.905541,65351.6325088525,314.44585129669167,0.05884849749399843
1059276626.2024859,36713.751642221796,312.4235141826266,790.6422194270939
2098749413072.3752,76111.6855908925,347.8683832813268,7.698388555220245
620532490.1345623,82086.6076883834,307.4383748766647,6.995275550638985e-06
42867934539.75427,81084.46768698632,293.19037689751275,0.0001560684711923348
4664.350655334736,118068.05399832004,343.2621185982065,5.241150990187246e-15
142099319.78300998,74542.83491501008,327.76343675953905,0.00019046110800744942
8144437298437.889,109732.66145886375,293.55019654226163,2.463278894643976e-07
850109463.2834461,102673.34239856574,330.05883882879766,4.7317083000140365e-08
38642899.58740213,36090.3408029262,280.09616798523786,7.322385639481036
3831872.9959917665,54833.47276068945,349.57920898906343,0.025469940623516867
168543416.86758205,104915.7766785337,304.10299904591056,1.5870245015845607e-10
117669.70617140419,47118.029198301665,333.0454006825407,0.004758732023788773
2135528.616420267,64560.84391714241,311.48005907280236,3.212910710878643e-05
1630704158.7025537,86253.36039588723,294.25591524554903,8.27811935115807e-07
10723823953.437864,31445.57814933709,328.90918400479325,109605.761754771
2077367190.0495486,30059.302034431614,306.09401501703286,15928.462944353054
4921038108.131791,35621.117948459905,318.22107911319625,7117.835076689846
88980796.36969846,55661.37146164077,297.9651341582402,0.01595918985091091
615714.8609042482,85824.3646446685,345.497415175558,6.696323932672187e-08
86951.17061431453,103359.85478188064,344.8868350093917,1.9465584927799585e-11
10704.387756806751,103250.57520782629,330.5769093583485,5.36775697662996e-13
17263165.00117612,36563.224687820446,346.0057545501453,51.9790200566585
6184.948624237721,31823.36688866625,302.1394994548355,0.019821592613302966
65510009.18495751,43065.33287470258,345.85980370412113,21.175303703112984
8257098635805.393,37469.543011035865,307.7715898358688,3788228.019247116
62162255190.21095,84199.49293513046,317.2165118669633,0.0008822340839539297
317150.94987769437,44488.93886263323,295.699050635583,0.004435333519492033
802774.486013616,37938.61452310799,308.4727298221413,0.31635252027946115
82141.81100572714,109804.59595420113,349.306812483779,3.271257525910424e-12
758867072.4970695,60507.25657671015,346.80306187603907,0.5925615655815291
435465701.9266823,115119.19533431216,338.58164165199105,7.408568989756964e-10
1094792482040.2137,66888.33602147351,334.76568440781887,41.327347932436474
4729930.348121934,35743.28190429395,327.25164851699446,9.381718712042494
297844172.9794237,34008.04946483583,330.5782042353522,1268.196759634756
1267634.039392003,67130.41304884103,296.535234682832,1.9222585302825756e-06
5384642.5130301155,91198.59915530363,337.212349393293,4.1740202012738906e-08
390539500.39492035,88126.50332547301,345.16253898975486,1.853638770894876e-05
1185.7539453975198,49996.45269433133,337.1811071440148,2.1884315636477854e-05
62690071605.22499,60022.45098594222,281.0635403554699,0.4519697836535681
2336122064902.45,114300.54385320387,344.5800924597733,1.1309247752353251e-05
227820.04224023965,62627.46382589275,330.7864032861731,2.934814436039351e-05
1992761844.098736,75849.46095900386,311.6435147545593,0.00038916865862889677
181897.53235905533,65969.16615543647,321.4451711289956,3.613324488602809e-06
34378.16954309555,101524.85467322789,332.5311980829108,3.900223387384289e-12
86881.02403031451,93985.25913352672,288.69451221925976,8.536041981926889e-13
1534768.3833543158,118493.20288152697,294.5747473038958,1.4741023555342046e-15
278297831043.60944,85566.49859511634,339.4450675090607,0.019743962496577297
91496.63011190703,63632.55662868481,282.99110087277523,1.635410237459601e-07
20384176.444165207,96683.91903242454,328.0229488550869,8.12819829702142e-09
1321.0038127679043,77448.67805380371,321.45205705412616,3.3922337591257603e-10
6847518.299703338,48109.99328624894,347.52655910157955,0.41999719356706033
3529680.0351757254,61875.80090107833,343.668541044898,0.0014331781632596814
792533.0143521946,68454.03245587743,299.31858871974663,9.329307523305442e-07
204861375.2037058,72074.35379271428,315.90341387362145,0.0002508383987575085
1197.2697242970542,39539.713260061035,347.5960766600829,0.0014085906833623102
190838.51464493963,82298.31238771284,331.9051270141923,2.0956790193329092e-08
16595520.54006768,90023.89829803735,318.0729287571578,2.675794248280479e-08
3839296.696647165,58671.28714911552,342.18416069003956,0.004423873297344166
661982.9035656255,93271.6170674827,296.30590853208537,2.3753541048975184e-11
9775997.728022236,48959.11818345454,310.8302598344703,0.06006096949694736
5436225159682.266,68718.14884153518,308.0408669394151,12.546095840034305
560612.1305123143,86668.61765385394,323.30290882984946,5.819429010346795e-09
96118.14909193166,49622.17201164982,340.8126764054549,0.0024992929385443214
17622225055.891846,43213.911770622384,307.12393252200616,782.5330221596607
88742620204.06627,49102.49278384267,342.95806211301783,3021.089454457129
6374290227.9742565,36780.50116730504,339.64056097868195,14615.267093755483
539878.8001473355,64995.84303764929,303.2242916506927,3.4389883032340158e-06
20766.472490537242,56389.98703927696,349.40428726469565,7.658063456397973e-05
3766832807.059652,54728.28688016113,315.3528634961257,3.2307079135848342
5032500697191.3955,119063.83330362929,283.3071314445304,5.53359208006161e-10
50216.0466730811,71104.33620453512,302.80322822656973,2.832958639073329e-08
443304794621.7878,49998.62437559644,314.1590648404295,2252.929818763248
292892.06140995276,56665.06296043466,332.03153257620426,0.0003536654456950679
390623773.31220925,33958.584865973266,292.2731893477552,327.4546404008515
467201904.30548537,79142.48001151506,289.4303971244722,2.3919126362924487e-06
780538360045.8997,65683.53842135679,285.20031265158576,0.7254675927774616
141958821.34535304,50427.25814948231,331.5528481257009,1.6290226095387432
23706.036042138625,85608.02670727775,306.0227082509307,6.024625884901179e-11
81824.73531825452,45461.88956864347,283.3056264684258,0.0003433422060825218
71504668563.38103,33122.245756745346,313.77678946041283,219575.86329759195
7985359.428781422,94670.2368627009,311.6448474077134,1.1128072530186802e-09
1074525.6946044145,73125.06709693439,336.9677542373661,5.2054369336655004e-06
74830.78396376746,57371.379682982035,285.1968661723772,2.398741839062754e-06
24469854.477457937,85313.30260502384,296.3953207215332,2.3494448383804527e-08
1475441.243727805,37331.01365236491,349.412794137274,3.984599241236024
173420663.65324754,61592.3593779132,295.53360573095364,0.00226670164981989
6647510567.863964,89903.30830978899,307.64391184399057,3.6531835188256663e-06
33470276.604101166,110353.28390528377,342.7668840469384,5.235046940572526e-10
24329576.044184938,38826.46523759133,321.44527936204,11.967660880030634
19974581374.422253,65794.84621794803,336.1820132111327,1.1786950849564337
1532068207.603444,31237.95391294901,336.0224338837963,22244.17826195063
23145415679.40136,83582.17774906798,312.8689004564859,0.0002651062384425889
7749171.375878483,79722.16909191609,290.1904979874881,3.412498354986692e-08
9317513627.546583,108195.49374751006,289.4451657279907,2.7841328180409576e-10
385105879.78928626,118572.86702497168,307.84237103359726,3.0456597833607354e-12
2797198614268.524,34316.86238389339,303.80437256484964,3455313.321301548
270361410.79266256,109731.36800925083,284.0685831165931,1.8042921040321446e-12
11193067.118595997,103882.06236331673,304.9297660687683,1.8680404051434382e-11
25822940.426875837,57759.52769197812,334.14743746596423,0.02423253731636783
14185.040503731962,107825.96085814094,303.78356804646864,4.258253081710923e-15
338998323489.2793,35155.51613584898,326.4319254373173,828444.4629724226
50250165238.2645,80141.45824027904,301.12256305248144,0.0006301337302889965
369815874.7346831,85364.50781881102,340.7591966299408,3.028058990083425e-05
13908562.859469831,64368.18862904889,331.9948536286064,0.0010298723738788845
3800784960.0663033,104279.38651242288,318.8746120193159,3.118134852321299e-08
3281788538.202836,31930.617311383794,303.11677971590666,10451.22701999126
36330597.79574178,84322.09035659974,327.33490869518107,1.2607233674936966e-06
4170.615962785617,53260.02990822999,336.11777036091297,2.2631994602903794e-05
104321942.93208787,111106.29001333941,320.4186737561933,7.894728751805623e-11
24633852.20591362,74203.31031914626,340.56002718730883,0.00010102022619091384
519544.64813924226,55511.21454631301,290.88166671930395,5.8187005561771825e-05
36629740722.64168,91542.36863541963,346.1906157050505,0.0005911177262333316
9878279612.428204,116291.30096676828,349.89894658487066,4.3880547101240295e-08
5638130837.792447,96601.09783437317,284.7062217895462,1.060938489767569e-08
10234242277.020033,109545.83859704166,294.18874005086656,3.607406054905494e-10
269932708.97182214,79710.04230537618,329.7021115466122,6.340611433519448e-05
6405127.395362055,53118.133911118006,314.89095873219424,0.010016603464545352
978982.7457605166,58289.96865564937,282.244898399984,1.618157106639563e-05
4379546278587.1777,76287.35586889538,338.0905572775191,7.330086483479634
25651887097.33783,42111.92793738549,284.0231499394227,452.2139825347693
3478543008.3739758,119567.19313762638,285.19800092943933,4.505489838515991e-13
74850432.5227771,95310.68676827347,343.7268606620855,2.4569909967552227e-07
368060970596.25385,105032.66504119472,341.35294319827614,3.1567411337146186e-05
15920792350.191425,62695.24432273017,334.52812898332775,2.5698167127527953
694897225.6941487,53528.66322773275,328.4378725099304,2.111558797309731
1246284110878.1182,93885.31641052167,296.7906356527211,3.690538294715476e-05
213200.47971428628,118869.7414665136,333.5592987424401,5.084360801794008e-14
34321.88290850559,112639.44451924287,310.260908964332,3.7692163779916185e-15
15666471062.612253,112574.5368283619,305.87981148024596,9.500287195729795e-10
1814917.5932440741,46051.34498180165,311.55236532246215,0.03435870421345063
2063661097585.7063,63133.8422777807,291.04176871091374,9.812255585583843
2961164836409.271,55461.239039715365,311.7663222024582,1562.2209617049296
666866.9292190844,49550.64165732789,281.45348312689964,0.00044195823290670515
2240316.0663454887,112173.30247589613,336.66719033646615,8.80738462635398e-12
19359074534.678646,93191.83611159347,331.00990204040227,3.951373920090163e-05
78991.23618216236,31369.98532698427,283.1255609377821,0.13223224507143552
37947.66232494296,119317.80116973574,287.29133499463336,7.67143576887334e-18
51572.4924900928,90556.42131498907,344.4135477248949,9.341752925351728e-10
1091712734387.699,106195.89998292604,285.787027862565,4.3288792141162254e-08
267769.3212426045,41285.728722467335,349.1625557704335,0.18367154156743928
1091861355495.4062,105128.83249988046,310.8049138641624,2.431226324445938e-06
704927116.8614663,90571.32229170587,309.89307584079467,3.9487656396273434e-07
1099034094204.1168,93768.13241180271,286.2405361234028,8.565880623408164e-06
251574815723.94022,56453.19766669727,283.67411077666264,10.183672812872818
662158.4920487788,100302.05607386102,339.0572993544255,2.362154041121078e-10
2446697707995.7324,112133.25861762089,330.9875809209084,4.836392003105096e-06
10613946596.300314,53527.56086623305,336.18285738306434,53.100721746803124
11048554352.801525,119650.93823109246,327.1607454994745,8.685240416861699e-10
7485875.152032332,61121.29585765023,302.4121903742208,0.00020800207640034215
2654024180332.513,47996.801836776736,313.2498935324056,26159.189375303842
321576348.08530146,102449.90840315465,307.5210737937509,1.2971148875170515e-09
14848412239.102377,48913.44480141203,342.4140274974553,504.5882466065486
16438699.417724913,109159.20643597905,348.5448924295625,7.266735951454418e-10
22250283.345535602,80842.78186526184,323.68950912545597,2.0878656867706575e-06
8158191842.233141,48808.10886010478,338.6316886743687,246.29046277832418
1736105.8759198731,56945.462850538504,282.4330872128798,5.072708430218805e-05
49071384705.470985,63719.32995768164,340.972897255433,8.487474966668461
426909978114.3856,69801.21111652908,296.7253523630583,0.2305776579785643
35047879942.76951,113623.71358064453,349.61124188933445,3.6906930841415415e-07
2874798.5337765915,100077.82838034042,313.18222925350807,5.732408269947565e-11
6000.865033223087,85757.74859029926,312.16921031262314,2.71553621626626e-11
58599083.40862814,75817.61804924482,318.3566275731565,2.09898935343276e-05
22377059.9922738,32235.320417539184,337.4891105164032,229.77011909398985
7806.715156645021,89344.10696106355,328.736504246749,5.077455452778444e-11
89317776.45529313,44613.25385271852,321.5602605930674,5.025522987854301
79285674229.74509,112007.27043840286,282.58363154799235,1.6339311306334988e-10
3594959076.5145073,52741.2812919404,325.65089894092233,12.60116544993236
1128018274.013585,74689.02126245463,338.46737676333237,0.003305140825176022
172366866.54365972,44351.15751086708,327.5343625785272,14.733790153739973
79177045.23620167,40371.568194759,348.8020695941767,71.36482174029567
130159.6772394061,51713.78089875262,312.5319259979568,0.0002949414102304908
1153511533.012335,76416.71947681224,343.1322096623429,0.0027840942892220304
2456201.419303061,96415.85026350876,283.9135185247806,4.544531343474967e-12
11319301.221272431,70908.62898828585,333.8994914147298,9.243848301624935e-05
12791602213.00116,64393.52340427715,311.2540700976275,0.20682369468608372
39886349976.44982,67175.96110529646,329.20900307488597,0.8960941309690384
784998.5726061058,49130.45581690743,311.60072113804125,0.004651674270159556
7796487.686211046,84924.94148990393,287.1554865545419,2.901521661738721e-09
560040974.8679394,88726.43911748644,343.5034378881025,1.8176034989421757e-05
5387952343.823108,75477.56811589086,296.2824529152427,0.00026457622749136004
9390967.973731644,94864.3360340874,292.8648658992983,1.1693451371919192e-10
50462.15798605543,57254.53200458419,322.86928401351844,2.8773911107666523e-05
11384714.94717184,118234.69678447486,284.2022855999717,2.1937851847348636e-15
11631590476.854485,96706.95843009102,317.5966425827531,1.4885193981243214e-06
1443.961364363735,114468.6410524377,326.70181545844525,7.15567550380769e-16
5500388416223.751,61154.71455205734,286.0894691685335,38.80980384758504
834503.7957240519,94617.93048671192,327.04435875884195,6.438528659857588e-10
904982309.3970277,56727.191066099695,340.9249687520367,1.903606438311385
433172758.37161785,62603.791855784555,343.12461990295265,0.12641251494336714
1166.9874167009996,58515.5877022134,284.63683583328066,2.1388254932330496e-08
12095385596.241648,88165.73166784598,287.6240026242775,1.1767162224610535e-06
155013.98863118628,81175.5260560502,310.78600919718605,3.672020499601936e-09
4243620.106177347,41525.45046558368,297.9059691902183,0.21793981469632223
903265690.8138423,55012.846983007024,319.93971408713395,0.9737865667385814
1004.0480031411093,106795.85850746826,322.3851568749612,4.8956908756538784e-15
21289883.823784426,80700.60411729521,288.70592708526334,5.484375025369303e-08
97529492.70776434,109064.38148185457,287.932618648668,1.650753733211166e-12
12765.156765259508,66951.47788475883,325.7298641951355,2.3535465663030686e-07
63251114434.08606,83453.08860482456,299.6305351121278,0.00018323429310216575
7314.827591894812,64705.651810366675,331.46414025558244,4.561885143076445e-07
11665029.415276198,85996.1230552721,345.24969735758407,1.1590744659089903e-06
1701.6522319945136,73755.44946188582,307.53698803129043,5.259187553746265e-10
575989.7235295833,98037.55571539595,338.05254512502574,4.0535865086014533e-10
20156.11087494617,111687.83205854513,345.1081273949131,2.564881376807276e-13
59332.20645550277,79919.31646138025,330.564127020982,1.370970495925919e-08
5137247.612847136,67075.3490707202,312.19247924683157,3.089332625922229e-05
6755.6576124521125,104361.49058719659,297.48964478091733,3.2324020746565282e-15
14827.73814632532,68139.15911989275,320.34390521005685,1.195732431561226e-07
3694.527672122072,110345.37570620653,335.11816852275786,2.2941224851777496e-14
86039.81674246231,65159.85521479071,342.7073086942564,1.051996397469579e-05
2597311.357388469,73934.71213351426,349.65691620537217,2.302456416014313e-05
3835.1779843157087,118532.89707614278,288.33912406603565,1.3189872943378316e-18
96077610648.38028,101079.33415313746,298.30644393553814,1.9948408892791106e-07
2936733179.238633,74104.59067492936,300.0518567016226,0.00038182826660987146
183930630.21248943,103688.77898453873,316.86967754971596,1.4796481532373967e-09
1027005770651.5525,53411.31495667603,280.8510066272843,118.29108708499041
5836.188737977187,91197.4450682424,290.6227580248249,2.4411244679820696e-13
127538.33084311974,65469.66690750023,288.24722828410506,1.803779673957199e-07
3970360.924264837,32154.118892805614,343.00246998107036,49.37293006932594
7543733.28701336,32994.230739178725,315.3020096150692,25.55308946998619
231267773451.3086,33417.605518339624,294.1328772296679,265055.3645490919
5577876.421921641,60157.60199672515,292.0973804075299,9.594301599215184e-05
268381285931.18103,60696.79253119207,347.98031434449706,204.69431567343645
57208.17652229758,52848.70699167944,327.387728790561,0.00022141251474982692
516332284389.26,95068.40217473189,301.23109959096354,1.7455109059693633e-05
200985139018.02795,76649.0001343742,297.3031508796968,0.006889657397467399
480711149.45024633,108219.03378278475,335.6087910299296,6.825682058563516e-09
6502069.005167234,81890.91722040359,301.0390358720335,3.9631505351728285e-08
7031.51078510683,38324.92806880076,324.0754277721148,0.004767314645487541
1302194406.0849051,55248.591511487655,326.5585676604916,1.8947756607417916
7284.111657828117,85598.27639099542,314.59886713383924,4.55015156459616e-11
5446962.861739726,76321.36709490772,309.9749331702344,7.683641598833456e-07
43982.0082590895,85690.48005808033,296.50781088082334,3.6351627510365395e-11
18882768.01092817,90598.15204026067,282.4716533521088,3.261557918358711e-10
15187802.120412996,43488.37756770394,310.56673232349704,0.7558565701214002
17744345.160855997,117169.95323964529,346.9840679951341,4.1088538019451514e-11
1983630169829.8381,91157.27633279549,297.22176071592924,0.00018650489079798053
3001.678443518815,72694.63264719551,326.00681971015416,6.690491952815669e-09
72673.1102219265,83324.2126438533,346.1412801452341,1.9212749059388806e-08
200261.65868939206,58482.32938773557,290.95464925380753,6.534473355052409e-06
35155887.70093715,47898.280249162475,294.8761851906215,0.11333117063226844
45892079154.916916,48342.591979730634,310.6501728087737,347.42921833904995
274747.1119074585,44828.750864405054,331.8207912708118,0.024114426423130178
4056342805.5523696,111850.98791295421,343.56964624561533,4.0348212740973695e-08
2252178673.392018,70121.82796439918,347.2178208666786,0.06362032418798097
330643893256.9521,78957.58996908877,305.4245404356478,0.010333292795946006
190578587.89108786,57702.47182869364,301.03978264057673,0.019176673769727468
4906918784540.467,85238.54615371997,336.04593178739844,0.289443388011837
897421943.4415414,61991.437515236874,329.7472934801536,0.14084451865084915
4724925077806.427,98667.43103733225,308.7308040285886,9.870943322444179e-05
904917502037.4521,49009.078568728444,318.59050550404197,8556.56624698575
3048185583821.4814,116548.59631911508,314.32298684867794,1.290890167258704e-07
126750459.84926674,47706.928555859165,333.7854003806171,4.452469548893258
527373515865.75085,31766.16463172955,302.26414964854604,1763700.6522353336
561152016041.5237,46277.935515088226,302.298927062779,5936.6388808677875
468996.7948955011,82780.96845893536,321.1507092874943,1.6528037795152447e-08
27274140913.332973,57169.37427348336,333.60445744573775,31.71687255947023
35885.405069984554,41664.60178941501,326.8576179623746,0.008008124970616698
1862442526487.9065,54162.269439118536,307.58262052761177,1209.5816851864408
2050937208565.894,112861.00358872711,295.4286616493803,2.253135688382168e-08
97459607.03363997,90395.96357725866,292.8296276807588,7.351866237770927e-09
11479611745.775726,94433.12011611514,329.36296782128755,1.2232121877060201e-05
725823.8024131665,47886.35526379048,303.11255273458113,0.004229587830060698
4552.422464779359,93386.98566145096,338.93025777515805,1.9246590683656172e-11
12871352417.497341,30700.583596110017,337.81855094633056,238735.23946711482
227940.24030130883,80693.5595909417,301.9111452440078,2.5323949763991645e-09
173167300485.77048,56172.64215708575,314.7351108485166,85.4562843389639
5065725477.293545,61361.670873029565,292.6359123925674,0.056876563314052185
25924393.82013168,31864.357822481415,326.76260350573614,212.1097491077068
19246635205.085316,110283.82385624805,318.41227564304944,1.574311954655196e-08
141066155149.54803,84429.8506479151,302.8859426818298,0.0003856973638820099
248676.28587950493,72491.46506603161,311.21071623314316,1.7369188158775895e-07
1083.645320987213,30592.632792844965,304.54556625806777,0.006063830996697341
17864307.70861236,34601.646699476485,326.50029765697633,53.804231860704746
112679027143.63223,64045.25152452169,333.60608189136946,10.41314649512399
3770.3398151499996,99400.59609890718,283.17589192696875,1.7677137521077081e-15
28410.828741291167,40736.08075626104,294.8835159855423,0.0017885071007027547
3326836129808.231,60641.709230409986,290.2831810273038,41.71542964456636
248107591438.08972,64296.56231179785,337.6432063227808,27.985892403458134
5695836.815330156,33708.59275077154,301.2267114873319,8.37064851214936
57551.082351670244,89320.98037070318,349.1557302987206,2.5756879586637508e-09
7025.380226746731,98419.45143363476,289.54032846143656,1.2535227388443464e-14
4707530786.549734,63801.28790767293,321.81373650697026,0.21510425076216064
48345304.6638595,109473.4297202418,339.1018745121816,6.914604174623416e-10
8126.033762934753,101871.64940907226,336.5077605884063,1.2749050490680747e-12
131003351.3000096,111622.03189935115,294.6793572667387,2.1122596902178153e-12
169487427996.3313,99999.59357215521,333.8268499357705,3.80150420494074e-05
1058642.206241137,35037.18604368717,283.1897662989223,0.3661373516332053
5456.460400702935,111789.55985156418,286.72259976514476,2.4371314277902328e-17
1510109600416.1746,53393.302931231956,293.9890545458075,506.4588613617331
566850705.6153132,52358.3429713497,314.5561367230945,1.1327730938090659
18838678677.97232,114202.23061407974,348.2760202439598,1.427654801240889e-07
77519971.44223657,72617.45907334847,312.045179388631,5.439485166271896e-05
2023648565.0524824,77497.84937559946,310.40173645869186,0.00018408108713599452
733635.8047639624,45512.80922062296,333.7125979601224,0.05495149024562461
43738589805.5815,47587.46646942269,305.80231206594186,324.1536073901034
1085081995500.9017,79714.87506169578,318.4200253153163,0.0925962546557721
504140295382.37787,78667.09361130076,327.6260779026786,0.14661413836618414
2038416522548.2886,62471.50197487488,320.0004722883757,133.34567657820637
7532371208182.079,41352.41273315643,339.5382853076982,3210933.7361720745
377912964.7912054,41739.77293230276,338.9427672251435,140.01324306624565
219166604.9394368,50653.90010815344,306.3514330960301,0.4992777310923833
5804600.28033838,117986.62820587585,348.3033351153672,1.1651290483483607e-11
2820069.8359296876,101534.67962638117,330.3217267778204,2.572907404360427e-10
1727658.3449773993,81763.75451716903,338.65406835146337,4.3021636463410643e-07
8071485802135.28,73969.77740445347,283.0508049829101,0.18465322243869614
420400250815.34357,71155.51187335936,285.188138319065,0.039461373741359385
166005589837.1238,42116.35114532055,307.145705340166,11371.070895976496
74819.19702438064,55873.237401344784,319.5144062743349,5.6718285953136666e-05
297830750432.4079,40470.75974383144,282.10894176305726,9674.834212604299
3247.7917146192835,119902.63711062362,341.68376039639946,1.5490463416622229e-15
490833072680.83246,75317.87285867156,327.9064270598218,0.5089186763747902
17477.37374185349,107220.09820627367,332.7299010322453,2.53832506201161e-13
8806759.261306576,103220.62814599636,347.5606478634327,2.6578540184715597e-09
4500.9057254154095,33992.405596884135,313.71171713177824,0.010222078488764802
76147213159.36111,117158.78161096334,321.14132274368563,6.938483091416481e-09
28212343.16999357,112659.5111242081,298.24081782042924,5.262467349509438e-13
1557812851277.4697,37521.441235308215,344.74847451845284,3342928.2234717095
1080053466.8461964,104476.04270670401,314.9232401027655,4.975628919494806e-09
174409248770.7833,80434.47525669006,346.7809947308847,0.13126779816779977
1211796818979.9998,104260.75345956242,327.5012313244771,2.887072720305561e-05
46758.61299676905,90581.25907982755,325.95970012012737,1.432249957684955e-10
186325319.53328124,36551.57134992107,296.46210008608233,70.4763144832919
11350863.766683014,33839.827388364545,332.7330685030229,57.78703103531209
192146883.96594873,34715.33951804179,337.5496100783829,808.8045570074596
17411.437287240526,67757.50270114187,296.6013256335933,2.0592211762574813e-08
1158.5385576851438,94176.75586947426,314.14377283607996,2.6597992695296707e-13
10153629638.9344,58888.76203644766,284.6802815184101,0.16143358712903588
104727592.7634423,119186.06404881351,295.3435060661488,9.047718581006737e-14
1990329.7199861829,47143.014684986236,298.9470862175674,0.011878008618859718
126662.62827564997,82134.04598450025,291.3590069699204,2.4398081040125747e-10
10927.360520893855,117882.87913760725,300.01097977717683,3.230763373259201e-17
1391808.9951246774,65538.1699841498,297.36523523847524,4.208709743565226e-06
20847206.22772605,70091.67848202458,304.22919364452775,1.9136230832967857e-05
8754324.404485423,78070.09122432333,292.89349127279047,1.0421850220754821e-07
40590.11480190736,48285.51467220356,329.87781070324286,0.0009336087497509348
231096728.89966294,108277.36977332579,316.6895983148516,3.2809258314964493e-10
3519588.0054461127,92457.93849766314,322.55695615719895,3.756196761081691e-09
6542075210.990709,103111.80426483369,284.52584045562077,7.698324735325206e-10
17641.01480691963,72974.94637720833,340.67503537930423,1.1251200132635372e-07
25125413756.81075,78202.37029053722,322.41089694961096,0.0056225682287649155
9222251.695555562,67434.6446942861,330.0300256604113,0.00020116580580585125
696668361850.53,66652.50658786602,325.66405168437404,14.706939570912795
295835355.24178076,56347.97628163157,285.33516166395316,0.014118394223387275
4404193323868.633,83153.9346051492,331.14102862767925,0.3329776416015982
655310045354.2366,34797.33386721584,326.74678163341383,1773582.982376439
50005.09460283739,92894.37868726351,318.23488467619,2.933668806620327e-11
1114597565580.4854,59426.24592236617,316.6907585905698,172.8934872017676
1499630.216643318,56781.69271414171,316.23232523883837,0.0006431891930335983
1029583694428.5974,95731.07434458648,303.0449908751896,3.2955038048390575e-05
87911528.49134104,43162.022225000255,290.57196608732875,1.5705677726955931
9042.55576915861,100388.83871789584,286.48568565044405,4.598926629706374e-15
571101667.7903184,106593.1120014291,331.289461945672,9.256071094498569e-09
1644554.498011793,68932.60974598672,298.4520052113193,1.4417487410998285e-06
1348.9301285979955,103176.78082836568,294.6241136788176,7.011271442260472e-16
239009.3705026186,73815.07056110166,298.75136725973994,3.017718577388152e-08
3141314.44650802,90949.21142838232,339.222482492732,3.150417000247615e-08
3156109.482523021,94496.96917771702,333.1823287338774,4.834708347363884e-09
347364.1509419668,116181.26802122759,334.0949709489503,2.356898507009586e-13
44643.74890182297,78219.48554860396,341.8487975818818,5.072822813465291e-08
37660576613.90531,34538.477108296946,297.7250570452815,32608.46489232434
81342265094.40984,114454.62900884691,285.86929223795454,1.0265640472382634e-10
135836542252.03786,116150.17178769353,289.49578212853186,1.535657857084794e-10
23802074121.06356,81495.21659973265,305.84550700275247,0.0002946798513064527
3332946750.971755,87398.96746042234,290.05228385372635,5.963302769039331e-07
6788893542.451595,116483.58723093438,317.2931152103718,4.6208960820994747e-10
63294.19885654018,111536.49234069203,348.5641060530433,1.2564537966304553e-12
4306237821.265504,90444.8610122157,346.9086935079361,0.0001018905976984617
59554297713.91332,57615.269439269396,280.942694853942,1.147879804822607
4657203.384043624,30946.89621525566,315.3775336675985,36.18626507567518
4080.1372604474413,118015.58760810664,342.5290923716559,4.2108096491816005e-15
35685435180.74197,100662.21358699605,302.81927985963233,1.5317361249821826e-07
1951419.2842903365,82493.22953282471,348.20087043668707,8.170119443812751e-07
5380567.860420424,87004.6058212904,334.09263923260545,1.340174618180445e-07
7488003807171.203,93898.75269856994,286.961246128833,5.930048517684946e-05
9645826037148.533,105474.74239266862,299.6871213840256,4.06871720098621e-06
4021.044731155766,116925.56220872668,307.5684862145117,5.484386127977601e-17
883716955481.2538,87146.89321341264,336.30621513393885,0.026381386280149455
6854466463.00838,94782.12386652085,347.49818704803846,3.919604316642458e-05
6885046719.849149,43796.2948228733,326.6175868811053,675.518674203428
21490.149362667515,118350.6545139557,333.86615165235474,6.6023151241132e-15
30899008458.613506,88247.39836593816,291.6879081112145,5.001873497801816e-06
40611774.029766716,103720.30226088659,317.7188770849863,3.71880733977819e-10
104304848.52650519,118049.04670495431,284.9027619466973,2.414701881031036e-14
2310096540.9750624,52101.81736916398,339.0183363374673,21.349352748522243
111629524829.55437,93644.45788974971,286.7835524228214,1.027046848295145e-06
96777380.0098063,83435.30097554345,288.19203471348595,7.53543881923808e-08
361430884.58686644,37750.45752976932,332.25930626262857,414.60436525596833
494896715.02835405,108341.55589896288,323.00025121190015,1.5205459949786649e-09
1700.2609491812266,100714.08663276321,319.0791895979863,5.79233170448546e-14
535018052.18259746,73277.17666735794,286.81840348325056,2.4890736067355915e-05
466312554889.1126,109790.38613504909,300.74578695532927,4.048045941793746e-08
2313774.126990101,101785.66930830663,288.41880281266214,8.824788217503191e-13
30605793.48104974,118781.35382088965,310.5279431157346,3.3431087690611415e-13
172694960613.57642,66006.35401425888,322.9110324891258,3.5663886445110853
12708819352.927082,82163.17665694692,328.3052032053112,0.0010711878336985834
2128247476.2421281,95001.97798998753,332.25824909695336,2.418373159373767e-06
8621656.510467585,78202.89552317475,280.5077623447668,2.4628935748056268e-08
455691.180513822,93311.31845585232,346.57302718177573,3.977985808841281e-09
3705908305.6962395,77259.06389099837,341.32843956002347,0.005835992834833502
5459223530150.365,74848.45878130122,296.42948045997514,0.35461529180104684
22051.844357249905,96505.05737014141,280.5334749930648,2.3866751035132054e-14
1839435943.1391845,56852.6369886398,316.16456693699257,0.7577257810358714
7389.26027100067,67587.26641165323,302.70008901018844,1.629149616835197e-08
3774016.388524053,115923.003365249,305.5974557169081,6.055892196538598e-14
241045028123.90823,49516.00942208826,322.4180319791884,2303.8255094434066
58679083.65562539,31660.6048774988,337.3786212807295,728.724841626701
22579.747987913557,101172.55457604131,346.57256563536754,1.3119663417945556e-11
202160369.69899994,54670.96321029735,298.3669541275965,0.05599935619302665
599241.9612698731,41783.05351760887,304.3209311782349,0.041673826367716334
2913968.0796891297,86418.71752476026,310.72127331097977,8.68013005021104e-09
75214850202.90738,86037.599985873,285.0247034291122,1.3333200064026548e-05
233824625.75285754,50617.196177077465,345.80091575444055,5.470506139283336
1482770.3518622406,50583.91228573304,320.5185300205003,0.008632424942293118
1880831986.3189158,61467.387289536404,313.2825508527502,0.11003238434410774
95990889502.66992,44954.553473045744,288.52187551242326,716.9885227237114
126474058.15309858,51729.24343085217,327.8925302600404,0.7593756103975245
795277917650.4321,47079.154478107084,343.68990096847114,56505.13675074352
7458143167.162991,97629.77376407852,335.20700371018313,4.7604812311043e-06
124824656287.78134,71597.43068975315,292.88196969805034,0.021878637300711008
1423.3345226172523,105992.34826785733,307.7681155695995,1.5277440742409903e-15
42771596255.73984,83066.54698779414,305.08234489989945,0.0002629909350309623
385086728786.31396,118070.64645469665,287.9625627737463,1.503460123368548e-10
154010024.194209,104372.21370893873,341.94402498177436,1.8247156715387544e-08
86779377.61050361,99769.7727873646,342.5523233726186,5.2806690241810315e-08
3173.7195015546245,98851.91430950351,290.92918502649314,5.767731236689238e-15
1263677914321.0579,109693.66225184032,304.3764982102844,1.8779307094128178e-07
756249451273.3441,54916.53027416089,287.69225641816786,83.84426016086752
2685.667218440954,56745.32082311085,311.87248571902535,8.696354484015594e-07
6029269.99836866,75820.85589780915,321.5570105714685,3.028575418524875e-06
10807596053.167048,60773.021530559505,329.9559937459835,2.658910505851095
274939917.1852377,39890.5768739884,294.78777384950354,23.52176603962824
199491.24575374418,82092.79456012187,319.8909056086492,7.812316179229418e-09
10490.96505527669,118597.45405253214,302.2581165877648,3.427534509433061e-17
46939395899.09092,81037.49422979812,342.1630637590116,0.020169761841448013
85506906131.2281,34214.747553045345,319.5973028939359,218039.31379316107
3843257073825.969,93343.64730757987,286.84512527327837,3.791278034960295e-05
50465.38764499949,39838.96274819209,286.98842769134444,0.0029424376081394294
5487946529346.878,109968.47683793899,338.335384662322,5.707912815483623e-05
4829000648.233368,47395.237561053116,344.0617393612646,314.52140818942087
74443.040221773,58870.1770628605,347.0507152247478,0.00010246878395910688
18651.90665612491,58868.05903653485,343.6695283810946,2.1457624982798287e-05
66265215515.10542,108529.29193957853,300.05036887930515,8.650038597717185e-09
474600377243.2605,81653.10857161586,320.72600963163904,0.02381859774957676
995542.7110953339,60553.016649822996,292.70109727718955,1.5843713425404928e-05
27240411673.46262,48738.93966191131,318.62038392027495,291.0965005723603
3441514957.0092864,70016.79396434643,281.84933841408474,0.00035685827557971773
25802532.161005814,54944.99166582865,313.21667758483386,0.018573085786735742
95086224052.79185,83962.1261732027,347.8076751034671,0.0242768320342855
693110.7347865417,62020.39674838828,290.4527541112547,5.032324389952455e-06
2040824973.1362941,92926.70325628406,317.0511645682054,9.978701573553965e-07
51414857.97341753,79460.62062379988,302.36139066756687,9.49146953611051e-07
4349352.6142129935,40237.35746566006,336.5761173382686,2.495006345392248
25545148.49833665,56649.37179266363,322.75264003042014,0.0181141053840953
438435631.85980093,101189.42239074863,336.8657786218065,8.981357888045806e-08
7400128730329.072,86663.29460291518,347.7363653281919,0.7204531365103215
1371.181560019344,62700.98108572098,338.8869174531423,3.013334580629352e-07
932851490.6918932,105320.7650172752,318.10344005864914,4.635244565611185e-09
755366239927.679,89151.06463983533,331.0379134404809,0.006630394573562787
92127565.67749526,89455.43771241655,307.2092286162894,5.823943663337433e-08
1113.761937902981,39463.38720277293,330.86833713313257,0.0006857655349901583
42224464359.75323,75821.77215214302,340.99816618151607,0.10717156258926723
3936814968.7875543,84660.01733937912,292.79737937214816,3.2159851938035308e-06
45571.89549374276,86137.34673743084,304.59797088506457,7.856627749392907e-11
6590.880671174583,49780.41816733741,345.583470277938,0.0001958113637890737
133670.11075776455,119578.7456831853,281.9341993284104,9.325046853487515e-18
163292706259.98727,32615.436858607864,295.8195721007304,281342.3775045223
1218053337.6263235,73146.5277150539,318.0589303826051,0.001191392802234798
11857.877131145442,78783.05268344574,313.6147912962406,9.097458545746553e-10
5327408.83135341,46372.70963052867,317.4302410741495,0.12667696899327763
2049.3739456241774,115940.5634583507,300.54263340639164,1.4742146385905196e-17
83849385453.2626,54059.33710796393,294.70136968081255,22.908509003759367
391664.20461162395,40296.57615091356,317.75388171382167,0.09533828955527925
14270357854.097246,115081.38180611683,320.43490254348825,2.5646490529139145e-09
11955.36388390513,30466.824279595803,304.21489021726717,0.06938004261982153
1991375084.4757268,81315.18976053971,312.4516548905756,5.0875942264484324e-05
156319614.26857027,101429.12507172822,309.6870331499475,1.243344241539607e-09
2117050413195.4358,108634.77127248142,346.6336742219303,9.146846604552513e-05
286116450278.9145,63638.05524853528,340.28441025568577,50.82753774639921
8118803050.018184,100723.44550008258,318.105880108589,2.3012708439271147e-07
903551411.7062858,100022.01161508798,291.98851714213254,1.1568147082770506e-09
3892327.030326076,57143.68937814791,333.698303247087,0.004380647920774854
37841.47273865866,33201.07691867353,318.84078012361533,0.13866267653155415
25279709869.88218,58009.30586285661,291.14645628425285,1.0314841089254516
186238.77024968347,54580.8409497957,335.88278175396033,0.0005987111558201794
1818649.1554007903,86312.84141288904,321.0285384096993,1.61824287459813e-08
424378227.6479229,37546.596711775615,304.21884552897944,151.24769056417415
3900265.8711836333,73294.3435207088,304.46810570764114,1.0632748207860967e-06
64474932.63885255,47793.295881243204,282.443703923301,0.09571721744476307
3534073853293.472,93683.6383716767,300.5281380349403,0.00018237857077022616
2245.3043176172264,58948.532894994576,312.39771712817037,3.1100339564012334e-07
5011329.695991513,63327.17015623483,318.5760968466584,0.00021424978350630193
6759.009937828955,33917.30891561321,299.02958957790815,0.007881999706653441
5447979732757.232,68813.31291647442,322.35998876561456,38.33965990511913
12662282.286446175,44661.024935156354,291.20855920294304,0.12692083128631465
8139795.553426668,53600.05705343333,284.60460745669303,0.0011727390888932258
806057302.1616282,68770.14129814366,301.2315367974341,0.0010020778541871276
84018301382.83504,81695.64112861299,298.4327702360702,0.0004132907890241777
123733317298.22165,91502.54765380794,322.2488903236477,0.00018342817235603224
33458.29250774301,36559.167731323956,300.7771020239253,0.015338769399678528
586562046545.8502,59978.17422155058,312.11164429111864,54.2175013074684
5171857178.790213,93443.6958549721,347.5383861594217,4.716313503150484e-05
5662374807.324806,81740.59278778848,311.7620523458935,0.00011953691585851934
355502732944.07935,113197.09094484361,317.452459120518,8.433522359245667e-08
1850.862448792875,42307.97488643381,294.7027801985214,5.981157410415424e-05
94170404.93127877,116580.89371978691,345.99893900865425,2.332419559915974e-10
2597.1664356763313,88446.85761536364,330.64103886243606,2.8470807996652178e-11
2853736593022.389,69595.57215856685,311.585344137684,6.048537177601208
145498096.15371013,42637.72317769893,284.34433265719946,2.1446011717635463
1357767961010.3188,47885.99141227704,338.9873568951208,56460.40248468232
176126.9199174619,112063.6154202503,291.1231494907639,1.3956690521935116e-15
120802.83182812888,62619.733333296695,286.76899190575443,4.803988016740956e-07
779636943691.2346,76085.90062771257,337.0226843144653,1.2781664429674608
715197599.5149862,32525.479628420595,287.4451566759836,894.9978777586097
28576735218.440273,93362.30012424658,340.42273754195935,0.0001358034822996314
1560.0217331548051,93689.82616220089,336.48954713819285,4.428075454336886e-12
340803523.18464166,111244.12507499909,322.52270163604294,3.4049607036093455e-10
7238390803.425704,41018.993928011136,281.03848455477555,171.49108917468186
3003030033.2771626,30415.276104438104,326.9082369356911,42663.67317868852
2072185403.8485532,103533.23111497285,283.549642220999,1.7841868653864685e-10
17639.7665510415,31075.23227224168,306.2547493456796,0.0878721712185161
247201163690.20413,66990.2019492228,343.5461749265945,16.32044886124896
240863232725.02197,69458.23777918628,301.820193992329,0.23699070714880577
26285861.47275928,105522.788742108,316.6971659565607,1.0195024182248548e-10
42963800495.82131,92438.89039282508,281.50385419588474,3.0768510531516127e-07
1612039176237.3489,104471.76151041246,326.38139081360737,3.220378705848789e-05
2250536.7031424236,93119.2983195131,338.6601699442745,9.640200894361638e-09
3115053210825.078,70752.1792932291,298.5045016666061,1.3550429093349232
967889613109.4866,68866.14556978375,283.4547818232172,0.20081050269212933
71731.51721117565,62935.108799462876,338.6229932962342,1.3910228758122587e-05
13940144935.608616,113716.30128067241,316.29416581465114,2.265362999469657e-09
17951317.5745252,57959.73482680813,316.7074060701816,0.004859422614626492
6036.763552682178,54555.553905853594,312.19958752511826,4.459632296712644e-06
48198.218796487985,102123.62071114013,294.5239347400583,3.8092076226152434e-14
5234996511589.0,63778.46592311842,314.60213929477237,133.48665536140498
755768673059.3329,41527.014586862984,349.50217475106024,474145.6410487961
16558.256435141528,105590.13090921387,280.1744612963613,3.48861965700351e-16
9694533460428.281,87484.4117559985,339.97839721123995,0.3656176864150689
8120091874.434441,82101.29888367873,289.40809656208756,1.2797558393024449e-05
31208.573307088987,35945.21990834134,332.65797930584125,0.07181681390174197
3671868.8467493933,77456.47951725045,285.1901541232512,2.4756128906795653e-08
15774.295166781652,110413.9718305548,320.4059547868017,1.582212537925828e-14
3580777655.3011103,36244.33774011054,284.1690782139167,768.9766477680345
148229422.1895068,35501.93608180658,348.0714641838432,724.2815814530952
402951.80103996757,84211.03552564162,349.9169991752897,1.0646833154399233e-07
8898367845.642052,77390.27320828685,315.34453549116324,0.0013728499368898042
136802.32050514704,64254.192629617544,290.55745683058353,3.8322976362127957e-07
8824.542069320472,93676.05235153809,306.3785329097401,9.652586370198514e-13
778225156051.4352,42537.34328242994,324.79544596066836,115727.07517721903
2358926953.510683,119731.32011160481,317.83202305224916,4.901538693926519e-11
307287471839.3712,65393.6759018406,308.9521330764228,2.8278333888224303
6199888.039831999,74995.19656803185,332.6083878182006,1.0194769941607272e-05
588076955030.5911,112303.02277620073,289.16583910034893,3.0189445045408623e-09
181373.850050868,77831.75105397786,341.43234798394707,2.3225411962998083e-07
485933.4363590237,46315.13380625313,338.8879167720698,0.036186085713664204
413577291.64567536,33299.96985516091,324.900364860968,1820.3047410021627
5420427933684.743,118517.01534632278,336.0607347368511,2.098525485735546e-06
1060239548565.486,72360.78520475506,302.1819881920015,0.3392831392183826
881076918.8340383,97105.95287952309,319.7026781657335,1.2355063666817733e-07
8477740911.042238,107842.6667120832,332.2441696082025,9.772492696640295e-08
21814.869242116984,112553.73231858129,284.5208238365471,4.8420904143273203e-17
38554.93433831298,69863.31596691319,293.42715169153746,1.4595807166219074e-08
556619910306.4038,64108.835138605435,283.6891141481451,0.9048616281877593
3814660958.34298,37968.87087265637,315.98826208247203,2106.2374087808266
304850572.5476883,59075.206074704634,304.6086704499467,0.022528392077674222
8292.964245882467,56882.02560189738,335.91423262626824,1.2423491547461091e-05
193824.91216156384,53332.69357107076,344.13351688082355,0.0015585061471992004
3325865193211.9316,52542.75872057203,288.8904274447555,1043.8025850343786
209049.3578494289,63219.303016884274,298.89468736629726,1.8558893659991223e-06
680942.7639259394,83692.22245901119,346.6944870081369,1.7292393820886536e-07
89931728914.1419,68132.60655023472,302.9866521605606,0.16854025379371124
202384.5786939673,37628.13158836734,298.14280851046146,0.0518627836809093
30517.47298165075,53993.426983686004,310.43310629532976,2.625231606648045e-05
90774399.01334243,48479.578621029534,333.8216395289354,2.4047921481718726
3791437694.7570376,58491.77375048795,289.1040570855467,0.10625013224532573
16974271878.434,82644.16574898976,311.47602721229777,0.00023818940079247961
39164977.83008406,79547.86489132911,295.7656914207761,3.517596255091093e-07
5599138820506.416,38184.95799223084,289.5124561468178,755159.9496200593
11285934895.377129,73659.43507091237,339.8687742545233,0.05501331897070639
122423363.48398928,95283.96834582789,281.2124400845,2.4024753958448477e-10
35523.824425394574,39289.65792562516,339.25269794674796,0.03214005005555524
457521.9790897777,49065.052157264196,342.31718860553127,0.015444007026016018
2095287589.670201,33387.473268164526,296.89605561145504,2844.995296930103
263537.9863540017,97308.85833475941,325.07655648795895,6.27099245905719e-11
2224.027015910357,86347.25144827054,340.2459818076214,1.284412595193792e-10
1629.9957780773234,119713.06865981905,339.72904756653526,6.570401026513831e-16
10580.331447726157,70521.3797238938,304.20531376995484,8.511829076351808e-09
51746.79221237343,42888.32661357749,316.0560146385844,0.004320721815504217
64874508238.206314,34485.5515599843,323.5089322585098,175416.9399281469
652946460.0523934,63118.53070814118,331.2902314100293,0.07250737431189719
37549.057202870295,87422.83442635577,338.57959679076873,1.2824525713323257e-09
32463967209.86634,62383.219177706516,290.93284830857425,0.21326202419595675
51129.65476806184,88904.01064672357,343.8132268953267,1.6277035729703854e-09
6132357879102.971,84228.32770940429,295.3595383598428,0.008007745847928401
1293626.3343980222,106475.17952100198,344.4699569457876,9.410342247169903e-11
115960.6508254852,88214.08673143445,296.47257008422423,3.404992162294488e-11
86286391.64496835,80782.08529778078,315.6079376659091,3.8500346838957264e-06
30349444585.835537,72507.33993215444,302.51182412629777,0.009020990185851459
3306556169.461662,34418.70360556724,317.74802206762587,7399.640633762794
2319687.134049996,61338.168468841526,290.0230627324007,2.0578373366586294e-05
314821352.74648714,87870.86049809535,311.94080635253135,6.162307849121149e-07
856671.5766801571,76673.10725765096,280.73784250506134,4.746759786519384e-09
21400750.434232038,35498.15169138071,335.1747595543622,63.6129900834944
35627296.157365695,92908.77556605326,321.7610943325194,3.0618522143810026e-08
72869728.63362917,55700.987918715124,307.64524257294886,0.025101101289530126
73723.37179716532,55002.307960965205,346.52329791147264,0.0003819005614579044
5653.005691600137,118874.74636050726,281.530536460371,5.148402143171431e-19
1957074.8931133954,105096.6501083584,305.4973294846161,2.116610796914576e-12
1841380904664.8853,54302.832613545404,343.9615222641561,10716.46717819467
7770.932120146794,75820.03001855449,332.0287476341764,9.072306125854597e-09
7507.549986834808,42657.009373585985,348.8875697104254,0.003150815379476143
2092050.29583008,46200.33350003947,292.8318495672447,0.012343934376402719
3019113409902.0312,62730.70435963383,330.18824028807853,365.7777378689999
11629858210.580126,30336.42390840576,331.46082868139433,197909.88320098325
7121492.856469963,36344.35308984941,311.88154107407865,5.993230718821538
4543076625057.866,51153.645665285825,319.023756830016,19037.466364570228
246691.64663114498,46974.10931698985,327.6969807326036,0.008148482737914058
24191159.686138533,113803.0942918816,338.1475890285287,6.657418757358241e-11
13261.453805647914,86354.3957529859,299.68283939377966,1.2345865805910958e-11
36392158.94666248,55729.06451049754,332.5239359882654,0.06283625144116622
3895.635169145627,57515.253324436184,327.1119171357614,2.6430627741705425e-06
11947161782.373459,70705.49391328082,324.21341190048605,0.050005118967740486
1599100494.1249967,80425.59717887116,339.0127671021139,0.0006793556155720267
3253348648.8754463,88958.86247688343,343.36284026387216,9.759688234697725e-05
26837003991.27509,95588.66813255637,298.9509831501468,5.407667520450866e-07
556683.9455642301,116082.58374842413,338.117632445568,6.637879486742859e-13
7056.856583120811,45674.11916813199,348.4699197636293,0.0010484521302377018
2837539007.712512,36848.487996795164,332.6687044186887,4661.007451186778
1716890575.9471219,89312.2494132977,294.6773826508903,2.5449432358843994e-07
112995509053.17471,50473.03433589222,284.0751134810894,60.08940099057925
9695915051.030754,40907.54016017559,344.848372415102,6241.317058625502
5306436992.044188,71584.19274182233,342.0369270193788,0.060835012527721756
35322973238.43515,107377.94984758853,325.7368352062577,2.1266097515325927e-07
52838.054281146455,78522.29197646645,325.11420456593885,1.2917155031731201e-08
589847376.6906664,77802.88203819373,288.4471778296447,4.914277632654074e-06
1194655.4295988088,109127.85663504206,281.4011375986543,6.484100670534462e-15
73943119.92164712,60794.6299174615,282.26285317126013,0.00043365552821788287
12036.958774236358,81534.32123220878,288.1192083768401,2.00495220711171e-11
3072.469635243015,38286.42328015676,340.1403409338105,0.004137492989499666
29363268298.004173,97125.8423538766,333.62850500817177,1.786589219990809e-05
11264.984701381658,67236.7634198699,297.5465983521977,1.7671665867265325e-08
2054780173.8556895,117600.07932626037,319.5061500819555,1.2388298648117308e-10
37432172.36100665,78746.24712402368,305.86346558622097,1.3329024241362322e-06
4059240.7889033086,47169.385289659935,309.28275699325667,0.0447348346659151
468763725705.8073,116155.89432621853,330.2562857780416,2.0599935561895814e-07
216630253097.55737,109051.58655983402,302.3764839606129,3.235231109446027e-08
2065391497.1506948,102375.62489010724,341.83069117085984,4.6274287404874846e-07
99274629.32921329,78209.21594953834,336.5470995218859,7.14968994939998e-05
6178.865154873885,93403.2533420636,284.58415638464174,4.47637997345472e-14
3634090764569.396,75534.75085907862,284.34586416632123,0.050105790480892656
80374900777.50539,54932.34681347171,294.7496513886808,14.619749396278229
2719462939183.3184,91247.01266487123,286.5145846041518,6.489446543220083e-05
618351406.0125735,78755.3392586355,280.8975521275594,1.461581242685643e-06
25846562.738485392,30025.29217452496,303.47454879878467,179.19225302630178
24240673.593122426,30501.19361635639,328.4879292246967,354.5549685066975
55118272458.54143,56979.359894290974,301.5732450131246,7.5309889632053615
86680769569.45625,43880.84652967559,313.49238451393387,4182.655656074303
2626934031.1122065,107654.04747338561,335.2208717540834,4.549707741525313e-08
29770335043.34797,67645.37244612373,320.56990923903356,0.2859153532595375
655781569423.2396,97982.16116911806,299.19363992308536,5.144212231918689e-06
107892801469.41786,94664.3158473919,295.08778808577586,1.938375252631804e-06
1390.105835578895,54013.518080156085,316.319045500107,1.6847126344670809e-06
5443779185825.861,63141.84799574972,336.41819992319483,871.9884879404099
975639057.3537148,62333.74294767783,289.29755341651367,0.005318893055304293
713122371.4808847,98487.0771345184,335.7412738769595,3.428199940769151e-07
54158.84585644299,81781.95806703468,291.55797250989167,1.2463355125451112e-10
14088.530528204785,52885.47150464344,335.1768510283751,7.977769342709455e-05
33813.45043990148,52277.86416829805,330.86045293695344,0.0001933559298312359
111738.40247282025,102504.01333540231,308.7809757070414,5.014924054151976e-13
7311269.347384404,31639.562068179996,291.677598613217,16.20368190664306
30659455471.334904,96961.5162981213,317.60196569230465,3.5302312436099374e-06
9355707.912594577,73922.88702384537,339.93367581808536,4.2445399185768145e-05
53656961269.10915,62016.27503856395,344.34721887008493,21.016856790245967
13022963.633193528,92460.32169676447,312.28956293792726,4.646263995119164e-09
285431262.36253935,69290.8215669153,312.0930959202713,0.0007335051467005935
4030.6285700982876,46803.218472018154,301.67761776139236,3.1890732010738755e-05
11041.881235016785,108550.57666255168,349.29684656000103,6.635063950318467e-13
522799213.34679544,65047.83562466737,294.8258957187037,0.001598650128067767
11596762790.854795,65347.35942289185,335.3846950723417,0.8065385262093598
2070185568109.896,67418.74733270144,332.86244198702866,54.99743013338306
1398.5961599930465,35558.76961163741,290.89175930273757,0.0005971518354073934
2292.335622480076,99334.56163072956,317.81032375623556,1.0868526980885779e-13
133964382.53062017,79879.12143557362,320.9888939943977,1.3679797823773337e-05
1731097246197.7642,37090.0655908807,325.9040525318465,2048175.8889835454
2566880312911.1035,114822.16419226264,313.9607111993221,2.0547754795303182e-07
93604186.66914593,76495.68609890956,315.47140991027214,2.0514452454142268e-05
3220461261.8583302,63494.911468316786,280.09108807691683,0.00483800256779839
15166375.775009362,71494.03963513642,318.921315072819,3.067424760285384e-05
9242.583404447503,94460.82317217204,289.510349596445,8.336290155471697e-14
224356963.44026366,100088.53457402153,333.65798125162553,4.8239713595780964e-08
101421.5446018325,55763.529501904115,306.084550690901,3.184605290602681e-05
1098544.741670115,119079.10539229322,296.84698785097953,1.2363078656399849e-15
32309092.206508666,109725.85859683916,317.04377068356837,2.7137206048172516e-11
922560.9758878413,69554.24774123041,341.2935892524156,2.1146242468368924e-05
1002910551.8384933,106956.88432061269,289.47641345821876,5.200556905894293e-11
118568.98602308096,86544.59631016155,332.14121127883016,2.9837058003480273e-09
30137.971810140352,118404.22912461485,302.6064756318162,1.149000852918223e-16
8561.62994196491,106203.9638257141,340.5230417487903,4.408039305769791e-13
7375.167719517471,91762.56551145253,326.2088034815161,1.5032367849508455e-11
1807901275118.9001,51005.603625107804,341.81908464316365,30168.98311004282
139931804.73430976,73090.45730119821,297.3591508180306,2.0932412403379992e-05
47443.341563892274,115220.29868637129,290.86601897037184,9.531941412312555e-17
1186208.5816121604,44687.458472385726,347.89276578249826,0.23876637116666383
4728.311181880099,64633.61517722383,309.0676054204489,5.589411666397847e-08
17147159718.255238,51249.657793127975,319.7390990651666,74.8050889966297
1880829.7474158388,115861.02872701827,344.2470000384121,4.920389092736717e-12
169617387.91196352,66614.20641328304,346.05561805013787,0.015275630597063295
324472846.0071033,37609.44734378674,298.24543126396304,87.98146397726366
2144210132.5181794,42317.490803517074,308.0893655224958,142.76971667259093
1455.5757106017072,64848.56015863338,284.7906348911591,1.9163885954555642e-09
80451.05955003269,101528.13708797673,291.9214429271111,5.520848009760011e-14
8242.637298289439,64191.84739320338,319.9219869841164,2.720208581984056e-07
134518848.3034114,51027.67809905944,330.2847554371685,1.1799269210583918
40943348767.3363,65891.75905782249,318.0253464416476,0.6463110141991132
282799314962.6451,111618.48069696661,285.04613008419676,9.911314727147406e-10
3619.899623129643,118951.02051760188,323.66788475963955,2.381736574777302e-16
110172915763.24294,110522.24358066222,347.5377454762471,2.719059725241202e-06
3339986625.4544287,41341.45797943659,298.4383428801783,199.86534604622358
333523.9597412438,81010.79469130884,320.65008324352334,2.15424775947084e-08
7530411.251001253,67115.73551302357,349.9019707427048,0.0007139640631441973
1301641229.9846585,41420.62333222194,286.108250048891,36.88224524814337
75296.20245367393,106065.23534408942,318.33266674479233,3.0451117992100273e-13
403685.36247977335,85449.61257072835,286.7449550169442,1.1421955436272884e-10
8943663897719.041,54651.6154710843,306.6664610583658,4349.503161177541
1723.9056708046403,99447.58179445688,299.72128744012065,7.941359606054708e-15
1812.7701351751214,49251.0558714685,296.99868305983216,4.045454903152958e-06
228289055.1253028,75614.34210183515,335.7926801617364,0.0004127160105061778
1221509636979.2708,84525.00161750155,290.881597413121,0.0008076864546361082
231863.66017370948,37459.17485254199,280.33147248144274,0.025171990827850668
16490495.661879474,34038.05233257731,323.006533272057,52.35056032766134
255453.44655245295,57384.3743751209,281.03309423800823,5.596931904153244e-06
55346191.90327858,39595.31898320521,333.23406272202254,35.243856769735146
759717129352.3962,50539.67662157767,309.64542608055007,2312.5607488482683
1528257522604.2148,32624.970102722727,349.7425686810144,21435451.944525443
642218.8180704145,32351.259069629203,336.0338709121373,6.19426795918643
6354762.035818801,84482.13015855622,304.60704020214035,2.1660489830436604e-08
2437925111.152192,38542.54368921856,306.1173833156434,667.9298218494027
6512519709.615101,69552.443345923,344.42184402878377,0.1839376356504422
67644059502.40651,104743.06739756558,316.7488176615492,3.7213996639341814e-07
2958.553986636627,98796.60489280462,325.95314417681266,4.3782156724032525e-13
408573.4517327429,109857.04390354198,347.83239114237404,1.29933095939055e-11
2833144.6246308945,39142.26102935494,301.1502865346923,0.48006086248200824
554751181.5551921,84713.14465684415,288.7112176008478,2.6099120687551844e-07
479790.16981057293,108602.76113935231,321.8710308748805,1.1885252836788536e-12
3329941938.549441,87465.120880842,308.68740496384424,5.429045928557817e-06
453865292.74316543,110260.70239868545,283.5119519529576,2.1646026254979407e-12
30518282.528403606,44356.192998816514,327.9415706125295,2.6558415399383413
1465927697988.591,71178.3231214105,314.6651821875388,2.2105956268812585
430135.61838464835,81765.73791773504,330.8792529148099,5.4194742122486225e-08
7926.671240476996,39692.255746542694,337.4127154995261,0.005716948185417604
112330.5263509235,72012.00501520996,334.1538713774189,6.362911334798507e-07
143519.1817486315,119509.72876081087,285.56503234670737,1.9483843311802274e-17
1911501334779.084,73417.45340979968,327.4919921491234,3.872737998118912
56784859.54583776,32288.53908068612,295.2625712180837,108.75157134266229
3978750.139492421,65395.224363574795,342.2014207043999,0.00041418568371671364
11558604497.32501,71312.35966292824,293.41993230460815,0.0023723589950342574
48867383.8964564,111221.2404011488,293.58336144028584,8.278482703786522e-13
10300971.704706581,68571.0275646077,292.5716464914383,5.954088845663798e-06
594117084.8964243,70675.86958257348,345.46170617451463,0.012480031066187136
555929.2809002341,102980.02272792676,334.0127291900743,4.5597875712907366e-11
7751802467.715745,58124.31474564341,299.63525376742035,0.564841098273173
268504629156.69385,112417.4730628712,318.2625584755183,9.454452745494167e-08
996734.4628855773,103372.91058798073,281.13823507154206,6.43491113416557e-14
2085195.2710446487,67604.36827477609,296.3109854604923,2.6206841755253544e-06
9280999.403069159,100758.09906657334,327.7547295279902,8.257450981803094e-10
7422533059198.202,119320.55480201685,339.98287667578586,3.3837018328096464e-06
962455.2563131566,105516.100141696,324.4948415888336,1.0216612205543568e-11
592798.2078776918,51008.519379957375,331.54550496689467,0.005620710151209249
27589.124852107107,94084.64120418669,330.4159879259197,3.703564610092739e-11
56568958311.66957,54318.558321031785,289.3434226710653,9.082745644259376
4549449152307.628,106240.25310379094,349.73642403488276,0.0006407845202820873
9196822392.037397,89184.20876195419,311.32381989798284,1.0328349084407382e-05
39556728926.09544,65585.77393060285,295.66428454359095,0.10265550631602119
18040.703931154523,33584.96246705911,298.33682768555343,0.023951374302405383
119629328.5571448,90887.15995676926,329.02920228983214,4.6003765985910514e-07
16319062.323414106,113586.23959305177,294.9707422059334,1.2759283601601805e-13
25920461.255432107,89617.97092801394,335.59559887946534,2.9257550033394853e-07
44809996766.92209,42699.92712438281,290.1846385799271,916.6983272774747
12566.880672804815,66947.06128233127,290.43947374684706,1.1473675368832918e-08
303951.0093699878,40885.73088770577,324.44170442912394,0.08087408115971775
21590175.723594792,46882.504391111754,288.0766904642807,0.07069248931935541
953791376.2653241,48461.044635564656,326.7085389687075,17.48113526002125
1774644478362.2498,105052.9151905022,349.09807698753264,0.00035391195756425553
43543.676885198984,97287.82577210598,305.2876171796586,1.0108439331976008e-12
386815794.5931111,103664.81356914992,332.9018408330269,2.1972472488973725e-08
61262972.42437672,97573.77711763262,300.1075454666568,6.331486339966835e-10
15003219021.34511,74320.13208285833,309.440134425553,0.004454591877854112
1236.7082676807306,114981.11412222308,321.4947670526615,2.571816787244155e-16
732114.2442705947,76133.7449181774,281.12510202560264,5.434487218398114e-09
369630650061.62805,114859.25098239897,339.135408579563,7.494918086024493e-07
4803196.061643695,38156.640564625486,301.2973375810947,1.1675854679393576
56480297.69201762,97817.00137170192,320.1266639132513,6.247619500430612e-09
230369560250.83762,56435.438618628774,332.8370369969938,321.58789514126966
13537.2986121707,39250.64206912977,321.50906329497826,0.0059558054925563635
829755.3528765901,118780.82112668201,288.813285788495,2.819215375657472e-16
17268.480382221987,71419.72389295996,318.26006728742243,3.427303214650788e-08
171520.38936605095,75516.87000043404,292.88218452453873,6.094889052709078e-09
407780877.7768357,33706.77018644565,299.2903295688584,528.2023140526667
120722323958.44435,51692.865528369046,292.76662448352056,74.35538491809568
2333336649430.932,81476.85130962689,334.1808888756373,0.4245384648632794
1074.568879973186,114161.14589357945,347.49993326775854,7.783645487760594e-15
2351424725.8532615,87252.13221699407,338.09744385137753,7.770129921340033e-05
43577880760.3949,118122.27359639882,336.0204420788891,1.974135117137495e-08
7262289684213.841,59893.782326173576,311.89529887928376,673.353888597637
4870030669.867386,82295.86269114299,297.48939916411337,1.767961600982491e-05
1576291.9936049706,30880.5144404976,281.9617526038424,3.1068986558873277
36922.718645579596,40608.68976957923,313.97171862177817,0.006470417876471518
310622745047.9535,34905.7941141209,305.8465477114832,352047.1306423273
47458721542.02021,48486.53604982473,290.0849293932693,90.62122602448754
1734.3182605881545,80714.00580033615,333.81391666798584,4.044724658184799e-10
3266010023908.3853,61720.190474940726,334.50013597318133,740.2564375359115
65380376.980058745,84525.96905068879,311.1376216923808,4.277784943909662e-07
72838924.85781094,30161.288795481585,328.584838935599,1169.405624020187
195539692.29073763,90382.97245882388,328.6688521963726,8.53285218632767e-07
8942132.801966224,100339.58426380668,322.37350938110063,4.954976450091665e-10
2413.5134532068387,57676.60244990547,332.2252690105978,2.0944895329236095e-06
759353304150.7365,36260.51478663449,286.66473710841626,192968.86596779656
64897.069139850835,35152.19772502871,297.03436382980084,0.042531555091429
77454465.50081183,54961.89871933537,315.5072746601884,0.061923157370640844
95815685.1980806,30162.890203371728,343.234767133751,2522.6694486801084
51343239763.575935,44994.112288895165,347.4384783891013,8954.739062714332
694364693634.3932,111377.52517124839,290.750857269401,6.861248250373959e-09
5224625800558.551,105591.89351361137,317.49954323660455,2.2945288768086135e-05
2929142705085.4478,119743.1603853254,341.8793985871791,1.5114985727733093e-06
34054225473.182236,84703.64898069086,339.39569085178505,0.0032433249491744037
2931119636.6391397,81037.21014324264,288.88212252190556,6.706631123321515e-06
3127970445173.9707,71186.15285062112,326.2467923701313,12.61171830112483
800656351267.2703,100179.73699692279,339.78906013779397,0.0003195424120800176
173497308.11487576,49464.2579951339,314.9228234384337,1.080999998778403
4348497789.216114,35931.44125175858,332.22248432683415,9806.655776580736
12167455044.96854,95563.13403662713,334.21981390361367,1.4579795106698262e-05
64878291.34391181,50363.53581050849,315.3591393764859,0.29040220741570794
616286.3376846655,40974.45341608676,328.73465794942007,0.19411168504808068
473123046485.11334,93776.45521298534,308.41465384470774,6.459790080437069e-05
53196328.67426468,100832.35125650463,293.04256333122015,5.766588744510139e-11
17616822.71848646,39700.346946261445,284.31945237701746,0.923580381074793
6224.983604090179,71148.8299551101,326.4584936107828,2.649550292292837e-08
1125154.897249245,81392.75144707705,314.35534526734483,3.444566364530264e-08
77219673.54256895,84473.83075760797,321.8528369600634,1.5327467056041326e-06
11054.770259937564,34136.28242493625,299.67664365850294,0.012312591395791503
10339672989.689228,64373.3538832198,286.7533798128847,0.019910947694208838
42074.3935241561,60775.09092121875,301.21315903153527,1.2375517053094148e-06
219805542120.85626,65493.8004224348,305.6638090905063,1.4622517832190103
1234353611.8735042,59457.11114440926,310.55244019132186,0.12898119792281934
69314.61300510955,72101.54683857123,288.3878199400485,6.0903386356474675e-09
1516780945.1286097,95606.84839204176,316.06235496287627,2.362511434502496e-07
4624764901.076619,67939.88934123798,319.79588999725377,0.03655448946473483
393693.64206176676,115359.7144730157,294.6159582753686,1.44912378359738e-15
234283554526.2555,119240.34923574781,345.5875974691909,2.310144175245291e-07
2419902695.35761,98508.83714874527,338.0574784716435,1.5193851236077001e-06
3663160.9469049023,56724.69766149491,321.4092830599924,0.002194004388228156
296519169781.7606,42137.88429588794,319.98835111431396,40433.05283508999
9687.756659693028,105057.78627785113,299.0602797607231,4.334768447042081e-15
5404650213838.898,113702.0141055111,288.7879854755106,1.502769408811608e-08
1266878239833.2766,116388.38753358254,306.70220316155684,1.9784929721742324e-08
322819.0582147552,115222.86584925184,321.84666969172736,6.37104074328525e-14
1019446961.7546663,80239.02839196609,303.8888253954426,1.6836880102671503e-05
8613496687.820873,32884.75689574192,332.4505113519549,58322.394601059365
262615173186.0814,32659.240888760003,308.57772714725934,780814.1247051366
1103484081.9425335,44997.11474632117,293.5254485706825,11.137335949003475
26087912929.1234,95462.05447086191,335.0931593365686,3.459620172850794e-05
742988.1111032128,98770.11076738045,337.1971438919105,3.7175999493926726e-10
10441.128059842013,86804.66282364423,336.1886113396654,3.428925717920066e-10
41093161947.33745,119906.05493873676,322.55250654180924,1.632720814842778e-09
57870175.87968199,78413.47851914132,308.1940129418711,2.9422484615550055e-06
2152049188576.782,66090.17878646513,341.8586147298643,179.93322372872524
4722514056.367305,74627.36717184375,349.86668982233243,0.03453698033140754
282106.8871810835,31148.85895772812,314.8055332871631,2.002826550326278
39585.93472456874,44907.40624636534,329.2104866735355,0.0029158043125305554
744924.9481801073,113340.77685000097,332.3216045891694,1.1848605565980683e-12
16738.296628298875,69303.67520064025,318.67573129381407,7.560019325122538e-08
105589.30066831439,105096.52201074353,343.1511687578445,1.1121288680550506e-11
1588516.6335220053,108639.47604114642,339.6350610353408,3.2360360499936834e-11
312814.0169669599,73112.76884512164,292.48109797601853,2.862340285552307e-08
339197535.3075602,52821.59140781964,288.4279156404239,0.09188623075457418
6663.395591276067,54880.62034792714,297.1091359424689,1.4989383842840841e-06
2335.084409190847,100225.63700294282,324.32732009191426,1.6491781552608325e-13
547055832172.3572,36402.58736452947,328.7993515340579,909067.9148916048
736633930944.1508,108293.39921669656,297.8054595558158,7.42947333862912e-08
936961129.4962231,63093.5357284689,341.8998386033276,0.22005048904014504
128675.2192464113,49604.47814485185,345.40646810910835,0.003975544462314832
3598674711211.543,32728.261553337434,286.99252952602467,4085144.1669780086
10759.792748446467,81177.08833566956,345.5536387402719,5.817607622227454e-09
4891641290110.445,59851.32763419932,305.642844580306,286.81987512198043
47026676724.82308,91865.18154353765,338.2708111813424,0.0003140410638518665
16194.229937150189,67143.47437480802,283.495560363383,6.926717154409982e-09
12523472.194639592,36648.85346835395,311.4014777794763,8.901270818460318
247767167470.19373,81559.61759684421,312.0763159161724,0.005653882560888509
55155767.554492325,83188.94025481207,282.8384598294413,2.397210832614902e-08
97434.75068035995,81103.75063565346,314.973478525581,3.420158325776548e-09
35371225600.6778,90155.26324837614,283.49662114042366,8.746600053446471e-07
14141.008579781892,30315.210277263537,309.7429285938282,0.10939726686177849
872986025818.3696,67617.74443926864,280.09330030769485,0.21078565290315554
39214745.06939639,55268.27433718279,299.8699526649766,0.009283366310419797
108342.37989851442,33971.86022749538,339.6321510158023,0.6388535330374789
114151.56970363019,74114.69673792322,329.7292957120704,2.0584777997836538e-07
7538.134402197313,116012.21013386572,296.5248942200569,2.722114660959181e-17
2712038679538.7324,75465.32648749472,332.1344374326558,3.814116410272894
7293381.812130952,59124.57234762545,290.78872767061597,0.00017163711766041785
65378318.27219298,92802.08059987117,296.5456452951108,3.0198793542724358e-09
844305247.1223888,76849.96521006309,321.9916910118448,0.0002827584643640505
13709162.10775802,41357.852904451356,330.89794956812773,4.181532131702954
11728956.952275287,96553.44910328364,340.98377830297784,1.8942858865980737e-08
40534.53265044888,88579.1492663952,288.50020211182647,3.704096584925142e-12
21377.21410590769,49884.4788358881,298.424802933917,3.995092958263279e-05
959738.8340171269,78698.01198978003,330.45844520362095,3.630141937911396e-07
977754.0167817342,108352.86916503277,334.8953902946219,1.24273978726673e-11
1107030.8146689776,45885.28018582377,306.89613986368624,0.01699716565182608
97437998.97577654,30850.453848551402,290.2306131974241,283.40691503242545
163291184495.14648,50348.012490649606,318.95495495973705,912.1632396130993
54590007001.854095,46106.16759362317,305.93040537413395,768.1631894606772
298869.61595331127,69587.39296813018,334.04122800829066,3.95192865214919e-06
1510160.7856009037,114778.3901670672,300.11669901279737,1.6028099335937547e-14
21217.008476601663,43057.231443038414,306.097609988774,0.0009429061093084056
672024963.8854867,34006.92645784959,336.99468890439744,3590.303435568768
115172907.81615412,93380.11110898762,285.80511059991414,1.0109663963954868e-09
4184782043.5383205,107319.7655001096,321.7644884824478,1.5746377535877987e-08
22081078660.233925,74143.324973517,348.8543985006976,0.17670345985887026
18071.102235748243,84039.84097893721,306.73852395048834,9.025908548368809e-11
458642397206.4134,99614.0026870398,313.9500231771494,1.2241776636731974e-05
60495067832.33771,78715.75107460334,330.1070558182454,0.020847074197687294
7830.81210106127,65853.8221970466,301.6253034195644,3.0468513922376164e-08
5811532583189.514,86150.75783755837,288.13196972330667,0.0014511362706864674
161432171.23890486,116028.44807371755,319.7651464928765,1.796137103329466e-11
2916.862258593423,66448.89816594817,343.65382259783956,2.2905185566366208e-07
15175.714883563105,32028.343233742806,336.2031383420726,0.16505475207270004
113767902901.57028,37929.94642155915,300.194155347078,28417.526691621304
119403769427.04915,52857.459741578845,331.4926525346866,553.4753915385917
1202707.103223773,32573.635504350004,291.2595406673109,1.7910530258550907
3350.178327632579,106185.74264788369,314.2948828036586,7.556310391069938e-15
35696186.239634275,31788.17033670888,305.0514111197485,126.24972012130738
93798271.07244134,60338.061661624335,284.87268201793574,0.0008326361113110268
37850981756.112465,32108.6993171357,348.9688782457007,618009.4718623036
2440413.501599963,61280.438829105246,312.1073346427593,0.00013772600018119714
1729024.03167012,101269.56812319602,309.4249151154293,1.3696353176366931e-11
3443152.3488442237,74331.52754823022,321.97285457176525,3.142543157121988e-06
13276956009.167593,82144.74803080724,280.716600588501,7.0235511615541494e-06
1179035230962.378,46856.59343060285,317.88443432928665,24068.315657588922
238856706884.0431,80460.55217773592,322.09296579990394,0.021364462487266613
361632.77699150046,30967.210987293965,331.67167054343025,5.021492755539604
1188519.8038326895,81144.107661132,302.58162676599665,1.1839005083461779e-08
388562.3138176536,113333.62860620304,338.0186738454223,1.2366810179289545e-12
109280392822.54425,58644.57729434609,319.24343669466276,28.627211953620076
706705639832.8577,117743.49826709069,321.0635109001014,4.980041845807949e-08
4951691368.604058,103371.28892509738,317.30190842331444,4.6819954266648933e-08
243390277608.4409,36932.60976382436,291.4942062457698,57929.97801966821
1316.9439089516882,32335.45271026126,296.5171498864019,0.002665734665520978
61163109.290124506,43842.43087206771,304.4091969947848,1.8224810597353387
43559827.71823472,81006.49142139331,299.67835222875436,3.284736963411211e-07
39526540502.59264,77180.36086193104,282.6647235690821,0.00021916673092512112
3166752906.4736247,31132.43208234876,282.4161091085928,5799.876892528724
1182895631.4601884,81136.76627449493,337.40731879198995,0.0003186371897153004
605721683773.1177,99118.12615917441,280.33730545149916,2.1280675925634751e-07
19799577.71453969,30604.407637888693,308.16743449685487,127.41227497273219
332834161.20446956,42912.73832705118,308.10613687871836,18.11632093111089
449427554110.9001,102624.02927881728,302.77697733321554,8.732321830218846e-07
4348727.976004328,38850.96303164121,334.5018289244572,3.8821046403357617
902632039.1836998,112015.58192314008,304.99324776172506,6.153898036133508e-11
18470077.66312772,59750.996515331266,287.32155279733496,0.0002512602815097624
565392.8919108689,108663.51383548672,348.02477124364685,2.7373874142862563e-11
812549.4765573462,111261.90017512352,342.9848839811829,9.47163198552858e-12
208022856584.31775,47826.65647374041,284.1441966334353,332.81516713974065
46649479807.13059,42636.37781061823,312.1376755656156,3447.1352684958097
16217220.078099722,95050.25280141551,286.6330714997032,8.032045607261137e-11
2453137497339.935,93654.81140777882,294.5571356681321,6.088381841519127e-05
21666.49453481318,45978.844810669325,300.79389410618853,0.00022434513122552153
1909461.6363723376,56561.24810063455,322.2143464661787,0.0012970303786921477
13040160.178908348,92289.34843600809,280.50208391977554,8.586354374756175e-11
1407.2231917782394,119450.4544615506,324.259066401185,8.098720629342791e-17
7762124480510.833,85885.38193071634,336.7916261249931,0.38657085061521335
22263.30886416673,99628.1191674634,311.56682973534424,4.458155276028627e-13
608534564.4712576,96014.36734557118,311.1361888313916,4.5740121995610864e-08
42164237.32113927,44464.65651047314,309.9651399506513,1.344146764054736
34048.54856324875,104522.25117104137,308.9264688663166,7.346358124220044e-14
224167.97770677792,31372.41123107252,335.14639059272105,2.9725085547783845
809237887442.2021,90741.33600437714,338.94739806989304,0.008250355457329007
1179535587228.2354,63582.23016196553,312.6250876278062,28.718690761396477
436026318032.806,73455.13089884238,302.3732441991692,0.09203008140303642
859320.3113133091,67759.4662702294,281.1840713695018,2.266367125798036e-07
23667843.274093803,79528.48477782386,340.03545993448984,1.4523336027687127e-05
8528694802.417451,111279.73460083934,339.2479200831895,6.292385988529523e-08
119595.41304469596,39449.360728916334,339.86462225190445,0.10464279796460706
6510701538.573199,115801.5844327553,342.68884518758495,1.4910329102058158e-08
1728.2453128735658,56800.97003663458,311.04749381207574,5.103568333844643e-07
59942.14649752374,75469.44459407759,298.9856010052984,4.0291482063450685e-09
3150445378804.897,36250.764858623676,301.95670435921465,1737811.5629436863
184815.5367153022,111317.08804988605,284.893234476158,7.246611843130466e-16
92167535.91682069,106439.50040484768,295.5926534282791,1.4761715142225855e-11
5564727.549102617,68527.67698375249,297.83229447733237,5.3012109689098965e-06
3039.8622854325995,37403.58885972233,340.1687321139299,0.005654631093263365
169807.92720097347,49099.4155465128,296.90982647814496,0.0003844759572782979
20119.73257003198,70548.12302947493,296.0113274785713,7.2835106304600985e-09
125581.96473585986,58568.521790534905,322.70901298177864,4.104294862449273e-05
9640.000039065146,38424.11030325655,283.71877206193477,0.0008052455290201655
1701753.6508824085,48229.798021046576,317.53421972814624,0.019526853096928035
12078694.01257357,118617.45447149173,322.13582281938653,7.283820968799127e-13
1403794993319.838,111842.00604202913,326.1278802427697,1.776686386668143e-06
8345823.640394171,97070.16846803942,322.73195632966224,1.6778329831504299e-09
8124160.541755684,104061.22819693829,314.9601895051135,4.515480399680849e-11
24020.069157684004,117566.86410017633,282.663200343499,4.665904170256474e-18
6900.07148456711,69621.6886663569,317.7646591154827,2.5438806623025537e-08
609467247156.7845,80710.31455671719,335.9269992465346,0.17331876315352152
60569.994699486015,108045.40139077786,297.8703542564778,6.916126100084029e-15
8907446188.455156,62136.675558025454,326.3361692021172,1.0014908976789236
527094206711.59406,36859.25236094374,330.72039322539206,796049.541958012
42094322391.126656,101621.10268856179,321.75455689440815,1.3955898670167844e-06
7163319.567597038,73162.40763077987,344.4837205824682,5.954399991534805e-05
103291562.2324451,55723.677761722225,338.207184580117,0.25999369458001026
87047.1719379512,52151.13864187132,320.0066584208556,0.0002723458970782864
3709.3568196049346,71958.84635025455,324.3318494349085,9.600964589822082e-09
4828.6781820308615,116556.81787908652,332.1028291243937,2.2561080068129237e-15
41249047859.93888,96689.05954083188,297.9313080374124,4.809666284360753e-07
155450647788.5444,40339.97029913204,292.52368419414137,9996.955279588998
1592555667.0473487,82074.85409706365,295.76708434778413,5.330882585727136e-06
5081466627.263416,93777.63693075713,349.1729290738697,4.748738973212126e-05
388184.60140929313,64048.85441289616,347.67536933170834,9.6842515579589e-05
16624538.851419095,51402.783862117336,286.2686536593975,0.007207646218041288
2314991.114519132,82973.4760717378,333.67990105839704,2.4875809122666344e-07
7319.888098281231,67908.53294993305,306.66038366799256,2.0676669050112813e-08
37194195.0979463,109081.25788992936,281.41108227628484,2.1622526038446107e-13
2277990945009.3696,44896.861011769484,326.8093262683059,150015.308164981
21366572.909067206,61139.26779651052,309.75719854172496,0.0010749382689407441
11169.18775195325,119354.26996008705,331.74072888649783,1.8052667843042034e-15
78260865.30153383,93110.84972604676,332.37473731447585,1.8021083869009698e-07
1135347.6669727666,35474.06377353176,333.39910007760983,3.092531762006599
1382660345.2246141,90770.11032389218,286.86438000800064,4.028672586926948e-08
188015204.6778906,100171.07596319618,285.17566972976084,8.31649327346591e-11
1648955284879.0647,119156.87400404454,342.8864421759411,1.2161595249546358e-06
35132.9533159491,72923.29626532922,348.77274701911693,4.135725222829967e-07
109595745671.60881,79709.696413495,343.0752412439047,0.08136001911806998
62495337.56427731,38567.15026721817,325.1139032884824,40.12556172786264
509092.0704600833,30354.490063971134,323.74017536328387,6.546118379706597
790404.310400048,109044.69313058455,310.80369236674653,3.794035402590105e-13
3681547813376.5654,32771.94028355696,338.1649987871912,31640430.541190643
102593.87839806409,111317.61575279932,284.4992406038237,3.6609603591388446e-16
3177860173560.782,116046.83203674156,345.65315079164947,9.042034590405866e-06
1680840929048.3313,72603.04636506375,347.20368991809886,20.238306384258426
14339904.083784474,104374.60800498036,307.7346299063083,2.8174703888312958e-11
8552379711.371064,91274.72957670224,320.63030819026034,1.2042264535634887e-05
988998409.5288262,31817.661690626086,344.33663301659243,15110.617093384999
20210.654466738088,59814.99240869055,330.28091948457813,6.892797186459985e-06
1138879417048.245,113794.41625845247,338.724239359491,3.233049428981149e-06
1206523088.98208,59865.875021788146,347.2833789835044,1.2346857474092223
7733263835681.236,105281.45263944395,342.1926867245773,0.0006861360322715723
138582.3890123378,45566.70972857178,328.07135821679094,0.0076066988489850405
126503203531.49052,40829.39321106465,338.06732012418206,61017.03297917876
46627748141.76893,111376.69334486786,282.60981797665397,1.1884626541905132e-10
2180534.5836185617,31405.00831312398,341.4190355182783,33.98343276633874
1421354717067.059,90130.26842945458,296.90245861645593,0.00020519646926618756
281620.5663799977,74169.06914227427,288.2102060196476,1.0042225675601572e-08
68981.99042170352,108275.62586379256,324.58014062589734,2.5481670831479774e-13
15942.132592476388,113917.29030104028,322.07843055457965,5.335725879649061e-15
465946009847.21625,60073.58425809257,293.86284450545816,10.217013490689164
8844.140940009518,39779.25124717665,290.5379519616288,0.0006424162787656946
66853105059.39037,108142.01660423061,319.2986817405165,1.3602716489294983e-07
20138730.893669363,75072.03579347226,311.34831125621594,5.3667867178832606e-06
9238.756311036328,101129.84325534331,339.5309607593528,2.5446092158782964e-12
1342362704.0034382,54436.95074336903,285.14855482773373,0.14269715031665123
5068613745702.689,81000.47654740646,304.72477062776494,0.0684877256834233
258398818.1434775,118519.16729722964,305.0989249803862,1.3373591208303323e-12
64364.01748446126,47771.887333296785,287.19764871031157,0.00013046570321513013
1665422.8384261187,95929.68996839116,335.094409328712,1.8844857844461853e-09
137416759124.41103,42215.06113552473,336.79445376708975,39471.2868445286
567504.1017025909,37623.52094040666,345.4070202222621,1.1373107038250037
1188221713.864122,38315.115379118695,343.8407516542277,1787.802466057195
358787148846.7326,46824.283735991936,312.05628813929684,5304.056531628632
79668629.6181138,106773.47588804754,291.8360370447602,6.233105913759766e-12
2698.726414390494,74452.73552045625,338.0681459751804,8.37712399368629e-09
64101242535.06193,75205.76885984073,319.37454837755485,0.03313523195611658
637028427.7426424,89365.64537656381,309.5500970490288,5.505481481584967e-07
61503.320924500185,57765.9548666879,284.8743640162451,1.567590779594155e-06
23553939.55803297,37524.84161503567,341.84448296851787,44.798999281530186
44366998725.066185,108129.04309826458,322.7724642444586,1.389403895818238e-07
309598265.82002145,94759.48527351557,281.4453471229007,8.382889882497461e-10
823762.488845668,60033.87217287619,346.2696989057826,0.0007208596194000327
16820590232.238346,110616.5886534243,282.5633366594097,6.193432321797704e-11
30835.17584900596,60835.08870322387,344.5470150592483,1.8753874004547448e-05
52752.64831075882,115108.00156449417,281.6351705377527,2.3787494793459003e-17
32398253951.14982,72411.33361186105,309.110365571323,0.019319720249387776
878107.8604280531,65405.52535157655,307.1359982791662,6.5198481276646045e-06
363495462387.27466,116093.33890672501,323.573060271249,6.835361324757138e-08
33760949.83285539,33942.93394052164,325.6241968024835,124.71363011808633
757115046.6751978,78428.03185720321,300.6981091992212,1.785083334199895e-05
4036271.6074996106,55677.8073607942,334.7890081828848,0.008397381977994431
10023749.443248237,108132.88580567618,346.7608990370942,5.141870244916428e-10
449162024262.1056,96841.58723782087,305.04125460777084,1.1839698619173713e-05
353573103.45967096,105803.72807200877,301.84156520978985,1.8003297979321305e-10
10478056.390676659,53373.76086206953,326.6713879390092,0.030535275169198798
103463797259.92145,56436.14426800926,323.89168985145056,85.67503791624013
19570633.88428315,116078.38005111116,321.54549628000416,2.71660276436485e-12
136575.45283835693,106529.5277766861,334.4597060967216,3.1241802106382574e-12
10386.50383434777,48721.402535986235,281.5793313559014,9.327919460318498e-06
4799762180802.358,84905.14738863648,282.77414151108746,0.0009860183065584195
22612932.82430179,100124.72944255518,311.4733368651469,3.6121684010425625e-10
1012841.8356960189,89096.74424924633,286.057124482145,5.660076625781134e-11
806949.5901159965,44458.11489238382,301.4818312437594,0.01632008932249519
6111168.642002945,115356.508157805,318.4789953631307,7.568084848454617e-13
7933.71073779546,113776.27412527904,281.3143517032967,6.098903906959145e-18
1112883945323.407,70159.28077216848,331.3610552462951,9.782899569604496
166708128753.21793,32099.25043125132,298.48598571885066,411952.94794955803
739871854481.2301,64607.293892499125,283.81629689301394,0.9955764895847474
7568.876436798951,49986.182934930126,338.45888499898587,0.00014353258974191964
415474.1673391166,49123.852672361725,292.6111635986457,0.0007147166525007827
32945.274565448395,30055.02694320079,310.27582332282486,0.28566202624645354
847344.0722797238,33225.11566379757,287.6680327100586,0.7746171505070388
358218457.7036681,59143.32737872839,307.6741738878347,0.03278730202113656
4158.857040369133,76489.3084846597,345.4304449348514,1.1062342462148918e-08
11360336061.4163,32251.235346865495,327.91295501197857,81463.56788131708
145744.4025685971,108671.70993082893,292.7037284342482,5.941477236740953e-15
1408911.9092850287,112193.89523847424,326.9515664078696,1.6671614393578076e-12
904147.1200697324,30247.118638823646,288.3116929649922,3.11647115514326
5498.316380091057,62139.13817130191,289.46762634254685,3.467931871167224e-08
804197.1919762574,77737.92668687346,311.61131019471435,7.64095811196051e-08
2606.608112952137,46070.84478227809,347.9414453448129,0.0003190714622369351
50343781817.09773,105683.1776965019,329.39780114255234,8.973798393705112e-07
3272.714602283571,33230.285704261216,333.62154306797316,0.020554498122666805
23440112487.542732,113362.43607721027,324.0551008147832,1.2856901655678449e-08
324638704.79602605,32955.58341751546,328.1358432587109,1826.2920602745494
282228643.5309878,56746.96679259401,321.444931677702,0.1745095154360067
141132.15563751818,47185.09327723002,330.62307117011505,0.005084252534820695
296845.4494017681,72868.17404440674,337.69152752864267,1.6132793510671545e-06
19195834.97488546,35564.71557456238,327.7347887066068,43.09439085453087
16530187098.641405,48507.20782456002,330.237945026034,353.92069897254055
401204.1944590211,82441.42415375554,331.29601830941294,4.188729691293083e-08
1058.2377771610968,90553.64639352323,304.36881505050155,3.130527223503223e-13
9965.883488547284,96155.79092655587,332.6769384318177,8.117205412785578e-12
67216.96089076014,44911.726640764035,342.0617015389946,0.009705015218351364
307043.11832287046,105485.48783145245,288.24153744423893,2.3030333185878374e-14
16221934186.678617,56984.59291698987,310.4761872089632,4.217447522810883
1759311763.7845407,49938.713141519096,296.868487829448,2.953156471710707
26321263062.265762,32271.08863824732,348.5374952679918,383805.18826468417
276002285174.99774,82790.20094236851,314.401944197282,0.0049611706238147524
252194578769.80408,68187.37560844826,347.5583457541585,13.96034509934526
1769277.8790704801,36014.79248259226,337.63715040284603,4.652010447066253
3612740.680615249,70284.6342496225,329.41644759486934,2.6255392941769714e-05
72143040832.68188,33762.435547662375,305.01205111204786,121137.52651901753
7485131.545047296,70163.27660026563,288.0609000879094,1.423979732407006e-06
1354890.7067851755,52075.878283233345,289.6175994194329,0.0005504730260974652
20429752.419268765,42191.527984720335,285.7102495782072,0.404128231261529
6044380.978401144,62266.59389615088,331.13150345869457,0.0008992414516927915
3546967730.8406806,112659.30367247427,320.7170792517716,1.6423695574021565e-09
2527.637492843698,96991.48556870253,305.8954342744591,6.828409416550959e-14
95050.8839840965,119112.04557211326,284.8847344380152,1.3859679695007527e-17
562326362.2686408,119844.80574375707,287.36087057140077,9.6153315606728e-14
9275284.90679653,82497.235405944,303.1535190978277,5.570695587946276e-08
45480576358.12172,95523.1021636859,286.73125076564014,1.856588546063428e-07
117912474655.45216,57499.79994884494,282.03725937706764,2.670782946821332
25952552269.51975,57391.522466000126,324.1479174392542,15.008439617535265
26826.226049115852,63950.86761871498,303.85376657421654,2.719341980220058e-07
16200.561016635458,80234.87183321107,305.52656713089783,3.150999194885897e-10
19976871.518031176,74901.2907629153,337.8711198076057,5.5049516494461025e-05
637068681009.6791,50009.64089399648,314.5599226744264,3228.9760793931423
1619.9008911838487,68229.77268829796,327.4086459275181,2.0834242131396103e-08
481900688.68558025,49144.31008124056,335.9692950980124,11.27769206614819
544152.3628951124,78643.76822112102,284.7194149043936,1.998423058505602e-09
158478.82053537355,76345.86945693618,326.88302541234805,9.843606530681867e-08
31038747.068610758,75282.05468700119,343.0439813081086,0.00011001608311040194
292644.83906141,48774.530007400375,328.1470157727015,0.00511691596415734
2622.0030925559904,72461.00171028989,341.6413922765163,2.168326708124934e-08
8196632454435.869,93323.30880279826,337.12402459367235,0.029205194754774972
40685701.08474218,56781.23789357659,345.9454305452337,0.11090483720398385
30742806248.652477,30978.97489877389,328.31806383029334,373870.94684729207
1616199327298.7295,59331.74011399059,338.98590375847397,1196.2658345291586
50708.5379841573,60233.173572837644,302.92706004352567,2.179662741901191e-06
17164.068679210835,45744.764097731066,304.1776977416723,0.0002443330921879883
38904696.94168901,70069.65719853264,308.374240864278,5.374295118333155e-05
17857267638.883137,66347.02238461174,304.05369334949046,0.07476032131796913
63432237.6904785,101871.59426132495,284.7924022704862,1.3506813409787763e-11
92347.60494889737,94017.69108946233,334.7842294399604,1.9544695079084106e-10
4071369916908.9453,99266.66455171659,280.5897775307422,1.357571647412754e-06
1096535.0361048048,106342.01725214708,297.2772753401964,2.2480315016707366e-13
4451227042316.714,39266.883271914165,329.2610942817609,2620408.222573235
26715085620.84674,68476.38142565062,347.318270369787,1.3745469059537119
162220.63091971085,31704.2087807629,301.42894568220726,0.5252426316168726
250522823.20501968,49767.39068521238,286.982356946063,0.2186746490234887
3417739414773.667,57449.576210200146,287.4150844087905,121.72791090473181
16801.762321919865,113558.75455223852,335.48733902584604,3.617204228467302e-14
32992867.410644203,102109.64155268038,299.78839578857844,5.3861037037212283e-11
133226.0706610254,85204.04343232812,332.2944731851735,5.373147002471235e-09
14567224508.14787,71769.23329509824,296.55895308200274,0.0033132734510038747
4526629661052.706,96265.05686630809,287.4725177852282,1.4668582959748194e-05
3011569345281.0547,91245.61623856322,344.1123493159804,0.0429018779939807
1175786.877167653,70622.386068056,339.81927469648537,1.625854373312624e-05
568900056131.1804,48472.68499838446,333.41225024698866,14929.066152130945
75903484.49847926,110738.25014949573,348.41986209130755,1.8960761323911052e-09
170021.80343632397,82585.69949728991,348.885364785338,7.29375532427374e-08
1522321166816.9172,94098.6552100369,346.3641063230575,0.010048190511047756
39880033.75280334,100994.94907701228,305.95386562356055,2.247078002444875e-10
1414.3911280712512,98806.86867385193,342.5458276632868,1.2111178026837733e-12
31307.388783373885,99563.95619519462,315.0297811512686,1.007630496710415e-12
25398270560.68475,98797.01550366206,321.4008240417352,2.279162411535279e-06
1783897.606674351,46084.70654139224,344.7449019130505,0.1839409456693471
4736131062834.576,99176.95221257853,326.4498621830487,0.0006381448753167982
107902982439.48293,85629.49468821625,342.5038985682969,0.009292427769855735
178855.98793561067,89880.71845642816,285.6238075440422,6.494931499665742e-12
228373.492020698,59784.48331959052,309.9728381269067,2.0070084914876697e-05
60912.38603914359,95395.05422901595,349.5435605891244,3.4119171969120753e-10
11933.515336055289,115037.465774141,311.6952550743284,6.4774955434243425e-16
38575797.310289584,109055.77013809027,338.2422089636478,5.772127712235313e-10
6274653537.793978,117283.0269539864,292.144397139014,6.849371433007354e-12
21810272.989299882,44765.68848204486,283.1976196000789,0.12257555067385074
60498.431145060655,91839.05975554367,286.48476943908076,1.1364342293703395e-12
404395217366.9522,93258.13502671986,340.16231427478544,0.0020190780001240745
1263926.6414691336,91711.6056408543,326.55776852312135,2.658036886516675e-09
5670854632.962173,59038.21713403541,280.38950368559784,0.057507746095497074
19509621125.16396,86281.24963377952,293.1168717636212,8.054210000059637e-06
23709706039.893265,34608.53439423295,293.4821807027401,16096.514303342741
206866496575.7392,110817.42158800017,327.7575978421019,4.724787943335822e-07
48411938558.411194,87354.64802879296,310.5311102377001,0.00010044844865876922
3796907990614.738,115025.57468840151,287.3821247871212,4.834884904690514e-09
62544.299335174306,114753.80126743256,302.1211042944214,9.04610197820132e-16
1592057.6146030952,54020.55036862752,295.77473606626194,0.00046493690251929616
935550867605.1854,75106.78284711996,283.930861693596,0.01453720689777769
144558130777.8767,78486.10863066702,309.34472512085176,0.008377772623899644
3026788437.8073664,93570.513878387,318.7849742558391,1.3936794285165328e-06
107946.72684770374,100586.99577979151,290.1190402039394,8.310893682162277e-14
68974057963.6112,108769.53630782635,336.8380845100478,9.501322710004772e-07
19919.397781031905,90647.01310941031,349.6020448976516,5.756411519555499e-10
17125.512085967664,106537.68709154433,282.55398340143523,3.6067089817753467e-16
6002.385833376749,70477.01568965602,314.0293930816649,1.1533847393283454e-08
7231912505114.245,51002.122606599034,328.7468920855427,58146.12296619087
1267693418.2305036,65972.86183072472,333.0353813637902,0.05818405525163114
45114602.79020107,75535.7883558089,345.424712262149,0.0001769897079289772
24427784.72251147,72224.48860212375,298.45401419461126,5.842443068501171e-06
67308003.86791095,46764.76100848902,285.1111399071406,0.18837765330650497
32655450.299902193,101391.38572898213,294.97468037587527,3.674489648161968e-11
34099898.536329724,90394.33728197496,312.51786116400507,2.772348646460848e-08
126116.07639390968,109364.38605656277,306.31831642404575,2.800700182834885e-14
3404531341.2210464,63918.748550138516,313.79543814967866,0.08005339974395398
412970.2114857808,87293.37918352203,341.6597560716074,1.9151024425285295e-08
571114038424.162,110153.79835266543,326.43519559873204,1.324033015794265e-06
278100657.3147952,110992.30133477591,349.2603841817656,7.203721761455967e-09
218823650831.00006,76812.65561662904,290.10392894034726,0.00330743444007173
1726.0408002639529,79110.79340988837,295.8041131124682,1.823140978592054e-11
3298.3966648211904,42018.753633586624,333.97915360250335,0.0008708169179847069
3942.5308666206647,68279.12832162624,342.98517991593155,1.618952708637693e-07
106851080894.61317,61749.95510994007,309.2336259978616,4.012030435879903
956541.7655639707,99062.70237130664,337.8797119182955,4.642000067221659e-10
40690962.26957337,98679.34372491146,320.6310732937418,3.40812422244108e-09
192946804.6183228,68576.5768162075,331.3616318828139,0.0030629575214199344
95305.70562171596,42001.657320747225,347.99621054276156,0.047253336314259965
67686136.75858149,72418.97649203677,345.0298672698648,0.0007289844675528626
51580821.66580492,77545.6331835973,326.04417239396986,1.9548493057911743e-05
104605.47067527634,106172.48898198854,286.45313101138447,4.528149214926401e-15
709895180874.8971,91221.30716911468,302.0193513270144,0.00011749739262783555
40586668855.0956,54097.55790524284,303.6250152948531,20.48917303454128
118311040090.74855,119867.14308144865,328.25418228391254,1.0269101731206176e-08
1328360.6332218791,30726.63106234432,333.6102574713062,21.28176495042991
84115.75545406503,76272.47889899966,283.8213077031421,8.042267020506504e-10
784934049.3804466,64201.476980564,303.4033073966969,0.007138291291655497
7617182476.23384,81811.98027955805,283.2968994478059,6.181792298870894e-06
60753061388.27838,33756.553810263336,333.3799710917735,308346.70511273347
122014.5616325727,100890.57557579392,347.6427684579065,8.37599557764555e-11
2279570.942622224,63669.6945270914,282.35942509861786,3.98015782211129e-06
157560588014.7941,34105.89531474652,296.4281491594376,155787.32710347415
3659682059.6099634,98965.8077664786,288.47483199464307,4.5140277578355044e-09
455382210.11204904,108727.11328062472,310.53143489188875,2.375779092671866e-10
13008146657.744026,119376.72712698979,346.4043438763199,1.3220915014298484e-08
38140.667061410524,53448.49829199018,285.7826364315655,6.576686683310498e-06
4467727004675.426,62000.08773931644,326.6089112881348,539.7681374487177
3487653608372.7803,97723.53301412375,349.6926383410322,0.009083301337719916
47260428227.10297,44310.691954120855,331.31198673809115,5109.420631633757
46429986.55300524,55675.68209062452,286.881960897678,0.003499060486586954
1180.4760451582376,100863.9603551527,294.7315776528496,1.5736404382630507e-15
42589929732.43408,59032.475799382344,329.50570975885256,18.693563853813227
10124.458693188906,57437.85353373521,292.96208479675556,6.029916726910813e-07
7066924988.156596,54983.647983940784,311.35879186837127,4.222264901295222
61490928.95888814,42154.52615459259,335.1399931260157,16.47732453089423
181249.85562108862,75079.0081085781,333.8083669684032,3.2031440152678474e-07
108776.51953770954,81847.00571577383,313.35868561001007,2.4655133105913925e-09
4735664.215294518,44890.40387292319,296.58297188807006,0.059676951041588454
2732061.836818882,40839.57994814226,304.0193322929038,0.2702497188589048
133793317205.66089,84889.43384423395,319.11779153221147,0.0016773774609023817
2153590.2727294965,34661.04181680001,282.6544539349628,0.8485421173960734
2910981372146.7974,93457.41451342098,340.84173268771957,0.01360900739535926
9076368003718.453,106480.90066615584,324.5080456442702,6.697128751068581e-05
91313.70395327665,115505.00054745053,315.2595344252098,6.512281229031806e-15
139378893918.9496,68201.94211231978,289.69207316354766,0.06965912706329912
2010891646.8308737,119867.97472323907,331.0009541585306,2.3897294675886473e-10
7660720392.023606,48972.06368365229,346.6203490628814,316.8604778014262
31589062.344585653,94601.69578175235,336.2835377403496,6.384127241461587e-08
37917278.72896761,98169.01242311919,293.16855372779406,1.2373741397349418e-10
17528.521858700944,70066.56505647922,292.1656580673678,5.353475644484568e-09
34550.226649260585,66331.55476593957,341.8288588086216,2.5225638097899346e-06
30261.820465252775,66868.22917366806,310.3211344517134,1.762240232117093e-07
2350.5865662230613,44082.569500783866,299.9740264343674,5.149057747611466e-05
326851.09824312077,75866.91461497715,315.75627277908916,9.230895813957785e-08
7198572.309926754,93464.96979928896,333.4726583295749,1.6853198220644793e-08
1058244425350.4703,92958.68630183989,304.0795796699282,0.00011551017764402156
8873.26759569008,104789.68854307574,321.1959171465104,8.110047160407798e-14
59981.171585194206,75066.90275827557,344.97876361176066,2.683468996217975e-07
3257011027037.815,45644.0032296674,300.38364754162717,37865.56671768778
19765048.293404166,47713.302483612555,349.00221854249304,1.4501613602481789
35246.6186300106,42090.34123893452,293.2125010693508,0.0011268729393726473
231834637.2485171,108778.75271141352,293.83985659354437,1.0768856181324747e-11
35930.09053453257,94113.72760984988,304.3466924450795,2.580247006180509e-12
3054461.2615061933,55897.32379307458,298.6227451342905,0.0005244489301252557
593057865631.9523,96015.2532398667,339.47226100858387,0.001046024864456968
62288.25018617522,88710.88059716969,321.1582568257488,2.3514514055834606e-10
38898.15514857145,50857.58098497065,329.462226919563,0.0003433936125278183
1841.9029900064554,41713.86289185444,308.0528960383523,0.00015431548210268606
783095171129.4906,51402.6166150786,319.0454736384057,3140.6027642559843
143504.52709321343,57737.01914420804,309.65919162273264,2.5842728788192874e-05
16160249171.640312,62475.748953074086,327.1298341282003,1.728008565815188
494279353194.9331,92489.39786485185,320.5312401488727,0.0004208589085460155
5775834621.338008,55303.98717302964,324.7464555633926,7.519530456355389
1719850768.553439,97719.52873011444,283.9221392304394,1.8208574519356869e-09
1935733.1552516196,39151.08967305052,284.0687414702026,0.1257180870963067
56026712.373341285,66864.94700390188,280.8524109005491,2.1430316737941193e-05
32893.81377468614,82240.898468934,344.014942671514,1.0543148205859552e-08
2376577177.390442,35389.26674040759,282.3882966470509,668.1529863873379
66042946934.43517,70855.95802075352,333.3100100251268,0.5129428721312939
727596175365.2213,71161.75337718823,301.87180033022264,0.35174817983920115
89105296.16881645,46851.83946646182,329.96547457302336,3.533219521303944
17229504853.804405,112216.04760714828,293.6417956796731,1.9603741206718057e-10
423908137.30137414,38490.53003557358,294.5429471017935,66.29642807472415
10764199163.387894,71678.13063508524,291.9909555637279,0.0016331048587358672
611268246965.8434,47349.04880108851,330.90501045463986,21287.28826672288
3486249500285.6396,95830.86755764496,283.0521673873319,7.2453184192002664e-06
31304.224510146178,111124.50366807845,320.4545588170146,2.4461254786132253e-14
1446728128.385739,49067.080194143506,327.1722848237125,21.902330994453838
849636.6021354131,96148.20369260943,300.48577913050855,1.6656535457997824e-11
111192275772.41565,59461.16612242992,333.4583265348755,56.32778101379757
4010.6714317710835,38123.636832123746,335.7181532219732,0.004737467119127601
4547651281400.478,44218.83323197329,349.79966521136646,1173935.7408994955
11716072499.775639,83367.33872520037,301.7519016620866,4.5154253332813354e-05
633915.8221990418,51511.45643400817,321.22216258615776,0.002661069272357034
32943.663933810174,111646.67919094609,286.5881945727231,1.4743704840443024e-16
3286.114493088726,45427.77208621714,316.5284864803527,0.00010472283665190843
7250.762394480973,48656.488173418766,322.17994918116796,9.354219101672454e-05
29106.056135811894,85353.53120225007,321.8237489093916,4.0455986771856244e-10
113126527.54979073,40588.680281825495,280.1103933703672,3.1299751007627554
430400694.7215098,58776.26450048632,297.235181220227,0.02107960117589151
1319950230.917565,107266.34760917633,323.53618071182575,6.4940666330963366e-09
241442686.6677791,41979.79710919155,329.5283960169836,54.49285844081052
83432732.34553671,118529.91063042279,287.66278878502067,2.571697016674622e-14
2575360.7495420566,36916.2568257719,331.8390993485878,4.006964172043114
20252.585279836378,68658.96229884494,312.2535091479936,6.706623855434688e-08
74535.30509802242,103213.78409184716,339.60956961201487,1.0287687478763093e-11
346144076.50113785,95930.03157005133,314.4177087656023,4.150817937165325e-08
2481.981396503843,45517.245787731736,319.15719770437056,8.787305678016837e-05
37554424663.20995,78813.14363821565,309.6318385925409,0.0019865302759181644
203546.1081058053,119096.61127329382,333.0231447961035,4.436518913174889e-14
2195543413801.666,58097.97209764414,306.782955978337,294.07518403560675
9705506.23118163,44337.40040208466,310.13219314388965,0.3462778030020849
4448233.2926043095,31894.601744376174,302.9534147591332,14.59595931245043
13415116.559434062,46742.131628275645,283.05973733758935,0.031675788998360925
15246.047056778878,68955.72178463903,311.8049888300548,4.4699501240820195e-08
2306334.208311639,56517.04557579114,321.67285015522555,0.0015603966554937137
119370488.84027661,40576.20903375377,333.25045993010815,53.66077468373072
24243296.68142645,65248.09823921457,332.16876841797847,0.0013222519418258467
224420.3490304954,111318.03925015316,308.21251628105284,3.110504651066326e-14
132895719864.4167,52195.60877698858,294.7690159888259,77.89940227913759
23860296931.144115,36151.812433906,344.6820654198363,79173.98888720004
643997162194.4841,30206.252633908713,302.7950642517202,4115030.24853769
1941507637.602537,96566.54142465745,337.5107289049928,2.177585616429357e-06
5889347940.794584,81553.69835847293,285.6574923002393,7.483098557864143e-06
9954425466.935951,68104.10939848464,315.88669268326703,0.054303480609483194
244865.06210036224,109898.43563982252,281.23604599308885,9.29122260027959e-16
92281.50869197266,52604.60444189167,294.10991413206307,4.204926501805344e-05
5153057.177243247,52823.12847548902,289.59257737712585,0.001553062724798724
653824.5203555868,77759.38664117514,294.4525945835528,1.0949818976008032e-08
36882917244.11548,38280.51027144492,282.0081882567797,2959.03208310588
1540.7031758141488,65785.01914817229,298.79801309120467,4.9757312674010145e-09
9230.941756139608,53331.82147477291,311.21749424144633,1.0395917311126177e-05
648492937.3761742,98513.51043937745,327.18863712322525,1.2338351469643086e-07
5250713844431.941,39410.47484790515,325.3365742240635,2523243.670513919
51077545679.39296,30997.318962505604,289.1565787810569,132530.2682154309
8667.940028175311,114999.82706523882,339.03962903804046,1.625648414308059e-14
120741614489.20352,62495.44873974433,330.95873857714145,16.62055741935826
528868859714.0252,91420.64641473087,307.04638725028553,0.00014862552841470248
46419763.96935606,107756.6619672123,341.78752328111494,1.5554926779602687e-09
3471023359.0560727,40283.393251781774,333.60740655599994,1680.6636059644552
3961135.289385074,69588.79100145782,339.1371363962265,7.740802190637277e-05
5779303.584523886,76851.17653983555,341.4206643285212,1.0372990632191934e-05
20226193.87191118,112698.26203765077,305.18727924778153,1.0377111120465245e-12
8746970425178.982,81279.35341120853,295.8270235419909,0.038398149010422565
6186752.017801673,118781.83412477387,286.1164211569264,1.3106998458963028e-15
1713581889723.7168,103277.79229045153,311.2169648402839,8.090893418507597e-06
9142.959474286276,57610.671925096685,293.78879649951136,5.376937169038769e-07
17834566.687746663,94219.85060003519,300.95491354019305,8.073553685640785e-10
357877.6243058685,37232.29893658625,344.7398714405346,0.8222713166517843
8994574562184.78,97667.55405872446,285.3144512185455,1.2248255131052873e-05
42159721.23815201,31511.633288419132,338.20914551623844,571.4147675040233
333700.0055357823,34456.67369803952,328.7236356867816,1.133183671679176
1107740.8883693665,101739.67265264549,339.22889531717817,2.4824527231641184e-10
4342750.521194061,77882.2078192193,294.48521486707887,6.684619459739904e-08
158229.48455258206,58204.097420425474,329.73143910931253,9.351172769769e-05
2034.7926106609432,96710.89896740892,306.9187709573189,7.100321721449212e-14
27907986.18547227,113259.02392824063,305.5620558217681,1.2267511837475722e-12
73640.71875469053,42181.26025049084,314.792483382404,0.007535178248805503
12414717084.439848,109957.5168336334,297.11248290705555,5.951322551541181e-10
359195161.85515875,71871.73398927975,282.27023374730686,1.840211759616681e-05
316013.89161500847,50950.62247386141,335.156390105517,0.0035609036121808458
15724.284767081177,99698.13292644949,287.2170657511724,1.2021838806106314e-14
10124671117.081154,111090.34011722676,286.5595262291203,5.6313799785550997e-11
19474491.051322907,61020.291841598475,324.9471829464911,0.003156887463860037
109088.34769764807,62148.872718576094,342.27778450803936,3.684111761240787e-05
400157.5907102972,106609.24349291936,344.7148660724753,2.800810301653463e-11
9509815.177641874,97673.50840346058,333.3806912513546,4.7497274644239895e-09
271933272.93784946,79069.605772689,338.37523773901495,0.00016778618699771582
2214390709433.8037,91585.58736774758,342.8604739229508,0.024595056417860733
4138202.857175527,44966.16320019504,305.6369228436786,0.08656108328815038
5407976616431.099,113055.12181767904,320.7952757310766,2.1995513524366144e-06
2493339059.578394,48756.61884376705,313.681183413846,18.834834553825438
3338.120323678437,71871.30442369025,285.43252386448574,2.3470106417064097e-10
651313.2901946624,93322.88977645618,300.65202491407223,3.978444228435826e-11
93376551592.65718,91202.7576657291,344.0717526074059,0.0013928186143618109
17925759.979803953,110041.00133172749,294.9026089542589,5.923537493939277e-13
331970519742.5292,59088.004440260374,345.5122615191843,391.6754112535026
547793669622.4812,76132.37073474925,311.22853248441334,0.09178724123987422
1264.4414398895085,35562.87290464546,311.6239587813865,0.0013979333258867447
9112250468.230558,42191.68084493773,297.6284513703182,359.6932363993953
2864.2399807770366,105525.72438431472,299.4036993405265,1.1211688216479145e-15
27225.629014221202,31771.734005235612,342.94255354349184,0.39956401570802175
1251445231886.4844,85424.06737394311,335.8167700625806,0.066006090036191
38355257430.130486,68542.9203853076,304.58120744118673,0.06676102125964499
44329642027.86507,71006.60508424636,322.631924782865,0.14256916783541929
20226714495.561058,35889.54030458559,301.6383770664032,12510.133739117293
846917511.4489951,92853.8402469344,334.6421922084911,2.8406396547341756e-06
53509336.18518818,74555.79133080281,305.23427982836927,9.656229803275405e-06
2328892821.545723,105716.89014061274,325.5031282153046,2.5003340762190446e-08
1407036728696.5684,87513.16671272882,302.3636697975192,0.001094916518746915
1197953948.0445936,40324.873788112636,308.02639107566563,180.5819068481837
20722528212.94453,79359.5606169785,284.7253798898489,5.9057635253534347e-05
1654123.6631710476,57066.86824911137,342.3121705587604,0.0031812183873171614
5863483769004.394,63139.62659986555,346.07502708411215,1732.5524951441867
3706905547249.5386,100073.26757528128,330.1350335164751,0.0005456147167578229
42109963448.09145,93489.72850594344,306.40738312150165,4.838764697055867e-06
6912.7094322540415,43860.28654497317,280.11541262387794,4.722541424805465e-05
3578.280544532321,40121.06788286275,305.1928563070308,0.000499212236239055
2298276222.359345,42617.32776495117,317.10600753307733,222.07708409623598
940008393.3100184,52282.38766140262,311.2470773661226,1.6404724861349824
354319143.12453246,118493.52875502854,349.69103857896863,7.411463777467432e-10
94915562.2558968,94481.87944595801,348.0767844025762,6.27260278588616e-07
92672515011.89522,116792.19654833782,315.07640156392756,4.19658024742331e-09
300235639423.6915,88816.84922019417,310.19032474028313,0.0003452490486859871
15215.174373902018,32355.696797681514,289.9166114989943,0.023218952475335813
4994928497175.7295,35241.70290988713,324.31507136005905,10898987.490826136
4943252907260.706,87851.08581285611,309.1030450092315,0.00709657552030439
7553361842.1504,42557.744264948735,342.09295306771196,2503.4374477852843
69714237877.7372,32795.56162473351,282.8636508855883,62957.51321017034
11795.33590765399,30199.990284237276,318.79671145283396,0.1315818523658174
500917.87433537847,49736.38971016808,281.8328585730964,0.0003076825597567779
28582229.318812024,72394.7865648825,330.95841757419646,0.00010559111383082468
5838.636873853238,114823.17610216775,324.30591196139954,1.9185693989511925e-15
35923.419567948375,56411.29618543791,343.6462577167116,9.979329052736764e-05
9289168.284311619,77562.72842029692,295.4461706768025,1.8624037278799245e-07
57396.381100462306,108996.27487396034,344.92627065669757,1.757447175821923e-12
1233265.0390481725,78390.04021675787,316.13121648120546,1.4287868441680256e-07
401798902.281948,44543.788378044745,284.780327172942,2.8015040958711324
26374263.810857885,83504.85202152081,304.9092978706723,1.3416161944031425e-07
13243265.022195555,74072.31664972063,330.20071541812814,2.5017530133441097e-05
5403475927804.296,82925.48663780595,293.37909844979555,0.0091405822326081
28738.056997310017,70136.90818575787,315.57713237543294,7.409707013080525e-08
3243570.0920969406,72462.73500156678,305.50864309177325,1.3812334327698872e-06
540273744245.9056,102668.62937337485,283.4863034218323,6.640819189084342e-08
62112.16782637443,118565.98108952888,339.2818635380635,3.5673619689423334e-14
10566655533.966053,91072.24367576047,299.39949822112897,1.3449532660201193e-06
80719222.09825623,118159.83746643209,302.25835303015975,3.009784348178565e-13
758710860018.6671,112252.0870366511,292.8478485386525,7.209797514393751e-09
72372.6212170377,95332.40772240635,311.5190289892943,7.565286607458947e-12
81643718762.91771,64702.01288733974,322.1462242369097,2.7557169331794777
25443665906.04516,66866.85979005146,333.9230440910304,0.8687445001516259
10060746913.946108,41226.642151103864,316.4819235167309,1579.74788295768
77856253.80137646,32555.815156656976,280.0665861783786,68.29786541858611
465214.89343520725,78893.1667732763,297.72755364806267,6.9775698880908275e-09
303389411079.6279,78961.21864274438,344.1624929528183,0.3299088520429718
208663.49761428617,31688.282644524385,289.3672148304745,0.4053396345968681
1864.4675730343893,64331.14687099311,283.15672784040333,2.557399320128272e-09
586463.6865355817,35907.87624103486,323.05555878321337,0.9338924663425037
491379971797.97894,61453.06904577595,288.2784662363428,3.543286108263251
17098866168.480902,108731.80786948817,307.6902862480437,6.158607207589206e-09
3014.7977532137475,45022.35231495765,301.7529576237816,5.0340622268189914e-05
7974542.935553578,43097.6077264763,287.9858077302471,0.12399872934574523
614060211.0968034,51718.533568563034,333.9502958736051,4.903266962484559
310500821457.41437,91667.70864383204,338.5223677270612,0.0022408861227047215
1779264933005.6575,99285.37831200058,324.4747554076798,0.0001812551890228724
979439.8626437439,91966.00770888274,313.61482660586574,4.662315940714019e-10
9797982.967822824,62494.3686033011,295.3438773597736,8.557017815782002e-05
6119025045.617093,104384.78405573334,286.89793313228313,6.304794203662413e-10
51177.0719564617,84549.49017654723,315.22636661721367,5.005160725117062e-10
2229982.519295149,45306.70750458387,347.9956487168315,0.36072114040133896
6302283705.249928,104992.03237569319,305.1969498259321,6.921069479720932e-09
3948.249036804303,98647.55228111686,338.0614894406319,2.3104642034379236e-12
43676222.43562289,63247.14625954674,341.87402394896594,0.009599387927353618
282161.4774370651,102669.52943995784,300.799755762928,4.2908902353845863e-13
55280422294.41658,67111.96193575957,315.82853512072523,0.4417724286309026
1896604.8277109098,78738.48408035425,326.4715895385852,4.7193407386426914e-07
226529994.93825632,51091.39375456702,314.2003615598386,0.7401973352314694
21326.04272202957,35261.52995500805,339.6563792052857,0.08179542275467232
11735834.748453833,40835.987462499965,316.1900482131637,2.12651607076625
316106.4560143881,85412.94569672077,309.7272863593344,1.3001173199372887e-09
5194274573572.723,117271.93776063413,297.14770472011475,1.24425484404611e-08
15261.575002996791,54431.99500890756,287.374684332071,1.9968886090440093e-06
886477314.5143093,39069.336472142546,306.9792786732203,201.2597574916201
44278793000.603134,105428.00750967793,340.3428333906873,3.046657492382705e-06
7883928.837278377,112915.15839228648,293.36315027274725,6.175378086203297e-14
456303594094.22656,106225.75343644687,344.52161126206227,3.660507668923149e-05
1655726219.9288669,50787.86464928422,293.3059775925546,1.4696082756364146
21739.810868830245,103652.20206286706,293.09683088209596,7.438632551460053e-15
1144.0274116587484,77973.1675414994,284.43273126775415,5.683611571105193e-12
363670076545.8581,40023.89934254515,305.5130802534045,51633.42977351549
17364239553.61295,58890.43635810411,301.63258502385577,1.1381457707740132
1026.6094293773954,33525.164641899166,312.65901086937436,0.002546493273241341
105259585.88851324,109325.85492118716,280.76474899184984,4.731739858844149e-13
129782640611.82407,39235.15832539138,341.8050822745381,136891.7655694797
14427.793783407618,38205.82001130689,280.448452640315,0.0011126711357441624
132189473.77189876,54034.45439259574,343.3851725384309,0.7846594890144737
1279.041062848474,93535.33730328933,303.29841952026743,1.0232161787872422e-13
15807.953831767414,52583.42008791985,290.67604324978015,5.680326848618977e-06
81741.65340831311,57224.63768793238,286.1494593609626,2.9069572397673207e-06
3935278044812.1304,67506.48088749041,305.48312547541815,11.629204574319246
3021.4882342015503,80577.92672315196,292.95171853032355,1.2885270559259883e-11
4848911169138.02,93994.55688634721,292.5215673652629,7.859144253033851e-05
8054.639838118492,65074.856149702595,347.09455461527324,1.316612033090643e-06
155606.70521654907,103202.34202563163,284.76283147021815,1.8740553528905317e-14
50246640.468811885,107935.59662928466,282.00971892782496,5.22268245087042e-13
10133199915.275345,92470.92362641754,310.6326137909578,2.9002150115956748e-06
48166288.70814596,35378.476675586404,321.5611891834465,84.68348867606112
121912.4915582671,91019.39624731912,280.0435810272084,1.2637243504835025e-12
1587309415536.7236,33886.05769274285,347.5832205944853,12776678.641137902
795491096.1379464,77726.24713949088,308.66869235075336,5.513105096996448e-05
56260799.424205534,31398.445135455542,325.1509758836341,529.410382722616
44708.509616587246,39428.69866565472,285.559579663791,0.0027305458359266925
994303.6958225667,106979.49318896451,340.4472041959127,3.8339412304425585e-11
28668479.85438861,34311.90982182994,284.26962743330466,14.31031865782693
85531739636.93462,53775.828783376935,306.72485887374495,59.09045149089468
183328249526.5614,77546.42158160603,283.8892209541113,0.0009948367581827076
1101062915193.845,84245.62636303547,317.6897909253557,0.015353049365302983
7757044807868.284,44969.26005537171,299.8277124510682,114721.7328583603
306724.5030217956,58288.19494094111,335.26170914634446,0.00025720527098183147
2217634.6420062403,63855.02657967265,332.87677930245206,0.0002095166933383975
11028000.792093653,114597.63427415126,349.8174518206465,8.403924810518488e-11
5269429815769.309,59327.9592388477,305.91876594435047,385.975671692567
5119981155618.896,59782.61960484617,327.3541990452136,1497.291554313539
594148311.5594501,108000.90357360024,334.8827712260797,8.535059740434257e-09
39657.110404378465,90545.79794983068,327.1229367556032,1.3737198978230463e-10
1005260.6819108278,63332.94492858538,318.2547137482469,4.0004279103134564e-05
2627.597623918119,80968.07749233245,328.0458913489739,3.3724822040837646e-10
12023.620114163808,47715.01977581179,292.6049778849522,3.777308536503541e-05
6633569031501.937,58839.67370963913,333.55499112532374,4064.3718366651237
26258597.026493363,111025.45017081348,289.1448671186752,2.3636505209314737e-13
428336079015.8279,118009.5199756685,300.14694590539665,1.2417195567122954e-09
1104894282135.8513,98082.10992858981,343.95918521664447,0.001464310090995357
17656.6867923801,109139.27346534097,303.7885673513317,3.125946258420555e-15
1666452352269.4248,44153.70488365726,305.13410859863006,47447.06782192377
39356918.99037238,101930.75093919683,283.1630186951525,6.352363774402222e-12
10659743245.379412,94055.51786619138,327.6225629731567,1.0827263858840986e-05
38480764.38643693,37711.60059783804,317.925520405389,24.98483619391114
146261107720.57013,45913.21534140114,309.0166154951889,2522.6133612936555
85525.27390696008,73352.43182740563,343.7019441210891,5.963768420311961e-07
119337180564.62286,110211.910257794,308.56324215519913,2.7430612941079758e-08
41549154020.963554,110571.05301238147,348.3170632249474,1.113503203385106e-06
144985730481.2957,34086.722110886236,292.7360990714255,119937.64680773356
685998913.8024641,35203.854506639764,313.9244187960114,956.9824209945731
6388580.193882287,68289.5547020468,293.74513786284064,4.760049792399629e-06
1628780.5722737487,75176.83984010498,340.4984473234442,4.959002661302119e-06
204937192.19947684,106520.96454063553,320.7517457602503,9.496800727145113e-10
872240295248.0532,77720.41939107803,298.2727514289478,0.021481999967786377
902434662905.1683,90457.7694824285,347.0669775257601,0.022692112120125566
9678968142908.082,41469.67550400304,304.03918016888093,724550.1255845024
39290257108.51199,64380.876492847325,303.005343786287,0.31909272659359467
1257356374.1146731,112300.61377013987,307.9017527210485,1.1142107809768533e-10
6451.058756860463,38419.85166949454,310.4973731441218,0.0021881940323988302
186455680267.63846,101481.43518613373,296.85477214415334,2.7163929289897765e-07
512855.5949395461,119944.56090016307,281.0971786737851,2.644048455191322e-17
38607404742.731674,100328.83910798148,303.6960080671436,2.1586533126616112e-07
1071559076.8198568,56144.47245451367,303.41243023573196,0.23683930770619585
2714214117784.184,32670.211047637604,298.7244047030895,5192321.090157958
2216871.5848512165,108255.33179851943,311.1244705929879,1.520807913330974e-12
477972069461.70374,80649.62107830372,297.4957334114683,0.0033599078278317668
907478600196.4833,51209.437991486535,321.1735971794294,4287.535158976473
933326662.1545717,74145.54033778966,319.83235201817024,0.0007399855935558355
30032.495060351615,112679.30774186316,311.74379915453335,4.140959362413525e-15
7228943000.705699,103042.50734715068,301.09822138139685,9.444404119262818e-09
35911881774.27742,57452.577643395365,280.62056554078475,0.7240570460237525
228633.41180956629,60409.84446632022,322.2706633129229,3.83922004767023e-05
15479181.70090459,84780.53617124134,313.68569708071135,1.2334998696040405e-07
491264358798.99457,89566.80627565089,323.74204663203903,0.0017891288844452634
316079.9370216566,41603.542389242386,302.5926122829415,0.021719242314373798
481052814.03507864,59043.63935269194,286.2835464493052,0.008481096817425107
8964425203.802235,82796.30200211183,322.50760150865074,0.00035450991943314727
4527.68260095152,38217.00102420878,336.6916603021162,0.005578452407371424
2189382.33213926,117118.58164783494,343.6917332137116,3.466218351900601e-12
529049.3355548361,112269.64265754705,325.0725991411227,4.787660470414505e-13
5602205093.5642805,67533.25670630373,324.42847436803027,0.07851492844643364
8700644754026.421,48271.31993594796,283.3816300697646,10844.578540084332
335572580981.7987,118185.64350505511,289.5907201893617,1.6516696094903994e-10
567170.5639745544,106945.86215230181,317.36800953544997,1.4177606875584917e-12
14977119.867693085,65063.444408273,301.02367506470034,7.837458093458003e-05
8497128727.7751,78055.89934380657,303.5119294718771,0.00032110760258926294
2203298.6180645754,111008.17037017921,302.2542457892026,1.4441487050435354e-13
23528.698691569825,42593.53548148746,325.9373120731125,0.0034617610621271175
13888.318018694827,84918.38529922202,342.8585549458544,1.6552589818849659e-09
39781518166.61969,95851.0270163979,284.91089929095796,1.076695124328954e-07
6976937726802.099,107215.03072365152,290.6576556374345,3.772983691811492e-07
218560652861.54938,84955.89016423527,346.03810279851666,0.032952336720713425
4828341824834.064,42306.77107771721,310.98928959061897,382323.95234708843
2216165016.313628,30907.85315116627,288.58722519030624,5882.158666843244
9331932952500.352,93989.64246964816,328.7919126471357,0.011410576085000795
31465951.919694442,85025.48324521838,308.88936167868764,1.3187005408045822e-07
83910627.34645244,87175.58651489155,333.74225725619243,1.8656168234040084e-06
2084805082883.8762,63735.94853440191,320.5356479817519,85.67384247888933
2225822215.5388703,66759.10220007,339.75471959922015,0.12118545986493359
2454424989794.9355,97975.81350280278,323.4935175712198,0.000385712225711853
62089423.079272345,47615.65992983186,343.43605419992997,3.489634230729349
213574262852.8617,63571.46452146195,315.95420488572654,6.572083982032616
165410.931931216,48133.34088822581,293.0002191800697,0.000440559585169255
7035903.814100128,69275.74006572772,346.41768742471913,0.0002630279284169706
36911757063.26488,45546.1049955818,295.42514773816896,320.60295305567666
9551955124.528746,95033.9984520642,347.53870656616846,4.9560436175428424e-05
46145.98876041525,102868.0312497179,286.37159792844767,8.116096456857801e-15
593558.8683601527,115472.17173935915,346.96847750857876,2.5320830951198666e-12
1522239098251.043,82833.0815511237,293.9227109263383,0.0029205776095581337
16703.281552324737,92040.8569819651,291.83056772303723,5.850409414364262e-13
317093.3549045107,71848.55098153515,298.74280759653135,9.034938731324211e-08
44957.278976265196,118330.92817417244,342.90521890558176,4.2952203772530516e-14
10947.774870891086,38972.25847869384,345.93658703204267,0.014803992878263764
20773.273245583816,85042.01641441474,339.81235359689543,1.7707903287777224e-09
4344745686.641553,103998.38872578513,344.0826627772323,7.16136215950756e-07
10187224815.682697,64957.00245448391,308.67132113802734,0.10357328782235908
10478303.195274305,116557.04249891217,327.21230363465116,2.702105453547072e-12
813508.9552692198,118860.53068690839,294.1976369678911,6.648417087911343e-16
3285187935.253304,118009.97716083015,294.57694676564694,3.927235795739386e-12
4976747374.181182,85651.35370072458,287.73443785599136,1.4107319803432335e-06
389488589.1792453,84236.45449173456,337.97710122372894,3.839751594173828e-05
1823.80414953629,60245.19883795951,282.05196284532656,1.2845357670746164e-08
3176644839145.0327,94865.33160660451,284.7250908317972,1.3071036623750747e-05
3517590030.058724,105829.78940657266,341.06988653285117,2.2015273854763592e-07
3599384.747994764,104539.4560877261,321.7121947266637,3.846295624049827e-11
6930041044934.701,112686.43977021522,323.69513118543006,4.458696233487464e-06
64711441558.64796,61851.58923824169,324.8127945989198,7.195627732165988
13806.977091923558,50371.88405583656,309.5507939217285,4.28399946991825e-05
7899964542.499747,53103.04166475064,332.0067646229772,35.293494620977306
178311092844.0737,43421.71121624851,335.9530571200052,33080.952092888816
2900624.587285373,34134.118873018546,290.3780650484772,2.0828666273933947
26267.281899893434,40190.400129145935,346.5538187013035,0.02410618725462862
1906526.5097434453,102438.03366489407,349.18239737383453,9.299392955569134e-10
117026022322.63576,73071.16802106408,280.7449941940834,0.0030939340299047584
34556.15483421342,106347.08107090514,308.0261954438547,3.2258617771258215e-14
48602.340451743185,86375.48259666719,315.68579023746787,2.471494703914534e-10
29103408.49542606,71982.07909224292,299.3667110494022,7.94167444299144e-06
22967628.87156353,69831.92318032062,335.2892090758167,0.0003148799188264282
14534.034716358909,74331.1238519349,281.55246245073414,2.4230630032014213e-10
90076221113.97136,68070.78323658678,286.08983557633394,0.03508384876182826
146692.88217581846,106175.7395870129,294.06238009677094,2.0191601038134567e-14
41338.63836007222,42396.50478046876,308.85966560772255,0.0027916133897581833
4494690926281.736,34958.93021815154,290.2590622733651,2344613.3724881196
5048.993863538212,93968.60649261181,310.7768599344144,8.131263103411539e-13
14236.345261547673,31399.789146530424,314.7141124409976,0.09093635349034852
98510496.5096565,104069.68554284838,341.11670982578494,1.151611048901266e-08
3619330885.738236,38817.78776880225,305.05544777873865,802.0386601699053
1525496059.5631967,65281.62385374365,284.46799942478765,0.0016203099503921048
2590847556088.503,65669.51349502045,291.1442184730994,4.398446671348327
4479623.707193737,57859.74742525841,328.85234319140966,0.0028400318064361364
31153039.267523177,115347.5068463145,313.9013817892339,2.001991047445796e-12
7153249.3519005915,118150.84851127776,316.058118564759,2.119960581167632e-13
4618877487290.584,33174.89820296826,329.02083981625873,24830743.9440039
712609377182.9406,50638.37307601777,289.02065241149677,504.0538222087582
1575416482.5993156,99411.20087023023,321.45864603088256,1.0912792604553462e-07
2389826529.771473,94144.55120706951,346.1511852348797,1.519250108713587e-05
1175552585195.5115,30364.878305828133,331.0806973911596,19456020.87746043
248482.1809894337,96083.41423430816,320.88281526294793,5.606849827363036e-11
74681.10336866393,64155.86067733596,290.97025076095633,2.228265198122266e-07
394600394.7076446,70368.24739321717,304.7440292661672,0.0003577574311294257
11627816104.744888,102763.35538592478,287.77796985142345,2.626427518758491e-09
76695913164.57248,31891.717899533647,299.85801347738465,214870.41269551453
519994254.2809561,30086.88233242303,291.17260565794857,2134.4568510878903
7285248797.020571,101400.40719200531,320.11044425508067,2.0519210992729088e-07
1415363801417.4214,105990.64465698946,344.11525848393086,0.0001170451160501322
34623699392.75009,56075.14090297108,289.657065569029,2.6877663144731296
28354.184963678646,56378.62080260529,305.31153463009593,6.474633641496596e-06
19234046997.026375,85779.76648742837,344.2862579452415,0.0018519646866980675
35250.630838318895,113675.86368139739,284.95764958793933,5.3140446545895284e-17
4712447.346394497,54513.94389401453,298.2795072626833,0.001371833497201115
11376158.550761893,80592.52412780022,296.9016070854416,7.652133952124181e-08
582984208784.128,57377.56622598977,336.1270383716409,724.1921163926397
20511.13053221735,73056.65805981032,284.7795522078942,8.25005525971719e-10
7841339361.177802,46963.477319781356,305.46720453458204,72.40199862155184
2877827.407474368,41742.37554055014,345.04215283338283,1.412073339788728
158881141.70242625,104198.87779454331,290.1400486658664,2.8583864538336494e-11
2870955620.7006054,115966.29211413687,301.16674936184785,2.3056385292035843e-11
71304512.9842988,61304.65706072581,328.50444692194156,0.012892808805638822
1078080209.9813395,81251.85079983974,321.4457520342473,7.064760560208275e-05
52810460989.38137,114709.09404160075,297.0924195019098,3.534189614314653e-10
4115.289490436504,101333.96853095526,296.5438054281925,6.046870609606199e-15
418365505.76440567,104007.37628671092,331.03299457632744,1.6363420752541254e-08
68601110548.99428,82845.28278930651,330.29993282160336,0.005340268471582452
1006236.367978364,48632.57378875031,345.3787678720875,0.045707032208990146
289583599.4259114,72086.84167994594,286.84340258238586,2.2492982881784988e-05
36345032021.43637,43395.77099891958,303.9268338904837,1278.9486844738087
1096053.8691847422,53902.32030962738,328.7905512470993,0.0030302687050371897
291953809.8275008,95476.79990877814,308.2158403949113,1.8844462035133155e-08
1116974636254.6077,78350.42794452384,335.49860826714684,0.7015549068312646
521285505.964051,66867.92823684018,336.7012277190785,0.02186242944204133
1247968532763.3384,75959.3067277588,298.0051047185249,0.06053700036809937
1681481.2007091553,46285.173433058735,311.7502870465987,0.02971179945086242
57041.607866366976,34449.65459133908,341.9612047797199,0.3130214057391785
3944576536113.633,48778.92920476923,342.39944857447045,147467.34245215933
5066609.82326289,53851.11874361352,330.58618076473726,0.015484428059829254
384501722.2228065,43705.45500696882,348.9466530511484,112.65062703796283
30510211.212474827,94486.58573660719,347.82217631946276,2.0435735692190103e-07
442612.87561601325,100191.35083492177,306.94851913795026,4.023662722735354e-12
2000498927596.3918,115373.18122449286,286.2778964249951,1.7482125206705812e-09
18377296183.198708,77028.83541401062,313.9499849064277,0.002779673487613739
30199.75308202294,101500.475163173,285.0384999018761,7.729319673012472e-15
4478475770310.854,48181.169114945675,320.62591150906815,64992.37353345527
12124796.05369315,58614.202503578184,307.8429510560661,0.0014092584189898116
2665.9146608043816,102702.86511677598,294.9268817897183,1.7120518713145242e-15
1601719483138.3088,47496.33522099162,338.45844922486685,77802.5945740988
165534420.0577118,53137.05021328572,343.60785827107674,1.3867807235192056
1441789507.7324874,51233.94774056251,300.01997082542204,1.8144421249573184
4237533688435.7734,69423.98093858353,327.33409705665747,35.37535029896402
266869200.45557287,105405.36211986672,345.30946545830983,3.096602905737084e-08
764504734.2068518,60943.406683986344,292.5288763835962,0.010053831714057852
3596933743.7691236,67169.64303397344,298.4867913242971,0.006373711727197753
1886119120.8907623,103814.20598147638,286.2726345507655,2.2298953408649828e-10
149063194402.08334,44684.71895603094,322.5997184106904,9037.239735194977
47358.237111564864,76744.92762493412,331.3308851896284,3.907660553870969e-08
8309015481880.698,31262.510275780915,282.9660197235424,13929474.32366765
457826777522.538,53004.47759400822,327.5879330046423,1632.372684853479
87704.51101320173,56249.70538363568,319.3851294275021,5.5887584145680146e-05
809608982.7873551,111245.49801124065,284.84122541635526,3.2151623412592216e-12
1142132290760.5767,90621.49972660132,302.30289548610546,0.0002533836332146548
18944048.864913628,51510.03808618535,347.98637246288706,0.35928697950631483
21551959.25569228,31094.902529156603,301.60235940878135,87.45591183710633
1358724255743.027,107355.32284152614,313.2570569796604,1.6740244303267875e-06
704558802.0529672,31907.348034626702,349.85169779004974,12295.782784464742
3422269408213.8916,43077.81822981797,330.43973351887996,545545.9752887504
1816799722213.8816,56043.17772284245,340.77840313997274,4890.840227810802
78617755210.7659,67581.56045751591,324.3664353117749,1.027722177546192
295834164.4447604,109133.66372564992,319.8110725007681,4.569691155126091e-10
16354.171518328205,83974.84934348075,304.00561800617174,6.211545086662175e-11
1700386826.4778268,39029.84020815986,283.14849493642447,105.71202009610495
5713080267856.696,42172.732590248575,312.1953744585353,502166.16979678965
8776.212466822597,37262.93974516386,307.0770081843804,0.004176990427640191
2267.933186911816,72864.31702890736,343.3611243469487,1.9258135065756104e-08
13527065.220384454,107237.82433474847,288.9832115618709,5.590779506318422e-13
2142114769.1624694,101933.63173859802,300.6569490791985,4.217470865986785e-09
25862601753.78572,70662.49681600035,302.06682265106207,0.016278981139583426
422740.8087952173,73503.32475611893,319.536838764029,4.046620161270989e-07
45528.61899903813,41724.25409315481,308.55778274714595,0.0038800408878992207
10862763034.47722,80045.73813978236,289.9247410874193,4.1215539273025016e-05
117550.55500894315,96636.86888628188,321.3665369657299,2.2888526075780178e-11
34537.24049018633,113789.7393178492,342.9881915139098,1.5878534730997007e-13
11447.272454955077,101632.17744470571,346.4869593530617,5.691492963140028e-12
203451347.49631834,53711.101268958955,330.7443707280196,0.6603840631233042
2182693.9171906593,85978.50928336504,307.7683410486161,5.654963193400145e-09
16440.820550135788,118864.54082244488,321.11015043441887,7.598715642276173e-16
51808371594.610275,108144.12183492638,327.5809189053066,2.95422652725756e-07
145795067.36644536,85100.59099191599,331.90885801405864,6.123296151719013e-06
690405906649.3588,112941.23602162256,292.1053901235889,4.557143084108102e-09
456349684.63935405,59518.471581371006,338.19150133661924,0.2879611059972881
31044.498644858235,53866.41194644803,324.12676083396576,6.678195073361596e-05
11012866809.424988,47769.148935534235,347.1946031004392,731.0180198612215
243848889.21659425,97876.69064008156,299.24483396837286,2.0550246512993833e-09
12243759.109547922,55622.600720414426,292.47401286137915,0.0014503794933371417
5154587.777078646,103155.23273773603,306.60572097672565,1.3609707951228662e-11
220241401573.59097,40390.908953651175,327.29662665068537,82017.5165469653
135111642.05127385,72774.75721964157,291.62901333696254,1.2331772311624171e-05
1249356329.9835155,116159.84545658075,342.02632120341946,2.259714951904552e-09
6371197.835948007,112240.70485917063,341.25981738455704,4.158309096937746e-11
938014277507.3403,91142.00102245504,287.30953629248467,2.591518850172218e-05
62439328.60521124,39333.33143940819,292.4621362811474,5.983694728867905
405238586.9657629,113983.20931066416,303.272391057294,9.262883753219438e-12
173538461.92706108,57946.88481788274,347.7448750411655,0.3554418334473833
1005715.7143022985,57977.328467450265,338.35478516744286,0.0011620997868273101
103407511.44064763,54285.45849941661,347.6940575512166,0.7380981482618146
1156423653.4739306,99114.79244531495,348.3268122314903,1.5545083736085924e-06
39189865.136826,83047.46243433552,294.94460136379183,7.602059520246125e-08
32472.81583072223,112314.92505390497,285.702103960458,9.619609944722549e-17
21945.139157734393,52887.102104753474,347.59971562637884,0.00025487279421955455
5503549.2565822415,68097.67888153001,329.37737730085314,9.065914621292325e-05
445028211.2540934,98114.82851697205,325.89695489208214,8.415231168437725e-08
3141.859337067741,112510.90615449095,340.66654740186607,1.72460456085897e-14
2040.8539532350587,91615.58153716632,314.44222381817036,1.2144840545976698e-12
22565659652.78632,48314.511369531916,303.8243084667806,109.84640919852932
133487325385.49908,79374.89662712032,339.61581820460094,0.08364367189295138
8025.661396173221,33907.20187131293,319.5063056566641,0.023939566622211358
286165.9409219386,103385.32095465576,312.0225979287009,1.4422781523867224e-12
324133.8034657104,101773.65314949295,346.40127348005495,1.5098869230819928e-10
278220156389.18384,30453.768729288557,287.1059248433665,802444.5458552449
34531544581.15026,79591.99753516703,338.09326847297666,0.017544404546024392
255848934.4208912,52091.88463819822,321.169354047368,0.8902696137839387
6564181100027.274,116348.61977224432,300.0531477554216,3.8113168685205945e-08
41831909056.600784,109923.05866245492,292.1766250501991,9.307992870635753e-10
126761226.90604472,93580.81478289544,290.63425831153745,1.920258743934913e-09
1697986542.7269905,107948.92738743297,280.44195804427966,1.3214921507855925e-11
680074268.5075053,116950.3521667544,281.8470083660541,1.4501396565451034e-13
19946.15698993823,85852.0017911931,336.65810781266777,9.987301624962382e-10
374825941753.5298,47930.216269714096,323.83605475867756,7122.54185715459
42892982131.12016,101215.40204538725,312.9240618057363,5.454207928829814e-07
67850261909.53864,116880.01411334326,322.3911498513955,7.810316658495313e-09
151058294027.48767,66166.98311351344,294.9349234841795,0.3029267357188711
1380.4342283782894,47254.61954022797,346.10815662750844,0.00010207248330819213
5915132854473.361,76875.42570616689,298.6135618073271,0.2101845566993009
115767540.61251289,65577.01223246605,327.24688563711726,0.0039080112017521405
12532513.635529753,50479.70847577246,314.9623725308395,0.05247042772257299
44238.559430197136,95523.79518690982,294.34070469346807,5.076208197698767e-13
29698669467.857227,107987.4973895555,285.450869172621,5.360754190007296e-10
11194810.695281697,76739.24016325432,346.04154892527663,2.954468012183651e-05
180579890.80477026,31026.674291000192,298.2937636569053,663.0155015058491
200716690.8750316,34761.1702781964,290.9631566323215,120.61429877761772
5876489727302.892,104068.79761127372,304.05666901586824,7.921006499261772e-06
66337.62854062497,53590.206785304414,294.2357372919887,2.009182782856274e-05
122264608886.6132,64157.581645884355,348.96368642185234,31.754523877958007
1168793555746.9023,86668.41535455055,308.0676091222328,0.002462186331497702
2605195309691.254,100362.17988287892,298.3006837661314,6.921605689647571e-06
2787147231940.9043,85335.06940467998,342.51291948198445,0.27743238506915524
130609314.33937167,66616.83442546999,321.4022464611441,0.00194464384029321
127004385450.65079,93729.61650533008,324.16897380472034,0.00010246333747562653
60027217492.9933,35054.33697015112,329.62248035663197,173122.0395529013
2889025.8961319816,58205.53103848234,295.83080099062425,0.00015901315912982016
120050079.47349976,72027.47488761833,326.04038643015974,0.00033973095724751357
540934148.4456306,56625.6500522304,324.64226693958346,0.4168109974109502
8334.948020856422,68319.82433591237,331.3312431323843,1.4752774575369407e-07
749854496.0910274,71716.53336997924,296.0769823917359,0.00017053547864307323
45693110585.88187,84356.57215514759,330.68656658073184,0.002131432930374594
17652759.210741878,117462.51639672359,299.50979946986814,5.6514785241938257e-14
1281326691728.201,78986.2445049826,287.78117191812834,0.0057782013236687664
8609669224.17352,48057.139823004516,344.1070872935109,430.92139579932297
4005058241402.1074,30627.610087376557,329.1195929222745,54647572.00696717
21169.860314077432,76417.67239759839,293.86541226222096,5.67844213050502e-10
323498.9562986606,53327.03765293616,331.9115075572429,0.001309801613863422
23730195.746763006,46954.42589906926,285.29295766384956,0.06000442097195566
242714.88738420402,58036.08167137167,343.53881660724505,0.0003616099438002355
6886.595765937964,59184.27965220799,294.40887264584023,2.1571338812555985e-07
8984.491125915214,116540.96086879083,339.354093784846,1.0362114194630505e-14
118556580699.50401,57360.634024538434,338.51464859167146,175.1896079082964
391989020.5476938,76872.72993206728,287.91663304310555,4.575399247375098e-06
450824.67063009256,30934.12170592535,307.1885138858178,2.5485755193293773
277532744237.4733,90011.79857895718,332.906727420069,0.002156413618348609
2110.822587851085,108805.9730084281,330.5221007059711,1.3509118176068574e-14
201477707442.30548,31852.057801307445,345.66022659321874,3155141.890851521
104866667032.225,55537.218698121986,308.9223771853382,44.05414342082182
167038.97199204928,107545.83510485908,339.25044554426745,4.632338034244308e-12
43701.5618076162,68205.90390357253,316.7994798250926,2.530100618119783e-07
2041190825189.4812,54404.12686355319,315.2067718560246,1993.5138942128883
23256394584.472855,112344.47394942064,321.9355069553292,1.3625073865332801e-08
3959.0438629551936,65176.73617391532,298.5883282209054,1.5888321367681074e-08
1955168357925.0872,75502.48158998575,303.829462523553,0.20031975179168882
228281329.74206942,47990.33123415474,346.8609856454918,13.761880836201179
23231216.7649762,112057.65707278313,302.0795967737849,9.970765536726388e-13
9716012.435854081,35185.20380563589,287.0672497730674,3.860998520796934
145484108187.6998,83286.4900315109,333.61510642071147,0.013344639111225888
7953692315.215511,107041.48348332268,341.5346995847787,3.475018291975096e-07
2025483526264.2034,53301.987896998544,346.288946648938,18998.945544911727
139475091516.16406,30712.19019824747,297.9065116832523,571232.6212205591
1411544771.8908448,64904.248183165844,313.1500005208407,0.020965663768985374
423777573108.051,115966.44259421875,281.48793658705824,1.260671212254915e-10
325258993.0890507,81810.16803942728,339.9523886125481,8.65144835664202e-05
765790.1272838257,33458.03716131811,297.14550278934786,0.9900048718897122
154436.75921094726,87130.66483666425,330.53251563282373,2.7191491882260677e-09
4119366590.493963,84640.79544298734,314.0813577243824,3.4791544724748394e-05
783080382.5271332,70672.99085770315,280.7818277453602,5.565266083282189e-05
11974701455.813211,52379.68556586043,307.2398351152531,15.093584088462833
1057681.7045159263,54337.02610747864,311.87539431535026,0.000832205422764004
88515845.23851952,101369.4851701631,306.70308988992247,4.918818557016778e-10
3095311247287.1245,69816.41182679783,342.12696065873297,67.91539505508752
39931647726.630806,48516.39475827479,326.00212165769744,673.2542626342496
1516588894.8154123,72953.7499791252,288.73869948032603,9.663894074565738e-05
336749045549.7412,84732.10555665499,293.5738479636493,0.0002907000106258177
148710169.16375944,30668.14061724261,346.5976607229112,3632.3159590847695
103774975.96731038,30817.531824798556,327.9247021429037,1326.7581686611552
3065010500.0443664,74404.4854795294,330.4010639180972,0.005468949054341033
629046.8266220383,57340.3963642558,309.85008350803196,0.0001345423299673726
57272982.07505101,111780.23028765249,336.13064097645685,2.40700917985842e-10
534233054492.2861,70940.89123534955,312.9026245742551,0.7619730876715592
15338.516352752184,96906.22326833385,312.31210956331785,9.889953791606996e-13
5275438212398.562,31118.521742121316,292.0181592283149,14674271.95874601
101690.86813442092,64029.94795093479,308.3158526156621,1.490631948358342e-06
33291.26442169711,50239.85092140228,344.1162605091786,0.0007948941124808355
542610117408.4382,36894.279787233754,340.2185401344974,1230315.6706474028
533689920.11426574,72342.39994670416,308.99705814804247,0.00031769800241670615
8617833053.046375,67084.0572374181,336.7756175358898,0.3415087837643536
1705.1384159445142,35423.53714409128,293.8577331088506,0.0008644469100968208
87315382796.76013,83419.73193985526,298.6141863127893,0.0002264035618484285
889773311.1547759,44091.41363817525,346.91095861434417,209.12320471845956
13955376.26315853,33146.52915695497,307.4577081785479,34.19482509180769
8527766279.151992,65869.4714860338,333.2947900096227,0.4182828079793481
396975682.7490838,117080.96809591421,334.135406520465,1.9824335733983283e-10
171203218.35228473,78382.5735741797,319.60449907090947,2.7778434079283918e-05
1327785259.9072452,31454.508330676206,300.6813273155498,4470.190153839292
155349.97693078365,38026.42535779728,318.131272566307,0.09023279826911883
8555296546.812669,42997.508072873236,289.40850960266926,153.68877567961832
9133318.016763296,37825.027609130266,282.0657238760237,0.9049579076772591
5860912.248049595,31251.323993295235,299.739600839091,20.889530606244907
140552867.15220594,97526.13546854735,323.58283143286377,2.6183640812133773e-08
31593958.680287763,65041.01912924754,323.50516338846745,0.0010003640944033928
22034444.49948691,54162.61818208685,285.3343880936859,0.0026802238304074097
906788106.7119725,67041.72285884224,313.8897199674929,0.006620194403593243
8214.134986957399,65846.63346255668,326.249299981953,2.315979930848475e-07
109912.15895243554,33315.78189933649,294.7145432081501,0.13868158018987276
2087958370.9830017,110561.60674959522,319.99740757124215,1.8738751326539686e-09
150105656754.84985,77834.3937815062,303.3883006705136,0.006067555454194057
239991.9318644083,95941.65457350781,329.34196907294915,1.5065517443026352e-10
108349362929.75299,97346.38950450243,285.2034512172535,1.6271852045337465e-07
271189.9130472177,55538.659219562076,318.09588360222807,0.00020964589948888057
3574689990989.4585,73675.67242546649,291.95228065712206,0.23257203985854752
1070820459.3831009,90236.63919995772,314.01063661253585,1.0590734015932275e-06
1782236242.0241008,72791.31291398952,349.331556579923,0.023707257618364393
1421.2799710645004,100657.82072391594,282.9975642932588,3.7270149613276417e-16
2090.8708121391405,98088.69826102286,289.4553005489475,4.163155135774814e-15
472033248672.16003,90587.20314354126,290.6076013476058,2.507385111263081e-05
9182365017715.867,53319.67661111715,338.35596084658755,53239.624886063415
135066.12676304477,61089.99205077774,349.3778976321427,9.915922595034229e-05
99880652.47364292,67713.83900110908,301.3076427661717,0.00018337490981013395
11185386.055470979,31392.50586427259,334.470453486367,139.94232574429154
11230614544.724144,31817.27892777668,309.97815882074224,49217.37055529617
4327729884937.32,98562.33410097049,324.6189547375755,0.000610764774419652
4229902.572829935,114494.77173629343,321.48802023749454,1.0524863566154925e-12
696283865.8704991,51314.01100268436,337.8538668431501,7.957895216220761
25635.68501498048,73551.22923832848,284.0983185349952,8.032522949990691e-10
16541429.542682916,80498.59385644973,327.52194733966076,2.4678704392613716e-06
30926372390.58394,56013.40643501475,336.08143933343825,62.805448843305165
6389.948686189832,85972.32842337553,330.8695328162489,1.7862838523701072e-10
496662.6525107187,61759.8977455633,307.2549983172206,1.6154282396336318e-05
116434445.80552813,100435.06206253395,281.8504026180728,2.902596698801928e-11
1770164.548318714,54560.71185658899,281.3097429389675,0.00013640918297822663
1057674040.31466,41776.80565483659,339.7281420518352,398.6547188584482
9807793915.263971,111218.6391880069,333.15480037410777,3.6417219479473616e-08
67992088.40398467,71510.0706034569,282.9133552655925,4.3545435051853775e-06
10898779031.61961,112515.47628275103,334.49698977088633,2.933902016866265e-08
633641237.7856716,104962.97145444684,331.03761992329476,1.81122166826362e-08
29045863198.593567,36019.06659274661,344.6550194906485,98966.71124089164
19541589087.223255,110473.2899700439,294.5381913936671,5.126461709599654e-10
999652500531.7517,72302.88347808502,310.21848096489623,0.6556617478004911
8000.014059955224,92527.03375886979,329.9374796051191,1.873569191315234e-11
34368690.31419504,37434.275507741644,313.40073558619224,20.414526660758447
40010905.80151703,102534.45381821574,289.5157711263698,1.3148754467215055e-11
377933861.0082499,104370.5767551381,293.8970678363872,1.0835668807036108e-10
5479502360.561133,31321.123278979994,324.3701753919337,50030.385341491674
464749896424.0516,63831.01383751308,336.3867429640163,56.58536285534004
200163.07382697283,70781.34400109024,331.14500065794346,1.4270851004551248e-06
28216460.823958386,49629.44344901809,324.0813306435401,0.2893594535470243
1397670.1172674182,59376.39961128762,333.4730746513191,0.0006992075647300094
10368742.364772843,99165.97830833484,316.8027635615457,4.708051262086149e-10
1612589872.4472938,48475.69404204018,313.2374812819803,13.69313005803035
3405.8440389278617,108935.22799976835,319.83719436509784,5.407242755767628e-15
305044.3768604575,98493.67016369449,321.6057228099168,3.080923027324891e-11
3977831484.865932,51612.92434552994,330.6144818580612,28.607019388251707
207120422412.05692,100195.65662227663,313.0717971606584,3.949360337521541e-06
7890.858277317264,60046.31901500978,318.4131616733181,1.0979281371545524e-06
22575.67281911754,83141.11349176349,280.4657773283236,7.532713972209922e-12
5257.1463923147485,113517.2026667898,285.3600039087136,8.992907416718387e-18
347217163600.5775,73920.18048077537,298.3578856718437,0.03999742086679922
88677524.17210305,73232.57290298885,327.1850580057847,0.000184874490980992
1341168.0836878298,43494.50844708869,340.8740643376853,0.30000101194594536
761759968639.5427,57099.743325932795,300.19680625638824,87.67715223627005
1667892482.7516956,84611.2446129093,302.1764278240689,4.026644268863581e-06
114622690427.85149,61064.207183657185,317.1036424364148,10.075786414704877
535120.4804218127,77847.28640481178,318.45567702746087,9.312474515150698e-08
1516620.7176344576,108231.8965916236,309.3639388052771,8.216827471398128e-13
36496.305024011745,114709.91267672073,283.8427148214741,2.9376524478973685e-17
14513939821.871782,64507.946445927664,284.46446767190713,0.020332646579422346
34878871250.0901,72736.62331419365,323.18888110651324,0.0620012008918915
3703012439.329531,94158.97294237182,301.1883434734595,1.705675938067861e-07
66605967.186603546,51345.024613480506,348.7221169453471,1.3786304809836747
4608870.831940533,108995.35992409593,291.68223354953153,1.4421458816035112e-13
4053383318132.384,58185.100239008636,284.6810192414917,85.40012127109813
8626326.467725176,65975.25670234479,289.6607587114357,1.1367154652877679e-05
606251566435.2012,68653.33845718895,312.54907314155025,2.062503176145936
4917.221472571754,103199.19321490025,324.2773130351205,1.1756571470677944e-13
62394.04721215202,60492.09635226353,285.7513693362577,5.422549223491518e-07
9683304.363893894,62664.601133692195,343.2990109544244,0.002816815649768382
320094601068.87756,88541.55163184457,324.1430393746713,0.001719702906321062
949337.9996929141,91794.95042857603,292.49982626522,3.950147915749846e-11
33041086.870366868,49949.950677189045,345.42201414410613,0.9638058602103675
12811650616.633186,49851.977472885075,342.8577970472795,328.0187364445744
721363.7572195362,33134.3728760076,315.7373006331748,2.349682456689518
3617957175950.6323,81366.52375285473,339.43807318918914,1.0867979614822227
5161894742.614293,46151.91991747744,304.5421115808181,62.80945542434819
1197690.3033299346,32112.775009171946,327.2374986536113,9.223178001552622
3590151667188.996,102904.52538013757,309.7749855514164,1.6403171216593697e-05
76441925.02328788,42128.401559740785,288.04617092011256,1.7288535754373235
201353.8192911096,56378.850928330394,314.92210296428203,9.258421413390126e-05
420092472.07063586,38205.594976198365,296.16797486443244,79.69591841757105
693443652.5342311,63624.181417398846,335.2557763511804,0.08832363714264141
4389900814.481953,37193.34084859575,335.9545000382514,7374.272280374335
5651632967525.042,91113.76090157226,325.62166660090134,0.013801347801882306
779564722854.2648,107401.48741959583,285.2322566493125,1.7391232314859426e-08
639722.5774671917,101881.47071268315,347.1767411320154,3.14385331270383e-10
83599571.54029611,101236.46367818318,309.1946710102889,6.511802063194218e-10
1113796867607.7253,51418.541936571375,286.04520639856537,469.66066642316235
48603659.8691949,84159.10619214948,336.55098198664143,4.294772386773546e-06
18040663437.152264,100606.94345611846,308.8779410251359,1.7275487047246348e-07
17666523474.047802,49108.44832263497,343.52988092239264,618.380312283634
226366491.11891392,57529.68990191359,302.46804606458505,0.02736710475629368
2806502109.8183246,96240.73490968505,310.3954122938004,1.8424816186784457e-07
5924268.600961701,31397.12971223975,298.01190675062105,19.432738650694077
653043870.1113536,58576.465692931335,312.26910546590545,0.10506418382160458
163284.4143718812,113295.20586979599,292.9744243728496,1.0730897772053392e-15
61899.60036870299,114930.10162760467,312.36033575617694,3.772287344049966e-15
263648524548.084,73836.57701415307,340.87740551079054,1.2535407046365201
317231.79475868755,102689.72770338407,343.4513222262513,7.940301711016162e-11
3859943417.4408894,66037.24937668281,317.57111430536037,0.052895993597271075
5779.611835784564,63515.71581703531,344.5137230816256,1.3371466388623768e-06
2914897930179.0757,69915.75258912495,290.4560313390387,0.8069906877260948
80068291543.3008,41773.54202336368,335.39555607376855,26088.921010791073
507182.0579759219,49493.21371437883,299.34107895883716,0.0011642885161543255
5171817941.78209,60226.59237474117,296.0269551912674,0.12286869535234644
937599.0163976869,67424.48909701686,313.39967098166017,5.447733270310715e-06
415988401955.7326,91078.49871990053,346.3097290317922,0.007854703399991763
78968175.79464574,100678.8873849452,310.3203127411829,8.876632640867958e-10
30956207.810699143,102237.1321951695,296.4095831170299,3.0049756537875496e-11
14374.494227579224,45237.52025357826,340.91182093479335,0.0017046263572641318
3837315602.000395,115146.521303798,317.86102274711,4.694309075847713e-10
27885050588.237923,81182.7423717209,293.1899192126242,9.448293483069344e-05
3202828742700.0977,56352.815987468784,294.17235765459634,318.69801008627564
1000.7949893093258,85110.01658409028,346.93127335887607,1.574406635929269e-10
46235338.2061251,46947.460672136236,334.27512998083796,2.1970192789057092
6951298.841813394,72117.90760802473,288.4049083447649,6.308441419479912e-07
4677041622026.613,40369.07269569053,288.709348167605,235811.5591211124
2102.3943667829026,32769.05224886288,340.61676431374497,0.020418825057069285
35882829122.608864,34366.162428461845,297.0992825383044,33313.81585049764
163330325757.39813,38962.509265739376,280.7942266513918,9487.748485446693
12045914.236257577,44491.543564545325,345.640555936703,2.365762225971509
695321091167.2186,46098.31378268976,291.34917351369194,3742.95504283346
99928.70727889419,77259.04719970099,333.0481665306827,7.516697306346299e-08
5299897043.483681,106056.45457668032,303.48912663835773,3.0971070030979628e-09
145723805.68849316,104090.56821374036,316.6887534050996,9.945702172536087e-10
2803236385.498572,59644.177360048336,320.715733071368,0.5427559060516354
93894722.2924419,97533.98306063497,330.0700379594966,3.4597295666516436e-08
4739694986604.139,104721.11464681831,293.11505346655593,1.0335441485254387e-06
107816783588.99036,84824.43057300488,344.17469990859905,0.014243387581223017
976117039039.4626,47190.016978326545,337.27285712409036,49910.858526406395
3818593832.083143,110546.35466316565,311.06836751880195,1.0399945587952105e-09
559280411570.2485,39562.4466507948,290.0314863567955,41497.18641628709
2586155743031.367,72593.99492998401,312.7517619925589,1.948264604301296
82924.69902325439,36109.99981716593,325.1460329084009,0.12985538380751205
2110.0062798505305,100537.7283646439,284.2994733674171,7.229350493381249e-16
4347012336846.9575,60990.47327298488,328.45647052165583,854.0314266529749
1612621153.7578292,90423.19720013218,322.3296890165975,3.6727925566777986e-06
104534231.58450538,83527.4970104006,347.1957558074988,2.9541450405744623e-05
656317754002.0917,71486.61531659664,328.1636790898444,2.780312306970544
6151580051253.653,97939.2473665225,337.65682814848964,0.004497191533549121
56101548.09253635,105403.81496355652,299.26051808659287,2.2732147794852676e-11
3297553434.711923,104841.97982129961,337.57365098704025,2.038262409355937e-07
1015418.0852837786,31423.355576322734,287.8433516282358,2.088619787742733
3623007282.6871705,72315.80102290667,344.63620352326507,0.040489132711237476
5756.910326018592,109547.4861097025,316.3880725256255,4.824987038134789e-15
245007108187.85156,89375.78840950737,285.27150872875677,1.0421190762708126e-05
777833902.7115492,103282.52923633471,337.4724379407006,8.116809640415487e-08
61293975861.454636,30662.032932574526,333.5359171917145,951923.988044021
13079509114.634405,60483.460459241134,334.52124350378654,4.670046460620882
17796.880448384134,61563.713496707715,319.73341238776806,1.5509080055383718e-06
602994.5797115777,93782.23898696728,348.8982421902396,5.517138578409408e-09
1240787.2127130895,33345.061662044594,327.31901399364364,6.073864871111911
19753252.316915058,59093.42968118291,288.5156597694362,0.00039412211320360806
76846928.23078564,60026.400569902995,290.0304848720387,0.0011982461959731824
9199943953.803595,66690.6182632756,288.5579431999674,0.00808815701448757
1095888754.4797764,103133.407878718,309.1220822126291,4.223278494031608e-09
3140694.6719975187,90768.96158058409,347.6422090652568,7.179673829597521e-08
685702.1491999675,85782.86942087315,344.33250214737444,6.815990749916482e-08
5945.300197551481,74140.22328849151,332.369085998241,1.3060246724032459e-08
8307.98693536395,43471.27837397519,297.18581909209036,0.00019752526579005017
16616197.906058472,86519.49403763053,315.9116131298609,8.574711490221538e-08
9350039055643.254,52742.675145008056,314.1648029019321,16278.694982983163
898164963.9901221,39949.087631427836,281.43918652982444,36.04275016816295
744757888596.7195,57230.875339390004,347.94200283965574,1966.8214955253309
21616.725637436288,90553.54934187935,340.17035728986946,2.754441521261052e-10
26728096.77173784,104630.41026516115,299.94509775154063,1.576017957761953e-11
89063.73148322165,63835.608845036615,338.424546271494,1.251938118971207e-05
253649836.87065083,75079.21539208526,298.4813992786138,1.881386365459362e-05
36718088165.370186,69054.25972927175,292.05476926295404,0.016868650658089963
2245.7713507991457,68145.16558562202,347.4096769825677,1.3361377438986337e-07
1381851.644990512,93189.81015237665,347.97559152444137,1.4426036729941104e-08
3195474.7942573316,59955.30698079468,346.91783194842975,0.0031409398590884316
1479242.9633616246,104019.50641348172,302.2694296554467,1.5528714928401537e-12
93470975.86250216,113515.11902219943,290.13081341310334,3.489654060901438e-13
1463469.2475904543,46095.358068838505,347.6358292278469,0.17504973675811814
40676322.03787557,64186.402020102214,338.9253915471974,0.0051829792030266475
2483992.7669172436,55516.86334025581,340.181436226675,0.00752435203649841
962849750705.8613,115407.38756501934,348.0847497769647,4.563481625703987e-06
88660384783.8788,44697.47243360489,304.25796839661814,1863.6074717925728
61436348191.824196,33330.10371375632,301.89616956269936,107969.15208484522
1657.6107941880514,78443.07464306738,346.1950332138474,2.441308705984638e-09
866954.403787371,38106.77012322262,315.9552822725246,0.4273349545883228
347675.7469199376,75152.55254303683,303.2527925589625,4.070080562109907e-08
29217937721.51654,68233.89586654707,301.8489383335691,0.045002431331278334
87744.69395469571,85491.16839405551,341.1234703166401,7.4120369102226295e-09
32704183106.372578,46731.68938147854,285.24846668750513,94.96161746112094
2187.729566397549,77080.23189174772,307.1096657417835,1.7231571034821747e-10
46459583043.07235,87052.24131086963,344.11259209157265,0.0028749409439458263
55888799507.034874,113533.0703168972,347.3009827813414,4.6450710949534933e-07
12425274.143300297,57206.383395353434,303.2038797970258,0.0017003908700496367
211369276.79114923,41189.657743647585,323.2624752451569,47.352689295372
215347945914.9959,90135.54578845567,335.221633176625,0.0019283732720546212
165337.9325354211,105226.17297554521,312.2821341052673,4.1120109624070053e-13
9503816432.35885,58031.285890538835,332.7660279034181,7.355656212467735
2590264162009.6846,96626.8996029328,348.8635335568673,0.008971726879109305
87097384.62026666,69391.30402922664,308.5990914341433,0.0001630477737044878
56698859.34595454,73692.29555101294,324.2942703003475,7.842325234276808e-05
129112946238.89627,63889.64595393316,323.72590480869957,6.573807674665246
2564.1904533526745,98726.66078694664,322.560692289256,2.636325463975337e-13
56582.32254852358,35008.50936817483,324.9171861644928,0.13878638255933404
262801645.80056423,77283.92026059525,348.14805145835555,0.0006662403123127713
1134159891.5788696,59088.64029750397,309.5989981731377,0.12499606476432819
141000808.00596574,118823.0951807348,305.4564918509174,6.985105250387882e-13
1823824.1140454225,38789.84723937798,318.3305673301856,0.7947798218181444
4601771869793.014,70601.50116221397,327.02559249748504,25.41621777899983
111449259606.40625,110118.65450666382,333.53412016548816,6.389912670103296e-07
25564671907.161743,71823.74752105716,314.5049973763769,0.030719378973414688
7262.9703935970465,92480.79697608005,300.75965675730197,6.576151779724671e-13
45445099.3293781,34139.1308637139,289.89102827097776,32.14584704445112
1264366695947.999,91881.00916655533,283.20161112134326,1.4820782691661114e-05
1059777496.90436,67037.51558156556,308.8434201290472,0.0049524678423532725
278020893335.24384,67797.26226977579,312.246870046292,1.3087789809577144
5134886168423.519,102542.73305720245,287.3598221959126,1.1555814228399354e-06
18320309.125205155,109789.28442558117,315.44240107835225,1.2011198612600408e-11
1755452539.4820352,70941.50689275042,316.04464837344295,0.003355909437866424
125314094633.9237,90196.51032554844,297.6638101320358,1.8596258541956384e-05
28289593.61543074,49659.17231346936,288.8313213245963,0.03023424594168283
28420828.948268425,94392.54926004173,344.89838315700416,1.474487024610638e-07
9711287049222.434,74078.78433276601,287.1613191137316,0.3239539839604978
1744405471222.1829,39328.914501878215,324.67082471943365,820483.9255222601
2614780.059409269,64712.7885186464,288.42948958291055,5.154184674552372e-06
56396226.08652171,86445.42199350215,327.11167229661305,9.123119277507021e-07
155649022.13562778,91611.57802186423,281.1145270998706,1.5209655109164353e-09
15576003492.749374,103926.24140414836,348.73051635486934,4.2339530689725285e-06
81286388.58721507,98573.71930950343,309.8519123986028,1.9288328711924905e-09
2233.616482903059,106223.46536485665,311.7374500446172,3.5050694336227436e-15
15505677107.01875,89438.51634034401,282.15520437948373,4.247927786541299e-07
1690314790010.0315,103713.48716159623,299.2447928191145,1.3108142087681374e-06
2172604263.323872,60215.06095689783,302.1601942465198,0.08409352058662643
234889598.61190405,111485.40764304613,291.0363154884002,2.3972747819351455e-12
7165.278893959194,69527.32510847734,288.6386085009338,1.9510241872236704e-09
3680.2883423253297,65857.5447717544,317.97791768616173,5.489735848494377e-08
562303.8254833053,62238.905407622384,281.1525881250669,1.559422148379637e-06
314618678.8069269,92195.56721723496,310.6810594925634,9.974503632016004e-08
878895549.0780509,36392.317215036404,331.2802915965132,1585.9762939615462
112565207.94071263,31239.490947750695,328.9601779569402,1288.9650228515427
4214063525286.372,60916.052130882716,288.17507264236406,38.00471820696829
2535282511768.313,118774.44856005328,321.5621877120448,1.321285529991872e-07
90587.49063788854,44135.51586840484,304.9671423990298,0.002485460156014091
242345.58510258357,53839.8836286046,317.28601618995464,0.0003303877126266978
23323059.31197644,71906.95933374876,283.5623070966902,1.3373531276716503e-06
1385722243.2070193,117839.296223081,325.95636267648354,1.8410250310848054e-10
24919.41989360534,55325.817199850135,326.7270529899416,3.686752514289081e-05
245810.31569963213,50045.15671217394,338.89583839236906,0.004876481569477932
1211112.430987273,99353.65025545094,339.29233687142363,6.162982751048588e-10
601039.001554866,104314.96104445815,325.80820342941973,1.1428089152513752e-11
155395580.44282717,41499.39199555297,313.4643253915289,19.71912357602844
77186.5313317369,30881.950661631534,295.86273267036773,0.2814314390118993
14044281958.660505,74233.13716707099,285.4903309631011,0.00037456580275759243
3714035.4957555025,39016.16725840577,318.08441651621007,1.4593425888649496
1090.3700002987496,100625.02796056085,281.83079864703785,2.5494182547282614e-16
100786575041.0345,112728.96234761644,348.94019346971857,1.4041105706399688e-06
41934.97818258496,53499.20347306882,301.7209882848294,2.3457964342394176e-05
4230.684816349858,110387.85050927497,349.9126974338594,1.427699223486771e-13
7667.540111354795,41583.28124492965,329.03122331283856,0.0019720503272154326
3508.1167822350617,56594.7301107962,309.4555104404291,1.0042426371039121e-06
1845989575.947249,47532.43252115603,295.443915473466,7.150107112566501
398978386658.63837,60025.1653728419,320.04327310727206,64.63494749539437
77364.78841898683,74325.32768113272,332.10721259129,1.5476234948700918e-07
8634036735.162756,88779.34985411432,319.19962605346393,2.5114953770199114e-05
214069004310.41757,67259.98562510134,295.81834100718953,0.2819040229371313
269450.66064942424,36858.17374406113,342.5995602992771,0.6589104174125582
43430680.96301961,80816.7447862496,311.8905907866179,1.3000740060188569e-06
10844790.54528647,34066.64712659934,316.671431947009,26.12313398652617
145883067924.00037,35348.68970728761,283.22227801778945,45580.373521442605
462372177.4801067,111416.4403430167,284.99545314111606,1.8287484329795256e-12
3601.739760062083,41724.288436997085,303.02081524764594,0.00024238394895575272
4136.3016765569755,90134.58763055844,327.79436214919815,1.8079415918934487e-11
3143.693079663322,76005.70148820039,321.0566552345065,1.3456464892038222e-09
18011213.079915024,114795.97934531824,314.0788546222348,1.518482308293286e-12
437246.8951639537,51108.9793444182,291.4819786426237,0.00030617718690828814
73237692529.53159,88079.11737354312,335.26162675117325,0.001449476829377645
48862269.57055794,53622.4913524906,284.82896060559546,0.0071271181377337844
31764514203.894493,49873.658876927846,306.8114111066079,105.7666384879903
595921242.3875693,34228.63306118764,310.4508921828711,1072.564856349259
24136.426493345272,55676.02934337423,302.65211757184795,6.034480993298716e-06
216103415497.62918,39271.23358073778,289.4661479540936,17433.179589530377
112650.77983954478,100773.68620933799,338.42998332409405,3.0849663632307796e-11
1054896294220.2017,53772.400984053136,283.88588714761363,139.6120744296634
3357799.3571733544,44652.97863478746,324.94457431377833,0.23234355540284354
37544215.963527866,79333.87544590389,307.528544795697,1.2648968642848729e-06
1121.4206298089587,94255.20546982558,307.90275278785924,1.192543954206086e-13
19553.800544585203,82677.37888124234,305.01880152261435,1.3605738281361428e-10
1576.436959638485,47529.621783155104,342.2686676602547,8.842840439860265e-05
729964528.8184193,41078.31071040326,281.80113386522095,17.51358541558582
24202.563702754876,69650.69262439097,325.0810069857004,1.578528798507573e-07
1969860071.0055737,91734.52751314477,282.7108891396432,2.2465048062735963e-08
3407403180658.6187,96295.31652907048,312.1294226075015,0.00026794828787471387
754908475340.542,30644.992846601137,326.310360557365,9514594.369961962
516517097664.83795,78992.10742835145,315.13363853601993,0.04354222248052077
236077217053.57214,60431.14292471786,349.2737596798716,223.7739281967717
6000302425206.125,40165.712495741675,293.9520170026212,430297.29442672466
703573627844.2495,37602.0445979566,339.7782786419204,1191375.137227285
15605.713621562203,112661.81738109131,308.26785463907765,1.3016154368141348e-15
2628052.2949961717,52081.1547850596,319.42406813983087,0.008203309630429515
62982.33635327817,60991.68467031805,281.5249885693184,2.9854518656791716e-07
95399.91605136545,97400.83133600933,317.4358537761271,9.268433022545752e-12
110023.88803331442,73125.09864896553,346.8092901616915,1.0592298349930625e-06
57710.9453322416,35066.46789542565,318.6346579711152,0.103309197536169
1224122242339.9978,50884.86399282663,329.02044848672716,10414.606377146936
2543058331871.4126,107281.38958983026,329.3040541713459,2.456030832527392e-05
1403.8813624408422,58377.96418697827,302.87323603086594,1.2389902038413363e-07
1806274607523.3345,45323.7237259275,312.2190707980803,46553.27025125037
3837.4638062692234,56793.403657620365,339.5913109539951,7.1008216311605145e-06
33735090.81532271,44932.99797443129,322.7111679987726,1.8565003300291048
236030193140.83856,98308.27032865582,336.5441686361324,0.00013234555275258873
235813849.81818634,47847.618488817294,301.7247997421437,1.2486211281761737
960354.2098946823,110580.0979774133,327.7174413927537,2.3130219065503415e-12
166151551435.65778,106222.13363103688,346.2535646903168,1.5669393989680377e-05
2752172.5338670453,40040.941466136916,285.26188506396664,0.12602095341076627
48521.88570938862,79796.72828493337,303.4584801052628,8.812529763588487e-10
568759411533.2499,78027.62506567218,289.99942981554796,0.004983993238101811
7566139.700901906,116562.0789214824,292.81976243950504,1.227739500200123e-14
575860.6391407126,44226.759650529784,317.8151844237391,0.030418842163389893
340048628208.2353,114469.15730020132,315.0366182615469,3.540070358431771e-08
1737642891366.6926,50804.34374845945,327.6344968017215,13901.386054627821
233884254.23842242,44602.01005290591,335.0881606426913,26.48101483030117
209748991019.6253,92294.11675466679,325.6422492841348,0.0003230125835334902
20235.29829813632,70349.47466708525,328.78751879358873,1.3282859229239676e-07
32362.015703746274,45676.079970431274,324.3121849255302,0.0014557319966817387
16122.791241882298,100303.52743437958,307.95918291579613,1.5435199022565862e-13
15761.881889329017,46220.80701341309,301.1523882469067,0.00015731762603832388
10463.498789239427,67766.9696823115,349.7278896302661,7.907253938719611e-07
1211.1664571863153,64917.50286739447,300.49750801886495,6.168823097952833e-09
812933.9528336892,71781.5574266605,332.5760055462708,4.408870055339507e-06
57204300768.9432,104821.41036404284,324.91192379876304,8.424268896400181e-07
5166361.329226312,84161.03657008387,330.8849849754111,2.668650764720968e-07
110638.19997856939,52187.47607605099,348.24465240027484,0.0016455937004871812
335498271861.37006,78477.56897690485,330.5887093903068,0.13389649006103185
2490.9604862057176,111619.347997956,291.51258231163155,2.5909653267147394e-17
1243787432.8888044,47728.180788343176,296.65884881681126,4.859330928046875
2552033.352069108,57479.908952186284,293.88051675311584,0.00015355154707137196
2390371.541256318,83939.4800805643,342.3847544045821,3.8306556498722956e-07
3541634647862.1704,56175.7343805317,314.2773809889685,1681.771013259529
211068351107.70435,38738.89690154381,299.4852936474596,36439.95342361745
106093400.54483676,65500.44237739376,280.9630110061652,6.983585660142758e-05
14719.767583621768,103869.92382323624,285.7566956993177,1.5517909632184276e-15
214136011.6421407,65438.787007827385,282.2220032591039,0.00016998094595146893
8778200.01618243,72937.25917572032,339.43950240223205,5.400275993181584e-05
606293837704.5853,35021.745810825436,282.05520293560335,207521.28046025132
103426.95002367898,110015.9613116064,284.3559384489412,6.481099529668441e-16
168351.8070434184,53965.867200014654,327.8398100900051,0.0004246087152866129
1664663012.5080183,109614.8028556013,284.5966401371114,1.2560067099959006e-11
31005579.86825569,68457.16072977876,346.70558534401096,0.0015647445061191664
521936402132.2577,34999.90519090169,281.6197357396288,173084.39381633585
31369996534.34319,44962.474789256754,324.01266994438095,1753.5321010526472
7899994010.307113,69643.70881129589,300.7562356865812,0.006575557191955526
54693035.60693313,95277.55431879594,346.30081710638757,2.3648421771801062e-07
2678763.581058543,86929.686295686,347.06415762916924,2.2942037324746748e-07
351933393857.6132,92832.01401735347,281.8630988356392,2.216694057467427e-06
108053.64022688288,39887.710580953004,311.2399350159586,0.02220660384858325
39090.79303253936,52212.81525087447,332.2797087973321,0.00025169161076843074
267593864.818695,108140.77788719202,315.6858022214691,3.5212586950693776e-10
549994391229.1302,39235.36030903077,283.0480814636056,31882.67484535104
3749.1091125468233,103506.4497822154,309.34997087273894,1.2785224878891212e-14
31983144058.37813,119331.3112408831,298.6325285982843,4.2326963983107766e-11
6202.125842929595,62764.77036310315,315.78444637933376,2.52451024954282e-07
10136226277.212927,104225.16624660754,283.3202256419478,6.283701131429119e-10
501613762.39182544,80717.22049400966,343.9958186186668,0.0002797802532930046
984835.0841509694,100390.61983404025,322.63601613414687,5.487521809476412e-11
2337648850.752033,72656.34553778787,319.82258782366546,0.0032471959374374268
3216051161.74342,72304.12819034152,347.0363347678592,0.042877682752360695
8050.090970395754,68196.52744743032,312.0275965107931,3.1504338384566124e-08
177829783.38298967,53256.920345113555,321.09781922417244,0.3794186050302874
42712846017.140884,107928.30850325276,339.63411087603674,1.1136478558564912e-06
1397.543644864253,92604.25110828198,302.06033966524404,1.3338114834770452e-13
6804269.732844398,42296.41495536006,280.25388895744567,0.09160970659250643
144305691.93312913,67039.41877002295,324.96605291674746,0.0024558287394522466
10912.294347669123,116346.10458814267,316.3123166237702,6.640930116072635e-16
3395413059548.681,92970.06071336172,323.9060635169533,0.0035025760875524894
7360213826363.776,105492.78474719715,338.37016909025897,0.0003989340192612638
11567081.278018378,118521.18630704598,310.4700159491177,1.322340687006305e-13
1792000776083.3845,98933.00898088558,346.06589274915245,0.002103821664432196
1953.9541282023865,81289.73072933764,325.7188899779633,1.8838450948713262e-10
2021022909.6200025,91295.1907320624,321.8056917773155,3.186143304810632e-06
8586.467010310658,111811.96280982463,304.3435784971454,5.670919423891866e-16
4074.106278452469,60350.01235473818,346.5663168482739,3.328443470642875e-06
2137624.110646379,94034.73647288032,307.18667138829835,2.2120741050167969e-10
14878662646.607805,48668.82742924048,338.67754791475875,473.47289100280193
2907.310825156619,43353.15819999459,312.32044889147943,0.00016762227354263576
558087.122110494,90996.51265600655,301.29677727298065,9.554422249418668e-11
174236.60122580064,72971.57594639146,349.0308892915284,2.0734475598768012e-06
2182.405067453963,85153.82048263599,299.9141540522307,3.2464107260292046e-12
8533358293.365072,87078.12430533927,294.4658667866906,3.125168918306995e-06
73685283139.22142,112494.84424795883,312.17961082373904,1.1295875030321178e-08
511422673.8428104,90359.30199724404,300.0918534704722,1.0001632503360824e-07
279422741071.6382,62437.20567879733,286.29599167495223,1.1801083213183454
12750813054.425137,99326.53162559445,298.0548168029467,4.969715115579834e-08
172154489.62879923,104826.14512680972,286.38552131217483,1.3110869082918408e-11
2535.3852559197926,33954.278650068765,348.93420753025373,0.02141228798647394
35589035.579099014,51420.67988521821,296.55995202226256,0.03135093562231007
1640.0410790934882,112374.63739930891,312.9537756443571,2.847214183030737e-16
24688258885.028942,64500.080044148206,302.9760394231032,0.18547883981787408
339627.14985633525,115815.3334693487,287.85064440643924,3.4188718580962617e-16
4176622597.896015,117691.40161309553,332.28709454801145,1.2967100575488548e-09
13289.056022450206,76642.82281555675,335.9052661826289,1.6804245068629446e-08
50984014.52180649,107442.87531930629,335.66124125977024,1.0072080190512676e-09
248915.74091676984,99164.7530155617,302.61530126584,1.8873757879713144e-12
1474.4804441019762,63491.61850788785,349.23040684449535,4.6231750976212773e-07
17389.08119765286,100388.31514747228,326.1946732903611,1.4829853475601985e-12
31086.26442118682,76099.90864203725,292.04890693021343,7.933396453780685e-10
26592546527.292965,105057.37237559912,342.44084950708356,2.534153328252679e-06
1622538657.0269718,54942.830283858435,288.8281623518896,0.1955554875179176
137668216684.85187,52916.75480111292,310.3382187487486,178.0639598713175
14234295.823349576,83207.80800751652,284.08921229268753,7.068359843536853e-09
759375624392.5139,107814.97607037962,334.25544555156944,1.0635230220289793e-05
13548.77149310498,116729.128538625,313.5138112573846,4.913972308883899e-16
2034696.5399585904,56557.71602122563,305.55318036275713,0.00044534181708566527
118555.8305845292,64438.49411131835,324.5195754843569,5.0981215581157725e-06
445552886610.13446,76372.97626595505,335.07185435337635,0.5540244476938543
17586937813.69038,31976.3320500794,320.94570493004915,111587.84731663192
103294419159.0631,40468.06556381483,295.28125247354217,7476.957587212976
386143088.7638516,119732.87216006039,324.27163170859745,2.0172482775349115e-11
31187233.715648558,91683.32335064975,297.7036610755463,2.627128725266545e-09
46357507041.82899,68124.47882696922,325.79657631228855,0.5640732147856631
100103.0829642747,62611.04534859296,293.9061945778221,7.796442283445121e-07
550863.68614362,48112.52512487028,344.6709059331308,0.028616208578680895
811206.3795310248,35878.6283805791,300.0840809480479,0.4710806655593022
106872742.22623171,42151.21755416599,308.32665335614695,7.995709551384278
38830.85068928274,54398.020167501396,292.3842417053925,7.740973691582622e-06
1037939198.813507,49805.22352459576,308.04600338731257,3.8233677961447077
79099705.17304595,41236.2674693923,309.38248496580536,8.505500341622334
3645620.0707348636,98527.56938961509,297.9522486013864,1.9141592626820265e-11
43717212.00560604,37076.87943980508,282.3857324533379,5.943875085212136
409515259336.3792,50502.82436928801,336.83739064102537,6308.963710985599
9951.676390693385,59187.964767259895,318.4065304062434,1.950174129155855e-06
401301536.1806957,113740.9369903122,328.56836763234924,3.4159602577782953e-10
20206435.334230818,34113.63665303296,297.6683917117739,21.54402878258486
1541874462.0389805,44528.0839458751,286.98621728102813,12.398754244938127
61198607.32398004,105125.44480431033,339.3520669444123,3.952096665296447e-09
2813546182567.361,106590.96266425184,341.8861243557279,0.0001451089729555614
2922648.5797150927,74713.4671636354,285.6729996380094,6.65312341771429e-08
327570627.9701798,61453.04102442342,280.58914647244103,0.0012380424286493044
656256.3102352284,106017.3716162084,348.5254596739265,8.689173020269148e-11
112646461.78515957,46180.26095415131,289.98645835180247,0.5621723318442156
812457225861.9927,92783.20217678774,325.8640975355643,0.0011049972162479403
732269.5325027306,92516.99231728562,286.22336244978226,9.928733196196327e-12
15108842.027072808,111039.86221063125,344.81070161279615,2.3034897864326685e-10
1353.7323061635684,37175.06429864601,320.2365030943804,0.0011639221457204808
64323.80767205336,101387.73632514001,289.85182858910497,3.581691966676834e-14
81670906709.5033,59781.28570049445,347.6472477039221,83.6248587705255
811631.8163996192,59334.477130330415,318.7532633475798,0.00015380051020043667
30331.727190307713,52887.21214146793,291.38528618311153,1.022382516473539e-05
349999023762.03094,43908.63389170663,330.88568517710445,40566.08173068232
891946008319.9327,109038.65412028674,346.25138911313707,3.3034762491391345e-05
100376961.81088777,42392.29232137624,331.4768253810631,20.545420456932952
2570672662.0405326,68452.53737128437,343.47642417941404,0.09898136709278045
959186977.0565504,48394.716445101425,288.7244998558595,1.7415325366332743
6046.611212683956,83265.98758212716,347.0822117449085,1.8230457245651893e-09
479934.0351970597,96884.26465277329,347.60510128860875,1.3098213262024333e-09
24057150.759802066,55948.772022369376,284.3636983474496,0.0013266735139867926
32239800875.132336,41212.14925013052,331.0638031564713,10401.19750796637
6995667.244619154,76761.85243258766,307.02433721760383,6.322763424698599e-07
99556707448.94035,84793.40826180668,281.5645902313945,1.8434900679109562e-05
34058842.09241601,102051.0546885162,295.23295039699667,2.971830195218422e-11
519202.98312678724,41098.61523425002,316.97059008292103,0.09189222204710844
7164573.12734991,119459.96300443965,302.36447718833165,1.6242018695174624e-14
9752540637.489292,71738.72484806567,319.4063010737555,0.018168509169746952
378303057324.6687,74559.01218396361,346.5425604316057,2.2563598435480237
200995190.72453013,77421.48024431692,318.7664604828839,4.3083732284882215e-05
576896852555.2194,106318.83752775785,325.5815408818056,5.238200126397639e-06
118983917195.95636,71594.98006250692,321.2933652782799,0.2686716965858055
50156.827333903246,59152.82534167402,310.15133123992234,5.497388888065019e-06
70034.33174573242,50167.89958833487,341.94057943412747,0.001585331175219186
7921788.468386225,96977.73403922461,309.73422400273233,3.6263159760762845e-10
5370970495679.105,91501.88967134536,306.75235461403827,0.0014104313318747722
2372817120839.231,86272.51138492988,302.21987948089725,0.0029847131604601083
1518808964.2446294,101084.40416560583,324.39182031565895,8.137256773971827e-08
126395070.12872821,90042.1634700211,313.4637179687615,1.2610486423106306e-07
11153950.996539427,54373.79384250933,315.218537990202,0.011277440482799335
32751356.9367332,98925.93788939404,296.3003944593957,1.2458960366189324e-10
1827350316489.8625,39547.91121272761,292.353047349572,161267.76453519546
6113908.003007314,53567.527999138794,324.8755839178729,0.015572945473590581
9136.500328174947,86512.05282992366,325.5371299235607,1.2128589641866024e-10
389203257981.78827,30311.362802243555,319.26704731850936,4487321.785916355
101118.56639059006,54156.970049411844,312.2939028825105,8.724317265636276e-05
8892516.22153706,69504.6510942135,318.03185676045536,3.550672537903872e-05
52250902071.39346,84717.07670151154,326.4067869803197,0.0014648627420905454
1768349.0893800913,41376.337697983945,333.8261962618982,0.619947776847628
48375516923.231544,89512.98520118851,315.6454411306403,7.76943324824171e-05
184732.07522627714,56928.074852719394,320.14003101391114,9.601508846259322e-05
6082527357.967772,97455.05661486741,298.63048972341846,5.538589677526345e-08
5829018.559646605,38765.67890432197,340.9708006293237,6.819122865521785
1839008.7816527397,73687.18461962935,285.3861886249539,6.070836900116268e-08
77783777682.91365,99542.53842858707,312.55033989947026,1.7682547979029895e-06
28641596335.7399,86535.30253051964,331.38013776141673,0.0006433954720946851
3633973758.631338,56313.68658172795,308.2614946588993,1.079791495385146
1145454090.1677804,42153.04017313321,341.92062529003636,412.65617618029495
2935450886359.198,101908.89593753904,318.96505994807046,6.026855707073784e-05
2309877641299.124,107652.91022318091,328.2978379199355,1.7093918609664485e-05
527588.9638162333,50852.31278025467,312.10584118582716,0.0016112608005648971
10601261486.758133,111787.4951927102,314.159499682048,2.8474469135486832e-09
2514771.0230803755,103093.04017782683,332.82521552190263,1.740993391245772e-10
214311282086.96088,88559.80360040293,318.01189821307764,0.0006193032879675045
53362225436.40641,37162.4439622962,298.46936920176694,17131.313417517777
2706756675.9150853,57827.43039616317,321.8421102855081,1.1059687326226444
851155.5442203537,83621.13518672175,285.0307378874912,3.9764858671812167e-10
33678891.227531895,74940.49194238262,310.90033301170047,8.965601040638412e-06
4195730770.989172,83123.04430202846,308.9564025689275,3.63969142380393e-05
285762625.0400972,116666.10239920448,333.4555567822791,1.5335107652683619e-10
23606003.483979873,114617.81537803668,285.325638724028,2.5648743489485108e-14
197586.8208379201,84567.63979016748,286.27012781145095,7.385842272790778e-11
1907.0844956453561,74818.28244850115,314.10117440495935,6.832359944121354e-10
119050.3595436979,84632.10441201998,321.6436443902938,2.229957883605615e-09
2744.5262301175167,65145.66376711375,301.4932924828899,1.4085125186916106e-08
11600.271839741208,107002.00897900149,288.15476222899764,4.650612276854623e-16
4078795106.2785425,78871.29896999711,321.7977439382363,0.0006390268691153304
695710.5430099948,91109.02389561752,330.3091059256873,2.8250632146683205e-09
24013481578.692047,38062.40240012054,313.58920499678965,11186.787634694445
40362.539643663964,94638.83313489862,288.20223212302886,2.919727162503415e-13
543345.4854685455,57453.17986208746,312.2951469593253,0.000134103810558149
157419.26673423284,115929.38738026841,341.0181894846315,2.718807070735892e-13
10459798.975491703,79407.15387179985,307.0407323769277,3.268440290864909e-07
29878.308076603877,97843.62218208691,303.99480161625905,4.713715458461524e-13
6472.889481116679,83098.15975114197,317.4459610746208,1.381116428933176e-10
6681259.484742513,92461.49552955614,296.0627666050585,3.214514649886425e-10
793960349.9304245,47980.98138522013,323.0147831207962,14.501749313507785
8357.07792047341,75348.35761434917,305.8468484003456,1.1845880771051843e-09
14393276.95291304,31924.310049564967,303.6828676503179,48.13305995623247
655618794986.1864,92416.21211373113,322.3028313986776,0.0006846475872793725
835193.7538243925,52649.28338376025,307.0358814624129,0.0009571627288347788
14929823598.612371,56620.966213120744,336.44396236909387,25.3368417964437
1354516.570570958,76921.18422209506,312.3546777725033,1.8758117862318107e-07
16400.95555606912,60752.41819908976,297.38582665560983,3.556549621933911e-07
246365971255.96445,30183.760247710194,304.94614916130183,1712702.9446727044
760485608553.0234,95201.20404905893,291.68641523654884,6.987910671881706e-06
251476176172.38727,53888.89650918303,330.54867515226056,754.9206338922214
4165304.8627315555,105600.42434579247,291.2243242869592,4.786540462425537e-13
113716170880.81123,112137.0568946892,307.6548694440186,1.0774841723356334e-08
393675211.7178087,41997.5300588776,301.00714074822605,20.097667260339286
2547.6034625710977,45642.60257974354,322.2921586283401,0.00010498366315235813
4863.307299224942,103035.0325845661,339.8890428723923,7.226829986871091e-13
23503.015775147134,54782.907284407265,292.50368679155224,3.891079811527281e-06
224826638926.34244,92998.2786715664,308.18810821559623,3.811643012301014e-05
5245292732.287988,31263.243768560937,294.64802009872295,15294.84516319547
90632680038.52838,31781.98097340212,345.89543108975556,1429522.1766031636
2614.4698603907173,63340.055583536785,296.5193378263995,1.9062646734428175e-08
3411.805391102959,84261.49461085125,347.8595809034821,7.443783797269586e-10
1015.8162609702108,60374.52845279623,339.9152021273008,5.519060729111515e-07
236662606.8119198,70033.16139921862,306.5281390157089,0.00027701123963171065
69829.05417668297,59530.64678184021,298.3886901604623,2.740173755811264e-06
1111499500.3721309,101319.95176611641,292.69099399596894,9.183757178402595e-10
3827739077605.7124,70489.27994593664,342.3305893398329,66.69203316552971
45983200623.85852,111995.02284609136,302.9926188374461,2.3175983284832847e-09
573662277.6903911,95138.90713027086,298.41693653874694,1.2545643015517557e-08
73846141.51920138,94866.21809924598,333.4665139472277,1.0322674717292548e-07
8279711388.034081,63129.04210806665,298.42479498370255,0.07460853661043391
628412315.6134135,102894.67549133496,316.2488140433965,6.290271215310896e-09
78571127.91685842,52832.93602856787,338.2035915960615,0.5462366120247414
111971756179.57288,37232.25522360507,328.1094502112981,135178.1097744818
566819397.2984898,96094.90900807425,349.98156965937335,2.6453914351352577e-06
21190035946.953884,81735.29653824259,286.44102121745254,2.6465030256237303e-05
4032715340188.213,102089.8962076396,285.7092056126033,8.62116836145044e-07
2227800563821.318,53366.5083640737,342.29330519894313,15667.24932211694
12606.541583711145,106781.46621642337,289.1351336111908,6.504932279615546e-16
1341188159373.6663,67153.61029709669,323.64960991220585,20.244340354736625
5617.976212583335,106377.67827566768,307.2530357575941,4.587593432229677e-15
202008.9307938173,83860.71601631137,343.5589893209276,3.523622039718816e-08
29292395.956414133,99572.88004947247,289.8238700815918,3.477345713135799e-11
85453568.22857495,103028.8351973331,345.96007852379637,2.468431750537608e-08
72441800.52878062,78777.68759029696,281.8679271931358,1.8112483157154098e-07
4421964014.329344,50284.98722018604,298.4841331244174,7.152389144675268
204820292.8518261,74888.3589822955,317.44602242438225,9.990158950104531e-05
448864.03678964847,80219.90779207692,304.9052191787897,8.42455452145055e-09
2924517355397.5825,35576.66247337141,321.67637624814114,4981830.671840373
5440017494592.378,38733.690099844585,309.36310231859534,1635801.7694625685
28931118.652065586,62253.552212420596,298.18574286942055,0.0003695203841991247
10641852560.44826,33877.24055081835,322.2826223806302,35404.4283035172
188072444.82257396,101852.32086249748,292.07032319952265,1.1938317128054426e-10
22048315.420866594,106226.36420103097,284.69000089967545,7.152003658288484e-13
124423852.60321468,82112.87505626911,322.7732178442611,6.636746425729972e-06
7673949.51055494,96439.7210190781,305.7293469339439,2.581346521707355e-10
240904.43725577803,82364.04177050883,290.5371668456813,3.882246756021079e-10
2809.821485928608,43061.537399397785,343.946028673756,0.0008409144139787448
37918217.13863334,95276.06642880378,286.9080044045277,1.7045387859138856e-10
1588.605035768039,111962.10975468521,349.08820142655185,2.7635349249959568e-14
429235202.6652179,106941.84940340274,348.0882946504096,3.787046757258401e-08
838966.710167514,46439.829125214506,289.39770210318056,0.0036085475257203277
1418150653612.7126,35241.43830405315,287.39986397310804,551000.5949523317
59195164.74773464,105598.14519808021,332.8035702966764,1.5560095165919543e-09
46568186.61620167,79149.81708299098,311.24531853406916,2.4701843069689253e-06
215179.64947110612,98532.4163208739,317.56167237476717,1.3346892985776042e-11
5773548672198.472,63676.773739853736,320.1107059806685,238.02624695037056
5028864441457.797,69472.81905898164,328.02140800735856,44.321730370224586
83690290943.3183,88501.73403033963,298.93891627003495,2.995404906485167e-05
398791.8666151817,69664.0909000859,328.91474303624926,3.4848037033936883e-06
5154.1028411133075,106829.43483916117,323.0310665805613,2.7045651627445966e-14
142657.67064580525,89777.86990018272,317.693839739055,2.580799170038747e-10
1032.3587751651285,115003.6048260732,349.00916422362434,6.5473209366092856e-15
1624695.9128089899,72912.49849091803,325.61917963001537,3.284775817213253e-06
57015233125.14068,49388.01793940121,335.6907170771861,1156.9730445797045
31373.059063005872,55384.00507219875,299.33090961138606,6.929393494100983e-06
8150.989848757836,104291.9408730906,345.22585176377015,1.3518317594125947e-12
1623.3494008499545,50300.70240898164,336.8881001828237,2.5704746651251745e-05
2976528.58439862,76743.68950801033,330.64799758695574,2.2984514523966212e-06
1138632.3375052474,96383.69893137219,324.1129852452425,3.273385174590437e-10
210137994707.6449,94687.78256174781,335.9838688161249,0.00040936381875102297
219003.21297870466,38873.85840278038,323.6107002465275,0.11657200391934608
6174662873.019709,119804.6396745676,285.48359906286714,7.754818813397318e-13
9198.426535815977,71525.0262628039,316.2590493238129,1.4262262113518025e-08
9619.817423146556,75599.6261713662,330.4139413455196,1.1252906140224534e-08
310959737890.3417,61828.097660928324,341.37560111297785,105.70264705498694
605149487.3596108,70223.09488163094,321.6159671582068,0.002377126328786778
185948817.1323747,94140.97498978343,338.32906858184464,5.672242752294237e-07
260602789282.3381,72723.17310763957,294.54914997822664,0.03372807744698652
95004803151.00243,92116.81487018627,300.30256178797924,9.430702121105106e-06
12194.960146978337,43112.79485884168,304.93331826113507,0.0005077608326328802
613670.4053237323,103063.67588050173,286.94134654616414,1.0929107344302514e-13
27468721.3463651,74648.2891638002,348.24135424775204,0.00017819460930480706
6489807095.691066,33485.26972159138,347.5479018781145,61747.11220671079
2203.40292898761,69763.10244843803,298.5973988191003,1.4291972494905115e-09
31994.06040163857,53309.60524864611,294.61456884896256,1.1075205006034302e-05
3381912599408.3774,48082.044970717085,280.0405770329722,3755.3669005476822
515975848.60587704,96507.78518917278,286.9687767502926,1.3991410631553896e-09
751464.5007535425,90651.10385032499,295.04056544090923,6.931080677487454e-11
10251860185.191479,52442.075111565355,318.41862604895107,25.971069235808926
1431.9362251470254,44762.270477849685,299.876079042162,2.285284761680459e-05
157014.71535557084,39696.4027236971,339.90920663678463,0.1238996680196993
10959.670873616471,61756.25643924804,344.389540374508,4.710094705970381e-06
333237131271.9684,65833.87212068931,314.9738700650935,4.076818844813545
56032176145.24761,108528.99865084044,296.95236173334547,4.4663161191038594e-09
19476.588750267674,109043.98216875378,333.0974552165886,1.6135696580649384e-13
514682.55238571286,84281.44193968692,349.9458755717287,1.3477019207195197e-07
40135424.82829578,90274.07488225806,323.65823542996566,1.0759694647823395e-07
64951.119442220275,94968.0027605104,292.14210457776113,6.825470353713902e-13
196855.77843211518,92893.71617422561,282.0604357780289,1.2611932889542032e-12
4305997.431827162,31749.80027325582,304.0460246930443,15.219102838860536
8448110.796256883,55536.198647105426,305.5015942687284,0.002783793359970018
76967755.87284876,107654.52433129254,303.8110034634716,2.3419101697882973e-11
2263744009.5758557,72510.11733605963,299.0003900162159,0.0004849843328501733
18595.077128058794,50447.83471428466,307.3614005817715,5.155378290676264e-05
3052.041813228396,42163.18993497432,288.5075666700192,7.001206897468288e-05
2089819432483.5796,58217.74665096091,320.2553997632768,690.5099421694665
254888101796.1201,98883.78520285735,282.02537134830686,1.2311136687290808e-07
2316126034314.501,103344.03089655295,318.62092730312355,2.76054882343263e-05
65658735622.78275,41555.7068575599,301.87645526515894,4327.06326499669
678723.1085500454,31599.896220712446,307.895982210983,3.0693129683464817
7126274121813.708,110134.25832975603,317.92162437252864,5.9422350879773705e-06
403219.63560543983,104753.2186654168,308.6640845936962,7.738243668326192e-13
759759042.0613425,56777.50229471762,330.7536168235468,0.8080732715841313
1086296847.3131213,80169.90829745772,332.60284017957383,0.000286276665406512
41399764.836796984,51073.6802569116,288.68666072226654,0.023761087665162762
389598391899.5028,71218.70029425586,326.3414467724364,1.578836120395022
8422590544194.654,68625.62680703826,304.19887983636085,14.401042298890179
50821151.11751526,50230.96415880764,309.62231616430057,0.1722767047730398
118719.53564382865,110285.58575799654,294.69718916183405,3.375302074416134e-15
89613.72244940778,102965.73061315654,285.5226654954303,1.2972999188208376e-14
410933574.9098171,80921.80324392137,341.5467724302209,0.00017585585361837042
2595.9367162196486,68197.65501010465,326.95395198437296,3.410260981448049e-08
888070.9835551219,103297.67370926066,282.2460104117742,6.983835856412157e-14
5546456122655.486,42971.60126841237,324.80134742088387,692783.0029149647
206422775.21410096,94710.80265207522,307.8492521905653,1.733437146648208e-08
23788368509.53913,95392.37280559159,295.03818428203596,3.033983718141584e-07
145399.2414019335,34136.30290957404,298.80216939368347,0.16291416181546461
747741129400.0344,80920.52362967283,287.29878550971625,0.0014202671878867951
19469359290.87134,44105.08045710298,346.9955809501147,4400.370395070688
233414.42210817616,76874.97301726336,346.55762397674266,6.226859641222212e-07
29838.59125586899,102725.08131237827,348.68612568849176,1.2070992226576729e-11
6510364122.279149,61862.507671507046,321.1939277651379,0.5697785245955536
24641871433.49701,92697.94101145548,336.66093350325707,0.00010153843755197149
3970925698594.556,78032.55486664754,299.8654574102036,0.10381923085157131
436523702.3143347,110730.09975557883,302.6819648326556,3.4540183695347933e-11
1155.064924605588,39848.177959458015,297.79523350145774,0.00011839280706629055
786402.5516129364,90226.21461025682,337.8418942666483,8.906742898442458e-09
1340066.0383172047,79448.81629019507,287.71788570935985,5.232994435693888e-09
3632812.7772532008,55166.35691457406,320.68526669728976,0.003800261602858286
9533.52090545269,98988.46612250985,343.5652863422911,8.730725959486397e-12
22624985.92589696,56346.263319494654,349.84401850767836,0.08899389573036189
51487537111.7234,72128.54984553123,293.5593955337975,0.007594784251009856
11533104816.72852,68598.01041849534,294.89956741308913,0.008058287700044792
39727241.675407335,76012.83916280052,341.10384518464315,9.507674390366902e-05
1543478.594336372,113401.3280519324,294.1889539845975,1.1280663619626188e-14
2173715.5081216455,112612.41608519517,291.90087234034763,1.5783217716881596e-14
5701803.818697394,56846.65103199368,285.7824384649839,0.00024061641783716946
6347095597.752283,74954.82657979103,286.7472462463155,0.00014325877423030286
27504.267892787535,44757.238874224786,300.4758755027669,0.0004492571245452144
1237951895.8430865,33275.97483810707,327.1808860473434,6024.82756086587
1454763965568.8796,55541.188474426664,327.03019109890454,1943.2822721906955
871770348943.3295,60760.55677981123,305.9744962147121,36.34251716804478
9977479404762.934,40182.91802947027,332.6471875384681,4835740.090812587
7525275960.266347,112973.89119663986,321.6009928040158,3.352213717173979e-09
2418092.958335888,53714.60831186973,295.7632094739855,0.0008247725265404868
2958824198.088648,76667.25203716554,340.8095076195101,0.0054833280406633746
1408818382718.299,67712.55748576846,316.3008437102793,9.276135426116712
1117307.7919440789,43809.16704969916,316.37213262515525,0.06727191967789277
76620380365.3571,108591.01713095233,341.39024624714403,1.8981213451398116e-06
2388792398293.9487,81781.90518517866,310.7236179540993,0.043960523375057105
10976.866824786011,48411.18913491542,332.2452749890746,0.0002675708357700345
971872263415.9103,73572.0735438281,316.04278579114055,0.6676501800142907
1033925.3307618197,66896.82400486467,281.16424262740657,3.8528255655278485e-07
53432439989.9434,86115.48923608157,302.1514301059081,7.043533889626154e-05
2440547894125.7847,43567.37752206194,289.9361485429289,34285.39369742802
1285409547373.9006,86279.02832128777,321.20344516718734,0.012231231516454713
2044584.0188593233,42217.3190552574,301.33269048475756,0.09837979705426333
238241136446.3623,71693.3198706844,283.67669748586894,0.015283136820944686
4036581504.3430233,103976.7147671847,286.4027734643567,4.2988656846181016e-10
95842085.85314187,56297.731062770734,341.0354014339058,0.23570873356100733
308520.00511330075,95740.798841356,281.78162493056726,5.727351506151094e-13
5285261587855.627,97311.84591984747,319.109790089903,0.0006231188898739987
224610.8683275467,85353.92010605466,284.2267154438244,4.730521150333425e-11
150399.5151450961,105885.41482309277,340.09984497568325,8.248496752123509e-12
17414493678.655235,85330.41729392236,300.7094973915057,2.667626516056962e-05
1993716683.3577127,84712.59246447115,288.02359965193017,8.6326863937049e-07
6367350125.980015,117951.39362724237,307.7067457853102,6.080847432740616e-11
3175060769.844719,66381.47937808954,341.07814696181777,0.2189191749001739
23174564354.3118,51774.15291398336,318.26394616817953,75.02321250722927
65390368523.40941,103270.1807326657,333.91588363530724,4.669063962051864e-06
1475621.050023597,118192.47186362368,330.57030334263936,3.120809163437245e-13
5563.232140331334,83686.16326824628,348.4078453240957,1.557528691208158e-09
9187.496045628177,56731.96328898013,327.5502334214696,8.544294054329805e-06
169873.34193635083,100960.40914620919,348.8869473802666,1.286318636098637e-10
1343.4795276603927,84226.8646913131,299.2909578586032,2.8001596215230645e-12
562202504084.2196,113256.60726109527,282.21462942994947,6.028603585033237e-10
113407078043.15657,40217.048781079866,308.14394590948393,17358.923768739667
121098279.59743606,56693.99620920568,324.04222929314057,0.08758588434407331
2891733.758319501,77242.14662834567,344.0854492444871,5.583203756354017e-06
7550.970411949929,55771.49233772811,292.91268304874967,8.611778263758353e-07
9002938.336630555,38699.1423470023,303.26422901598966,2.035766868812516
7853.718105643811,81609.90957362033,317.22006441681776,2.898995797501319e-10
440640.2527341457,54222.46062125891,288.1186983075229,6.703124781065541e-05
283744002.70205075,90158.06231421288,333.11211075057156,2.0491852817246922e-06
6021.356435320996,112090.77434166413,306.7217689377988,4.916252405045571e-16
1007846722.0646772,93733.57311375425,332.0976771244626,1.7868937943688305e-06
6295.598176262298,30826.83122971188,321.9087079788612,0.06474904460727061
6596896049496.804,119578.60622088709,321.9837690171335,2.62997419606621e-07
4219937.5329564465,107252.20307658646,331.6560103543906,5.613469667160145e-11
1207381.1824438935,65140.493361698806,284.0095336145032,1.3228489784422715e-06
173246118.43001503,77000.63235292783,325.1334832376324,7.539921522522108e-05
491048639.2440847,37775.55327356152,346.39708711878245,1010.9258653251649
1281.2682686750222,53451.263547286406,324.5890596363079,3.2358340673630155e-06
2693.263291338391,86722.85506023398,335.80963461352513,8.572685089082766e-11
82701827.31139113,39234.73554140695,289.5197583596143,7.048645381399218
50628998.66189409,50589.71917954761,289.2746282553511,0.038822126513152276
3525382959.6409893,112909.08860899783,303.83304596819943,1.3828943482501463e-10
2177646174.055963,33075.85669957852,348.1088468731692,24324.875260511686
19201324.263004877,116327.19966567289,340.29347860095794,2.7578626570965316e-11
788926237705.6838,93304.9344201916,308.1561265285206,0.00012514710680123993
1194575947483.8884,47691.994566205205,347.15206068214735,79494.10105179284
5151.492764900388,94963.90509466667,331.65064474926777,5.782998815010757e-12
111109.74458603266,90090.87624844124,340.0740261685895,1.635408408561005e-09
41806924.222645,100532.40647131846,333.1848452096858,7.145968743024789e-09
63740.09183147052,56215.14245510228,287.12053854851206,3.88157452002294e-06
13313849.189905606,35683.94028335023,349.3344713446906,62.97107934410631
215566442.46710023,106046.9184863325,344.118232266384,1.7846886083212918e-08
33402.65702915917,78114.49483425944,349.206810253977,7.161323617670489e-08
2651481473301.0,92783.02186108383,328.86595222336274,0.0049865692675153854
136455.90359156035,68712.49424244186,327.3656331082124,1.522576470481041e-06
8788.454937479319,96249.04755699373,309.0282026340249,4.633888565778136e-13
582866060.4186182,34201.95947278857,304.81797125427823,803.5550939202344
11958733.055652374,89827.92092036456,316.3072833140192,1.785322516771146e-08
99887621518.44543,92872.51983300548,316.8334358292842,5.018533572953286e-05
288045246.2252353,89131.24243631301,322.3173777793291,1.0311014262368228e-06
196333379507.5444,88921.18128574495,329.2938290564842,0.0015762179309598196
67906.32394512554,109386.85295788501,301.9058811000488,8.113836119444907e-15
35937.29945339482,69142.78717027565,300.80783418900177,3.556803823734419e-08
1334.8937621433756,100351.46944963218,346.98092681269657,1.0679408170282046e-12
4360.473923542502,77690.1779520672,343.98760065117926,6.825006011295818e-09
4494372.759965765,102234.04926188044,294.970449356778,3.4941257284475468e-12
4385151.940930993,84798.80354490524,332.36037061916437,2.0868327290293106e-07
876742415895.9609,58703.033278860996,325.54275795952276,328.7964275068066
10716.73674541918,72999.10336161798,291.1958626252636,9.028104029402959e-10
1184.300392399535,115825.68417172218,333.53344493388784,8.878709887083395e-16
205862711251.63177,97199.35867403467,286.7800407634571,4.2054150366167835e-07
119300.36805062463,74727.34709744834,336.54901058641804,2.951141490472727e-07
34704.48683810314,40051.68126932742,325.6957042010921,0.012882268755009271
228942558.226066,35861.614243630494,347.5082132769819,968.9646863840613
2465.9326648901288,113933.09294443682,338.2953421823718,6.193475557505216e-15
14852.34238705113,88285.7163949182,343.2087233831638,5.598123826895927e-10
387152178.53877497,90617.88714220715,327.64981553254745,1.393073287543499e-06
3472305.9491202254,51971.757649458894,318.5369319378498,0.01059386331507801
1758.0065921500982,79919.00429025094,326.08021623200233,2.823842279668117e-10
713395.8787966283,92350.70414990954,310.2172414074869,2.0321452920380374e-10
62407906136.49079,102569.31109506148,295.8905462543374,4.8551028805471864e-08
36847897631.29248,35500.678654388495,347.6640802660763,170452.0319803814
490557463253.129,95786.0604493766,298.43678957614645,8.287445102083363e-06
29014607452.279922,95933.53972307214,292.3421418901974,2.140093704747898e-07
19740874.80970956,52893.734274073446,293.10068532780156,0.007507844460253148
13776.928510957745,76417.04271317735,306.01643732901516,1.2726018385416858e-09
2156250.905616375,78062.4221458475,318.3522966520836,3.4176333768882444e-07
69907.9728699937,91020.02131579159,282.98767212536984,1.0988367895680694e-12
597060.7588406431,114038.16367902052,280.9013396567112,3.848847995044287e-16
8978577.198777754,92191.47178559692,317.6784617021963,6.149338525364838e-09
15949363525.568018,44497.779067459094,335.59607096487105,1957.7723372489372
3199989.930099521,61401.169873104096,340.7364941117403,0.0012405643042079078
4022.456235244608,55529.1288599407,336.67016556549663,1.0011572577006266e-05
102434.09327715897,67661.0073960929,297.8222659379063,1.3903063968509958e-07
180876757289.72635,110917.12260851932,320.3708912902314,1.4924486824962983e-07
20170065.24410325,39365.580770118,292.99206064272937,2.0130454172856878
4403453591.569075,74285.33625388105,286.55050454727285,0.00013220649845894483
5703344794.029156,93105.6062448702,289.8886229010442,9.864094387527089e-08
59598.38531737694,67956.10060863939,297.0429701368606,6.987322909261363e-08
30292410962.477573,70777.57180507528,311.4826029929662,0.040899425680995645
1730187.1604555682,96420.67990245711,311.5507539024052,1.2367275783303132e-10
3382658856016.3916,56810.92331430771,308.51242910494517,846.9220517774132
2549055658.7399797,50763.470253089195,346.3576323360902,57.8625805794102
1577527228643.7883,52166.52152863376,288.48329925074916,560.8416056769139
2250658023.708871,40989.81100577347,324.1504994483095,584.3766250437294
155104.48844202454,56013.92370187903,317.95779862283416,9.722436669756213e-05
8473381.519376533,66329.67588018609,307.53118816203346,4.659676807416616e-05
966715532.0430667,50399.00755734582,328.8820164862237,9.488327348273666
14646841132.143362,92517.50937476818,285.01109475702066,1.6703155085715398e-07
189201433.89068252,63977.80419045388,317.74939360083386,0.005927228937020606
10693259.09728416,105224.11871611261,280.68315533841576,2.8324818740213176e-13
4756593.235417822,117221.8882027268,316.2070723506209,2.0572179697113547e-13
2209289869362.047,85388.89137826592,309.6037823664104,0.008794222741301011
322417.70823564375,73289.40482936386,346.23430416493943,2.8536626484403236e-06
24094.295168230838,55933.38056422261,287.4255073728032,1.7056729413059748e-06
87599.04555445522,110627.04808658965,349.2801858640425,2.6215021111434493e-12
4475.42529787045,110226.48956267211,329.5088936350435,1.5732503273064414e-14
17016.87325361302,115672.40115341499,284.58147919516165,9.872233197274084e-18
1388.1943774738322,114662.16729152737,294.1359057730741,6.21691293056838e-18
1720.295786097389,32531.94219579362,325.0144742152299,0.010293683818769255
10461.65738024355,90223.52068436341,349.820236696889,3.473848912010583e-10
970466532625.7946,35156.067650115256,349.3392290376133,5466342.027606487
689397530762.2008,66676.31065698797,342.85844621362935,47.14733984626105
3954596.222541259,97011.08083340955,347.0982014836395,9.968472112430839e-09
23148.383149815665,60316.86823240531,285.0437203469412,2.0824333876379717e-07
146834.47635942648,49820.59649571703,297.9805028330656,0.000284114881475355
40529604.032655284,69726.125061554,325.05883490781764,0.00026399142072540876
17999.294701063453,87663.58382181945,337.36120808959413,4.786393922496545e-10
14264730.881193709,50487.99285699973,281.2779551401206,0.006188150236752361
425063770.2758707,78096.2752505232,290.67854271302076,3.911414167531455e-06
4624632237.733626,118627.97499223851,337.77167885694945,2.133461420859083e-09
33832.365985753044,57168.22064149329,296.009834178162,2.739990982219644e-06
13499.175154646739,118228.74381783397,301.5776816509182,4.4443757504551767e-17
2937.771542643017,46699.96558285986,310.9093700949969,4.3838398665717005e-05
5547251559.241399,98024.3127441823,302.6215724113621,6.94702297512179e-08
57555588.11203508,97495.47823338116,326.76671298999645,1.5601969910671727e-08
130601029.18943816,63973.37706555771,297.5189316231022,0.0007806942538852525
454418358.8318675,91716.61047482517,347.52755290341173,7.616267554331955e-06
8554503.075552994,74689.58655131064,293.15684179614385,4.2667517444736264e-07
414330.0061256592,92608.1747162682,340.39192152436084,2.5019452277787563e-09
1953.9770147772851,88591.2436459648,332.41477329710926,2.3927786805234525e-11
3702.404656681455,103430.83407162466,330.51452385686946,1.6358382636762882e-13
363023284187.5552,113472.1019523801,305.87339721993476,1.541377959084644e-08
1007571337.7529215,38993.67026660911,317.41349691221956,380.3667793664925
451652983.9577019,30009.341192718537,307.5959816127556,3754.598447378958
60159.30813071819,85048.7546841832,291.5408526278265,3.603865755513183e-11
478216639.4259884,76709.14308409547,280.8534797066172,2.6028917472516458e-06
2607677410086.1377,102516.64477837482,300.11367585507276,3.9204685628831564e-06
4767023891.349929,99881.2137754929,328.7292875496362,6.386857677668122e-07
3484.702329213495,72704.51774254753,326.48137953495865,8.469132840414919e-09
251203677403.64636,32110.515328804584,308.1113687095622,896812.7792464162
930675934.3082479,40064.633223148325,315.48104223551275,219.07242410986402
1944251.049985157,33305.02364947609,343.08657448659494,16.684915923376078
43567.48717646041,113291.28897492948,295.9554357088584,4.371087741226537e-16
544385.0533914494,68707.80010984789,310.03386775587694,1.4920126961710064e-06
30082097.644729707,68834.77207631749,340.8499686860519,0.0008737967089651539
1173694.6484644285,78612.94946146,341.4742635660296,1.1113045804326013e-06
364158.5507042454,46767.221095738234,337.8255704450737,0.021171085679932748
2634138229292.568,98832.88269515193,302.30390939676937,2.2816937666978726e-05
1048795986125.0695,58467.00583138446,304.9979345794995,100.9608411302939
3387.9215740242616,55533.98083564144,320.7640985391757,3.057030201838789e-06
44430.237213477085,56312.0003180636,345.2498645221481,0.00013404862251833582
5411292.871314911,83741.61448624218,324.77394589920834,1.8991056315251936e-07
5615329.304225989,61211.47581643355,305.16675044638106,0.0001876065987893579
192287.74390813304,81423.28279613607,331.97345314565985,3.036193230776468e-08
1639.3622312859216,73945.4485392514,323.85486342552065,1.902946215733381e-09
1518738371850.5913,89160.54199713263,316.66363930818096,0.003121168006146101
3578.1000143383476,85747.356712407,324.14544001726074,5.5989912361006997e-11
22788.64063970004,65362.45519963484,315.0004371283044,3.3085573310270065e-07
4879125.776182735,71549.70937755302,335.8390799263286,3.691412712485302e-05
42723639530.85647,116297.74866376113,304.77475226072784,5.186311470788004e-10
69238870.1850675,62750.81709585897,328.1641443123374,0.007362236580053812
9134928003168.047,60048.535089588426,288.7025073664786,123.8162122551919
1011660272.955938,74597.81612160895,310.8866528048048,0.00030036250043202696
1110342403.6027052,49816.62698929046,308.076136112725,4.109469701366051
1781729.4220420683,53257.08689442492,312.6212256759343,0.00225155767537196
109314005.3788016,78193.83849754366,334.4828974367141,6.627088870789836e-05
3715125343403.2812,96958.05927998539,303.27217062612385,7.37336769254939e-05
4012873284.6955123,44096.21014121145,311.3061492970943,157.46295145632354
79908302.5045804,54661.33453526038,323.6706407560914,0.12617361012102088
89667424.24720721,106001.53408113708,324.45327864556145,7.588896535993175e-10
9812679.396970818,64174.372642981514,325.4526376619263,0.0004869946462866868
4724600297522.093,56794.28421969368,283.58622279519113,163.9574054668747
1210.300917047364,89998.94458029172,326.31089019573176,4.973388032490721e-12
14659.27421312815,83043.39034618466,295.42049143975237,3.083792750183008e-11
43185457.8524004,100296.94705084029,342.86881550577505,2.2886193611987835e-08
849488005359.0879,94662.60248151392,337.23250336009806,0.0018762209233519956
2217621226.561307,107467.56196466406,305.97569439405646,1.0268916606484003e-09
129302870.37966627,94451.5827862836,295.1462627331621,2.5593117599131646e-09
19228719.114596535,39882.17276248616,343.9301678275431,17.64650142633222
14601.793649389398,41988.47872105618,348.59713168986946,0.00763523909632285
15628648.054276014,51428.29341664012,348.90714028963794,0.3225903095428048
11953588.618177498,88986.19456008798,315.5040517434887,2.24094484821401e-08
1133475239.2510686,38893.39339220481,295.5642646973427,158.30342576050273
273439181630.70728,57002.0051542661,342.11432396249086,545.4279051645273
87533202.03300016,75173.50255829969,329.8655583631427,0.00011251999885937718
10568936.006637698,57691.823087136,335.3097048615692,0.011078333461975051
89628.88968536997,96440.89622012893,297.8288264243154,1.120175936165826e-12
8642622242.005743,53954.98403783122,326.5871738205903,21.18399838662095
45101.422307935165,64400.54441552481,333.57427361034826,3.7424524291023045e-06
16309561.372445032,36654.12143069112,320.2848229647894,17.507974530540135
101354020860.06456,67165.58089966305,284.640122431859,0.04824121623056252
9770.157758850011,39762.27458038576,326.93865077446173,0.004263194748742348
1531638076604.2122,101291.96254287248,344.5794392175342,0.0006766031010494014
792238142717.4707,70039.13723967105,336.8052811098671,10.677195734132287
602168334.7840296,78542.78033001235,319.7435993247901,8.999562245456598e-05
3000056.935581097,31071.79540543189,283.20353992517823,5.7362245624763535
5763448187381.205,85632.51739484548,280.792467699669,0.000707353058509344
11649.797775061885,49031.56753272927,347.44478260504843,0.0005111471192512925
55663951.04364854,79745.41534098262,324.07846440603157,7.72688222431846e-06
9815449744.13442,49360.47878573588,293.68159739893105,16.047366631450178
13452.434838322462,68167.6651336871,288.090324144884,5.8187250584829555e-09
29132152306.35674,119690.29050896515,316.79737666108394,5.484412996464734e-10
41823449.237072974,117002.56949646347,295.95097341003793,9.149136315775928e-14
6602238673.901717,75692.10609681111,315.47845293340515,0.0020071602520274276
90199611.19080871,41887.41185997013,319.08423411345996,13.044719744178346
58941352.1739145,31988.661458731673,316.30506596125906,319.12340988155876
537790629.5482289,82532.78287596996,345.3551444699795,0.00017402906810324187
901450361398.6633,86022.32942356163,315.27074037475717,0.004946055199246393
1419.7729723473544,88801.23163802837,292.7229353766911,2.0043054706980118e-13
257426.71360700752,75865.18898728676,344.8629657798649,8.249127654262118e-07
1620.3861890149828,102640.18048714651,296.59670543680505,1.3591599743514021e-15
781819638049.8226,54163.83670926577,327.17600015583935,1763.7199730473549
773948088.5680165,82042.56638590843,321.24451345672696,3.6908322327531155e-05
54132568852.09722,32490.432153379796,334.76468060809844,457554.5874597805
8372336584.428254,45781.83298266085,342.5302285186068,887.5917394839486
7106484145424.896,111194.51510749731,348.5708764583269,0.00015449639749440098
25595323084.722645,67131.94770679993,316.0031807904406,0.21297320463745856
5338.334991781382,84758.17994755635,307.1410697616932,2.0966117486081753e-11
152597.9101809673,62087.52035197831,310.1390280360313,5.313387712059832e-06
76524.05812885973,110329.09642109499,306.3128944021612,1.1587949367185655e-14
28243.986882862606,35739.02031558512,337.13924754695586,0.08357772451599775
16299744.620126007,40792.05931865714,316.6807887688166,3.110357954190843
11785395.772065222,118029.60727535676,299.1860943634895,2.967542020282046e-14
14586710.065202033,62738.73985494126,336.18374319533734,0.002588939862633239
54661.80028422018,84044.74577228248,294.25191565542303,6.46402131002622e-11
7936.079542806447,70910.5644490702,305.59584655947987,6.0682556318744815e-09
6608450.022470638,113388.61168139536,344.0725955739,4.188354453958242e-11
913958.6469267759,102104.53291428353,320.78595936385796,2.1978467547527877e-11
3077276760.42721,33968.797310225375,327.9573654737524,11993.49093316017
4637842185.993152,75161.58948143275,306.95197028663426,0.0007712550509348662
36944540246.41368,44844.870192046044,280.34900141923316,167.34139233908078
27077532198.76706,106987.92418153725,305.39614231241745,1.3422105804638377e-08
81534.9660410333,96935.51107155372,345.38002087875935,1.8495159107517382e-10
17911.142914859298,73793.8132776866,295.7599826586972,1.7030600060674688e-09
203409537.5680552,68336.83620883989,339.89472637631286,0.006521965890453149
6221289070.653282,57786.81159309967,311.06187910558185,1.2633408395596701
3455726.952611886,30068.83415455312,319.52301476321253,43.12173465407799
57836.77826463645,111316.22021492438,290.8958958510289,6.129266881310223e-16
4752111786603.8125,50382.789400047724,306.3612483463643,12342.986472592904
181759874340.7368,101368.91338404028,333.8523691754971,2.465144264635931e-05
274600799341.11148,115945.05861310326,323.77228013418943,5.337903014295088e-08
4047696582.378359,49998.77308944595,299.29754509502,7.980299707562561
4519643174.818353,96369.73980768168,301.4785257805457,9.428083994251928e-08
778087266789.3066,84236.58375865871,308.23314779658773,0.004224711978159721
229487305279.42444,38459.046528562845,318.2960140995956,115500.3837044842
880948.8781455971,33781.07082407648,294.97179424565655,0.9511165292061229
6877732.7000127155,109762.37099254497,326.50171773878725,1.9399871303023447e-11
48271.675302494376,117475.05926415762,330.74082443057387,1.3722317499129776e-14
786453.0338951923,73745.8641938402,339.3565636902354,3.4776506527725753e-06
53579.811026773,91569.49600587299,329.63353439340506,1.7095720340094607e-10
14205.749104991952,114785.2572997207,334.533646576623,1.6712476092403242e-14
6270303.650186969,57526.87948228182,334.61113835558047,0.006513215908453927
71287432432.90439,78738.09796413919,280.55668841005684,0.00015293478217461647
1041520850.8850251,80783.88156172082,317.99261631787914,5.7987989918711915e-05
80774493.2416049,106346.11198694135,330.6491199696406,1.2695008088055687e-09
113263479349.72954,66257.60495961661,288.31635422318993,0.11026103275709036
125050871104.67888,107851.97927244367,337.05036109467767,2.4593825962091745e-06
28011501390.31789,99728.44631079689,329.09011780573616,4.1125975639804686e-06
3274968756641.279,84501.11914197696,302.05470646821226,0.008018003061651405
115964610.78655869,95022.22451706213,286.4149166669402,5.37563174629349e-10
133450811.33908784,117406.1988934139,327.8915133932444,2.727143958217432e-11
15742436.005223649,31122.282904908006,340.5939454822858,271.68301790583337
8268384381310.98,63392.072705620114,287.2250461866462,24.73105420830427
222406.94867937805,55110.40287746597,300.9995383163101,6.059186217963053e-05
26314624203.039555,88401.61038186276,315.2143274347288,6.092417831131115e-05
19984352768.60651,101825.73644345961,292.1272101327372,1.2310168219317334e-08
241765.60041199712,56940.62641184789,317.0625903763522,0.00010062026250116155
24393.626185249483,56752.038096148244,304.61586530155955,4.6563465651436365e-06
107471.29443312853,84728.41950857715,286.4221738290019,3.8328621014667835e-11
5650143761756.649,112346.32113627202,325.2180104732129,5.1634957840166465e-06
649690.8275454292,48477.452361023774,311.8202501794071,0.005141520488507001
4581347.011036814,104384.59486548683,302.8036156239291,4.6487744582850846e-12
14675501.212309122,30591.951146114763,282.2577600825523,31.589912210815886
11724458.544528177,108410.33368442226,285.8563996899122,1.8190367373268086e-13
41663912925.23614,73565.07850329333,342.35844644383786,0.2539663498236146
341389.1103600136,77620.25508170328,306.0529437850066,2.0008935676333954e-08
83381747.55791217,69806.2261598786,332.60444897428897,0.0009269588973428802
1190346741691.7385,65786.71703593843,290.9380280450018,1.8615993882042836
8103944446757.423,48107.52154124227,325.7945089248506,158397.42223730314
578882.9659930521,65433.30223998949,289.4531630900262,8.925745790233577e-07
229912.68603765545,76097.48566859582,301.7446786586256,1.5228556216666992e-08
1059.2803899306277,61483.56763062581,326.13260044558626,1.567697354761255e-07
1757409404.9551275,77179.96341492221,304.9324277915958,0.00010510025757665593
110592129813.61598,94078.84080461662,340.0191198552816,0.00040848364934542694
402660925.2864483,41680.64204127022,340.58387614137274,167.69673859693145
174239314.27198088,115377.24622164918,296.86850152173866,8.63637332839943e-13
244956040235.53723,101921.26201772105,348.33469916946774,0.00013223123730423975
13065.233596608023,105172.39741133476,332.743160766086,3.972191226218566e-13
505981228680.4044,113892.35716887478,320.0416845572047,1.317225377678351e-07
179741918312.3571,105796.97623952276,347.59045621271645,2.324532040410865e-05
1852477.9496747085,30096.8628921184,300.84964662708745,11.392648710720033
7969.985349485137,61917.67537682707,295.3171460969701,9.231652779037029e-08
414199.4198678006,48619.7402160647,339.39948634241506,0.014286133118691029
1832489102086.3015,81284.8158596304,286.0976130231289,0.0027379464783236726
258820622322.09494,72200.44708169234,303.50581038064416,0.09701729876769563
27380411.128075033,88714.08572868019,320.0103642579808,9.121361877620044e-08
28961.70024657246,60393.66055016802,342.9788188609973,1.9204836225073037e-05
90799938.50674084,80608.36154425089,281.1049808822328,9.489507492846623e-08
6148483666.844747,75823.14639743608,349.930869875369,0.03023582541925909
57376707894.48501,115396.49972204295,335.81081695515286,6.511412751757703e-08
8029501345.5329895,80953.3278819809,328.73664265905995,0.001153709594536069
817982.6268652636,41895.852630556845,289.6853514500331,0.02388586036882597
302162509.44869834,98832.50136879164,300.2791710685278,1.9285947054624837e-09
43220888013.41081,86183.62464123464,311.38785428906004,0.00015177435635820518
146264062.1925582,43281.78058984784,335.17853823822753,26.041974672568756
982535459805.333,114449.4764981754,345.493705219297,5.073509586516571e-06
12266708805.268915,32986.476032833816,323.67406379071207,60795.17644220117
240799358911.84772,84517.97912907151,327.37191228301054,0.008015351618010258
1737.932395207441,66056.89982748622,284.87436380302427,1.3838256525309696e-09
12354842.449655434,34993.50569357975,304.72684028527243,12.534873903340928
6803106.684640133,51067.87808203038,285.3648006578782,0.003125966412749142
8898197102.754684,116012.83511881008,342.3896059981895,1.854163869189567e-08
8386760607128.273,106569.18952852474,308.62548390978776,7.5494053466559286e-06
22323622.533106726,67724.32559259394,342.6864366820856,0.001066021299460656
4595.620014589802,83379.56080085566,295.3188184121696,8.219222402060205e-12
28372.17447930799,37938.713826535946,289.30401004071774,0.00409300555282912
213508329339.14056,33479.52613738124,315.482218370094,601449.0079065482
11573.924812055859,52753.117554460136,321.041798345323,2.980231808164991e-05
79644.12901108325,105310.22785849379,330.83872750001325,1.9144655702624627e-12
340142.98706831055,95354.05246708656,305.4573987399185,1.7338513889969007e-11
67130437.25076781,43212.73870140912,312.21299223774366,4.057063951628093
64172190287.32516,31147.046467998807,340.2740687092894,1092815.2650117555
65098809.41476361,44370.52606717054,286.67883864624457,0.5337157321608673
61662094067.87475,72868.34666075328,305.51428834783223,0.021846120212272818
203722.69225483018,102350.35238491559,282.9067108522904,2.5985147141714593e-14
26664498.656285882,73487.95407092886,318.7673110169831,2.471907337327279e-05
128537964.1185939,79328.67347128474,303.66343339735306,2.91454695967185e-06
220771417.20554915,32987.686179984885,325.598356867454,1172.3317454432456
278553618.8929931,34386.37431406419,329.67351748926626,1003.8641030985033
829621196183.6274,102872.93958329441,342.46904601162976,0.00017292323437395914
632845.7039793486,117252.91538892493,320.4873760501499,4.996351629379867e-14
127563276538.9354,94065.01743053355,343.82805409409184,0.0006538047814058738
7880363040.085857,109903.04951511744,315.8120096496382,5.318520205623579e-09
9192880007123.693,61452.880294263116,322.77677412559103,1049.5007996853237
26928977.807764757,49564.08550582548,286.2591379212889,0.02546434236193472
121977819.99045102,55127.82750258541,288.5435537063778,0.013334918409661393
702490441.4360223,58744.46808896299,283.5562440950321,0.010809719265720014
539563414868.39984,82062.30053942956,306.20399186469297,0.005505926202653129
14642.397876414498,57871.761106888254,288.6225752584418,4.955790188243475e-07
1901578.1295808277,53970.20161161825,283.31752803734395,0.00021640708420083768
334180614200.9663,33207.51638251924,315.42156986701036,1093057.2889838684
2178316109.89252,87299.00068249612,290.11207822544293,4.2851466958921365e-07
435370241565.6875,54739.0418308534,323.46055506230164,653.4681048947358
32577574352.311584,32970.34884749319,332.04793516743734,216184.42445347868
8167253.482324966,82754.13720100952,312.8411675432791,1.2522250876906298e-07
240715449715.4196,107970.57847993256,300.8402780805477,4.322220472274721e-08
77181.08887907556,30834.624758483056,344.1367863012145,1.6825761432268822
2636215.730977108,84411.74703516139,290.44844756156664,1.810744628871333e-09
225487436648.6211,58687.46989040033,286.3761492382764,4.518134300494682
108255.49779955635,47182.54797915617,304.98160135080104,0.0009315709870316877
305518.4779499306,117247.91702122771,310.8357620924768,6.040579980474779e-15
82244512.70549351,94690.22738469162,343.2204329364459,3.200140674106002e-07
68213492706.132805,63310.113674433065,326.4656665138298,5.307973870219194
83820144.73934643,103249.9512371678,294.08898637312427,3.9599238518216786e-11
199352280.721672,96371.51050819215,312.0270499214399,1.4749483910961909e-08
149248800.89596778,58570.10633002747,328.35672904581025,0.07314880304015768
34178427.87824715,116117.49072991998,336.5854733645975,3.3453263752713886e-11
304858033841.0358,69878.77862259542,302.4549738461805,0.26343406934413327
760955.4682573294,45650.50542202765,281.9213412326918,0.00260759549993238
453357712590.2082,43059.729734797336,306.0452699883084,20141.635148037854
2654424586804.3804,34460.79880290024,348.0675359023236,18404346.739542194
8306947.225418918,36382.485108282366,298.4659108623423,3.4950040060230307
19199137.125183895,41206.45758659989,284.5232290859457,0.5352736614928125
671102.7719443745,67464.87176312564,349.91924179438695,5.8034874553211134e-05
305543912.3219005,71419.30975888844,346.4942855300161,0.005269047342064536
218297305.0677455,62437.24927649392,293.2462904758947,0.0016278368466196996
270310.5986703207,68378.47694048556,294.2061799093647,1.9169970378085107e-07
355343358555.13367,99849.3985108546,324.47980824509835,2.9877401224581776e-05
1064987.412453577,94873.74774068753,311.6226266096217,1.3278621240832993e-10
74573834.36864758,52310.64830139635,310.71083607054953,0.1236114417566601
1501632520243.0637,38554.553364140425,325.7115581711842,970991.3420689794
370346653510.18896,55649.001231914626,293.01401309752276,44.02340770589587
1515.022186421115,107124.23302883901,308.458474023427,1.1387495342208954e-15
75542012.03643465,110861.30894420485,298.9648931736651,3.207654770612965e-12
1072211534.8849648,115046.86028505942,280.1147783033863,3.8752595467158834e-13
5228581803.991925,92427.2080367714,310.1878297466327,1.4867474972579276e-06
121425.69979854645,92675.68043260188,317.53417613851616,6.841770507304258e-11
3833307.704479731,55047.18425845375,299.7678572534201,0.0010168976368097155
74118851270.47269,63355.40616444971,314.68738273408195,2.324367600978164
843624687378.8982,92036.5417958165,288.90783547787083,1.9695651322131788e-05
1015551684.3249338,90725.50423879543,284.7686337009603,2.2733042502324445e-08
74989645.39852035,51696.25385066038,318.789636206927,0.26436598733020955
195016602.08914903,63676.9531089165,348.5521693392216,0.05525484296440945
350911.7281557566,95318.25733752048,320.5414911964443,1.0403005636400645e-10
1916789964577.4104,62198.64808982412,307.81061484385197,53.935001594482976
26652890.272802606,78830.36025328547,346.1984455735542,3.388895645745569e-05
46422669143.19557,65647.85192821501,332.21004742712034,2.27139543913846
90311.763640728,34188.855192400115,330.307480797133,0.3675050530319396
246842.14682076886,38863.17483193988,329.7269763585123,0.17804592555311508
307651024038.1739,68838.26533266161,339.7490259808012,8.196457685159098
12222.905539687794,72868.73674721463,335.00570246649346,5.5110803044304564e-08
30033850.57749484,63558.98194460003,339.9926763582478,0.0054065866866041794
1458923795242.249,37785.988832860814,336.50342842651656,2064708.1808661274
2054660541.4038281,82628.5480232709,313.9042059341656,3.694843887342378e-05
1054518.2470680315,109158.65501909079,343.99903481058516,2.800709937006257e-11
436913346427.6256,31243.43863133899,308.4477084043259,2318027.3869845397
32300398.144093573,73938.1109836431,292.39007142104685,1.9641310872532414e-06
14769.47507177834,93807.03564128577,315.35229863717785,4.200499648636891e-12
2036.8922472665038,44864.486609792286,293.722058401504,2.1620948985830686e-05
91514265.25398342,41828.571497190234,302.49628383601464,5.587560128206489
31731728.875436254,34153.03456062516,292.4093786764939,25.668656272181394
3219139884.732143,34340.336409580785,295.63960151544137,2834.718829240838
60943370716.04186,59755.45189734295,297.181071837118,1.9179801383283848
6080.103274597868,114028.42275454807,329.5645318290222,5.069293806621865e-15
375337853259.10394,77282.2429765634,283.1492913084531,0.0020488154115318267
12352633.31133302,87198.10558139862,313.7900062924718,3.774424517578639e-08
1651994.90104961,57598.875884278794,300.4497798207581,0.00015802889594363355
334814925133.39026,68210.08752400093,345.7643679266894,17.296715205822295
1063.5157697964878,44310.53965640764,300.0119743386029,2.1291380342577362e-05
161269860.29933682,74975.20447495638,342.08708040451734,0.0005655573536172043
27085002.318478312,48123.00783694937,297.7366484790729,0.10132173213664185
1769328803.6266184,106765.78358827876,309.28844516473373,1.6681348122480422e-09
23759004952.654182,81406.46172541613,340.8158342839291,0.008163410436855534
410571020213.3809,32284.52984869826,292.75035422051866,713639.2139601439
1596.443279677752,58114.850829696625,333.1692909090504,1.2763980959227703e-06
1632873755.7567706,39234.534198439105,342.58350685588056,1670.9859097260291
1454.289687374098,93601.80681379563,280.08547061610244,5.246473690473786e-15
412648411892.6598,45788.87340315705,323.1320670582613,16908.111138014836
70510042742.41293,91941.6533528124,341.23362648358454,0.000597650968366057
2850.8389282224857,84179.0194963411,321.7135321998337,6.146623372857116e-11
5525936.222241158,105144.78698975856,310.70039452608546,1.1954800786804814e-11
19271724416.340927,53647.53097298338,292.41515351427313,5.161352991451159
1094448.3721610573,116297.53918098462,321.41030452099096,1.3554542037603839e-13
14813302.948428955,105852.23784845065,312.91453177373666,3.2430099285649386e-11
22602774403.857536,44786.37311772727,313.4127427873693,800.0313341651354
4159.5896845991265,87937.22576261719,312.2609413353122,7.998551733665439e-12
1477804120528.249,68147.94904517055,335.9085516464843,37.48707405913415
78312.32765790136,56593.10384746334,345.72642245331997,0.00021758391559375775
5110139125812.95,66312.44703544598,293.63869050987756,8.089650466018854
10506596.44024619,59543.73355569174,309.5582888933984,0.0009750943269600174
271397424456.16226,119391.79114321087,337.221725055708,8.742200333426862e-08
110733402966.22102,107458.25161968678,307.943232158656,6.806777463788407e-08
1282156576759.77,71768.0925293492,286.55335929330965,0.10449259849923842
1366546.6262095126,106453.78320698306,329.61996184329445,1.8640508313627612e-11
25308554.215472013,45810.009311189926,295.97895569103537,0.21712997517236624
734535819618.4027,45646.55965575348,325.4065476022708,33875.95945091142
1708833127820.024,65645.79159314279,338.97621910828,134.34244270402922
2409585.556246419,94091.31423807162,287.1650610803719,1.8203261226144524e-11
3946.046358021017,104599.5071538157,332.0686311022467,1.4505800384278363e-13
8261.50112769014,43824.28923426835,308.1907445036956,0.0003087047546386229
156372551.02679607,45305.80689442793,302.98303378633307,2.4709827435938894
47959819837.19729,70340.50052272365,328.8540579304631,0.33515690284036737
40682654.53554128,85817.70838087652,318.57694731195176,3.5295915686272816e-07
2764.8653344639592,56531.89670427282,339.6844034520261,5.673733126454823e-06
95896594.82093689,35923.25206107069,325.35997473146676,171.46762373174064
2248.655666237904,93294.7300294172,281.81081303885185,1.1662139935644701e-14
665235.867006691,59127.68546212261,339.90319970048364,0.0005622199486013623
3450545.957813945,52243.45127191358,285.6448585201214,0.0009476264347016269
1210540797.700543,65587.82136044638,313.7064572959931,0.0150565208669934
106527.81901587844,107605.23048332045,296.2666464705757,1.1882344992563108e-14
23760648792.78186,96585.74013361314,313.4489875860716,1.8820232488901033e-06
47044.5973016849,94028.50539028284,294.5817890533417,9.814526014407347e-13
24547.114813655913,99247.51731263433,306.3162877454128,2.9241638706446655e-13
871504294.6176243,74833.02115860218,283.5712697128679,1.4939973235197211e-05
62374.37979968107,72914.54657507644,348.74132944623227,7.745876858018776e-07
58056.845019603286,51583.09635712158,321.79857120521797,0.00025512940524647856
138452.74109774313,50003.042279319634,333.6641332002897,0.0020265580938894174
1361817702.7387636,116485.12170546777,332.9694728967647,7.122488879211715e-10
5561691520.2307,74936.54837466744,328.7308173193162,0.006794653923657463
5488328.529279808,54617.74202925834,316.22665636250804,0.005430452211358403
28275.812205164173,79875.83978450354,291.28214644362583,1.3242027041745263e-10
1144862660759.4944,69461.85904045463,338.94048413460814,22.714760058861938
1455856267110.9087,111984.95840373093,311.65303543342173,2.534676389460232e-07
421092651.2400909,66822.00429017963,306.266499724797,0.0016856987436075824
3053971.621064065,80116.89169154133,345.36219086179307,2.4181463856740343e-06
8592201297360.802,105273.7339674323,309.2832091635478,1.4185630147541283e-05
34371354.21477931,53360.80892197252,341.9253742424787,0.241446118692093
11398.209624790323,114334.3030882717,345.89481586551705,6.343117070071732e-14
3275682.164743844,46495.56320890717,337.42127287922665,0.2147778494072527
6457090.164130683,97198.51394142472,334.9864889503874,4.634125482423642e-09
2173.1630635416773,34213.84091319828,297.83391435492183,0.0022498535957450917
2117000132.004111,113685.34459518442,318.2868652391633,4.760169570482466e-10
102747.86749968104,63548.24850302388,320.64861105617365,4.7187033241890146e-06
428253920.7477053,81606.58787588953,311.6716355937483,9.448526826173357e-06
290111355.16042453,60640.497813922964,306.72295494506125,0.014191392112988857
55719438.27736156,73440.77751895873,342.0457808399587,0.000355371299996098
275057589749.5164,36234.843095690245,284.5700815478883,63944.54251605736
1106032506.8678334,53045.29457050603,288.47814540266097,0.2837461014111859
1562342.5860891826,119482.74071781215,291.77531944546064,6.40197221561302e-16
1071009.3567118063,65326.71331826581,344.3634546265413,0.00013545277866427725
620192843.5963445,43517.545905482744,310.1710539213611,28.594417569515937
4692.150637392813,111530.99232491908,328.1953697775937,8.326402083082736e-15
815653163.3396297,94358.82769976174,308.7611534543437,9.268253289925971e-08
19091397101.86241,82824.34261918455,298.1610560830508,6.170646619387483e-05
218675397.88403785,64796.68477539289,296.66939489967865,0.0008682646539364551
142035893.31634825,36239.021157941235,302.24408150621184,78.20410260350353
34956832511.33562,89222.36372475911,338.27495172778936,0.000576579835470229
18889477.144544378,92950.10067571956,281.0099219880343,9.965674573198779e-11
321165615.69091016,64665.52177346247,296.31821415298816,0.001310970355602465
62084453.084094696,90498.18986396302,317.6144945031002,8.356723884614773e-08
3865343551278.547,93740.810651158,340.5435738382507,0.01664572609371724
1091216.3586500795,116179.7230906604,301.7905218496794,8.349757701982789e-15
3922.9730001007615,46746.060465407754,312.8040696251018,6.033481452506489e-05
15608.395410144805,96088.79910522053,343.74625876259495,3.860345782585561e-11
38131401425.58873,71475.50667140455,307.3401002203045,0.02813896029102724
1348167901450.6604,62689.854397743504,307.0394334629835,28.998691298602427
508239593.2188471,35340.22987106911,343.69837010849506,2165.9704990395344
2922.4892043133977,32000.89909438804,296.7808939268458,0.006701718713963061
225645558.56754038,47622.015343911684,304.94673222025756,1.5905087184489903
21598522.190412883,63466.414358608075,316.6319963913063,0.0007286333659864479
75785659329.50969,95962.76808071458,337.1753557716221,0.00010211563992717368
52720648228.996666,102737.81497913651,311.85776301542074,3.2854305842652453e-07
8311690688059.286,61169.94182906413,286.17236244259635,56.47429555051849
8950642179556.832,104187.53629570117,304.31580921313514,1.155471576592714e-05
947253962.790921,46412.45959837979,289.3208997725196,4.054143648063046
73718875131.852,39282.439333177135,293.054004192689,7643.315559908593
1543963949.4654486,98305.46370670339,309.988668548601,4.215730442185173e-08
197430252.87798434,109900.9433513672,287.1447591838333,2.096955936507e-12
4638141.433708963,115313.85383733694,293.7357808456374,1.5128093210221558e-14
1716.223573274726,84913.94844777831,282.5619449678344,3.4765171238005186e-13
114158950569.59755,105715.58850731373,343.6260625971521,9.938895495547866e-06
8883914.139308339,33385.88847242593,305.5240851232917,17.540093505173147
2280077277911.9883,71692.11860047461,328.5642170601317,9.183218845377777
223794774.7353605,90338.29996131115,291.9327205994012,1.5613182434210702e-08
9439110144.019274,40914.97350646132,301.2971961919286,754.6917140432029
198395.10662725734,45410.379038622086,297.0150183630488,0.0020984725633667
2663.6167450473367,46566.01835858761,322.4204526000487,7.620327879943876e-05
1239604486031.0735,31718.668418097066,317.14195135417407,7397026.914556739
2085416292817.5498,43454.1360245993,335.7238762089949,374686.25018053025
287218544.07315856,41752.03883917284,311.9963402547756,30.607338283635183
4173.434229171262,71664.52220342221,328.3816937612809,1.7085598391386842e-08
2310709.218204147,105671.39146813603,334.4197705257686,7.467269339905965e-11
49510273.97398107,89779.96026569483,304.8992470123179,2.1202178984477563e-08
2546067021712.5312,102061.77743716452,323.03259263186385,7.927347300686919e-05
37167132.41165102,44246.232327195736,323.3883505398949,2.724894655259953
430955.34790197597,110247.50089732835,349.9179493891869,1.552141852622712e-11
2120108433340.2463,84948.84634640651,316.3067321554695,0.02033897442304687
1840.5663081986709,99363.01650978484,292.7180273555641,3.4343800340473834e-15
29904318.893677868,105336.71203574746,303.17068806902864,2.2038145375017735e-11
621155.935173891,53649.5792719363,308.16555144060743,0.0005160143557298953
1296348261570.1902,70747.79872317819,288.3737034524695,0.1955202666556424
827315630496.0284,101174.48389835004,308.69916756746954,6.360111354324509e-06
23380436.81648399,75925.71090325323,318.26407819340545,8.236115544006604e-06
4117378.855350971,48318.85797652474,317.69641537536086,0.04701960216352511
343973810591.0727,57741.333015798926,312.9167623574502,82.46153559038959
5301078800.108677,86800.51405606125,305.7450218124997,7.7166637597165e-06
33613.32617061998,64915.97423951385,317.6465106436015,7.203971519642398e-07
600730.6912760263,34326.371648188404,305.88579096257035,0.8170299158265065
1186.1440656066418,68698.44556736718,324.9771552216063,1.0929184290082358e-08
113881525.40141423,56171.912671115206,344.7653875693511,0.36047351562322233
295088.98106728925,92209.32071352791,300.6493048140583,2.829405199792013e-11
78350037417.16536,59816.459253215515,300.1040286776335,2.992254949521514
70443548388.2877,39600.27884688872,339.89335216263487,59912.48363857966
142796.57649094448,77783.46969759851,326.5112856959402,5.0482739575659985e-08
2386795.0555575704,69424.1928683926,297.9236267785322,1.6202385689223783e-06
14502274538.125967,30547.563525707814,291.0855254599146,49043.38593027794
184129119.0898845,115715.49291640833,291.6414723726294,3.483763777159025e-13
190828757372.04276,105788.33624723235,333.7131486878514,5.287502172165768e-06
7103281487358.186,59843.08901052681,317.98287728284123,1080.0979245278243
1308276.861657746,39486.89694380682,330.2280217973923,0.7523737566163293
47925726471.688805,100150.4517416823,307.20892626612897,4.699056226770816e-07
30859870.067049384,53834.75204780327,289.9383991690981,0.006103140105358852
55814786.329462126,77203.38569640723,320.04342637732515,1.4325521677532269e-05
25231560027.412926,111484.40819900233,341.49973800881213,2.2902731430005065e-07
143043239634.16525,103629.18946626746,284.41621899428856,1.3411167803783404e-08
764238106.5346903,105620.99177034815,329.1184561069225,1.373223109456594e-08
80689.4954792415,92044.94355176477,314.26560288273305,4.0058047739344926e-11
68206805.53157252,84707.47259734785,282.00437158963695,1.4413602934950044e-08
2891430722325.8735,114856.34683463344,313.42106121667507,2.1788055888345367e-07
1867458524.887377,57636.02858141534,293.6474992751282,0.10812941972361609
4727975997.173888,79653.82700009864,304.77035015432944,0.00010944812088981422
5631.141687698671,99824.79018177507,317.854798184109,2.1829571325821883e-13
7094229344731.39,93301.33207538651,342.30933384146863,0.04043231286142602
1937.8406651351493,70158.8226105471,344.6123958065471,4.541980375592823e-08
18840840.57648651,59944.39057863764,330.937894729394,0.0065481935590265316
371779668827.17255,80356.70637688159,342.3172937212315,0.20922478475077316
332856464.4847243,73407.77098551649,314.6744528218547,0.00021582569897420862
91979151054.32872,68609.99625496064,290.6619106840018,0.042672922423788645
1222990279.277178,63305.91196469113,288.12195250878574,0.004168702803613525
57190357.142170556,40856.95312218423,289.91375224026655,2.5117787544540797
517086727117.2554,64258.81195148088,320.59615875814745,18.376660854660486
21428538.118535195,116864.89507016592,293.868708955881,3.599977213991007e-14
53802186.09743726,62630.235255911866,307.77184873034827,0.0012640568545578851
1334498.2295303482,105525.32537665771,325.2386679270238,1.4769567715442102e-11
396420322211.9075,49918.9058174828,294.1123752326898,560.9842676685034
73154487853.28275,86708.91604286621,337.0939014342273,0.002735792028070141
1143970762.4688928,101194.94652583021,316.89863678767233,2.4377239596975878e-08
1184799.186266468,84157.53268849086,295.26377145599713,1.5352426447906328e-09
61067249.27017021,75351.2612931323,328.94117790933285,6.780716995807017e-05
977067879989.5404,97755.16006000103,303.9187288134823,1.5316641888587585e-05
351806.23560793605,60672.46234842217,333.4266575733831,0.00010901495545530103
774415399340.992,85882.6246165359,300.57567147013197,0.000961361092662634
1864205.2443934674,81374.31632369888,306.45006344869154,2.540956523146948e-08
5319345.982515393,110396.644804936,313.6900674625116,2.172989796900687e-12
7659.598686720559,66941.14019682296,281.5264055839298,2.9818715128017282e-09
2948280521.3531165,115995.82877055203,317.13094983523,2.2992272466716975e-10
2475126.043542234,116485.53902470524,337.1934115803843,2.3338917324881907e-12
111520612084.10045,45681.811731868554,295.0060793322918,947.5008318600733
7335548821236.447,88165.58926701813,301.61775632234986,0.004113185523050471
3755.513106442414,119364.06694189167,347.92856520988306,4.712478313548879e-15
889502965655.9674,53299.20057064388,349.7468272339246,10223.489708879413
96502981068.54878,93165.9385681253,289.4271296527435,1.498495061847784e-06
1064358796.346635,104322.24219784256,327.60356740420235,2.4318329275268594e-08
6415.371075474149,52036.98327186217,340.3068478848526,6.904817746244404e-05
9022.051027932568,104923.4102746313,318.3791946984161,5.732506669217266e-14
3270228676.6818266,93426.81551570797,308.91176359619806,5.304742301276263e-07
1685.4167263032964,92464.09572021221,343.3704036053723,1.433411377004196e-11
3241744210.2295547,106316.73540971869,349.66694921145233,4.2920719095112047e-07
4811096.408491177,65833.2992083466,327.5312672933023,0.000154030863756608
157265.3437330953,109217.95091475849,337.4931658444738,1.931111171068093e-12
168540714.49926084,40506.963269127176,333.86373852965744,80.35357544385454
544793635.5817595,79697.21493376554,293.86239767731104,3.649515435252575e-06
154706.5419466314,83338.98109320077,317.2929667125381,3.0595010931271813e-09
146255.13655187134,81836.65380406339,297.6616306393077,6.284439946701735e-10
20470536.25832102,41879.49274848911,315.6712041458019,2.512199112417028
5244252475813.596,92034.35103258779,280.8489242162636,4.035060794647188e-05
44352.141582070995,77503.76881144242,293.7509927545175,7.371103774543256e-10
3031889.6827904517,67550.07341396307,286.7248146638944,1.5682446982440588e-06
11668.688483458762,86211.96270019756,284.05142248758375,1.6122796501652415e-12
2352240.7277079164,104446.05237130108,334.31695052127856,1.115129249648436e-10
28421623531.82573,39494.76329830601,323.70527369908564,12553.022047297627
3967.6098219088503,49925.17154092128,323.59889601819896,3.446579998936483e-05
111903.01919254348,104990.45057975811,327.2075097080222,2.010231451894026e-12
14297589958.22434,116735.43933487541,328.4465306946473,3.907042781731222e-09
24538.75176465123,61193.79045512255,324.6273094253601,3.451499518716655e-06
61572.19186093589,42054.31921220441,313.1006153584723,0.00599084101867214
16784043802.794931,93112.75394495961,347.7314780602034,0.00017445730308783344
1252382.0562311558,65854.21064815743,298.82240761767895,4.001528944764229e-06
4022791.9311895384,34930.97099707188,346.36997894756837,22.70704765184081
1196560309649.4358,109995.78129732117,324.7364695408822,2.396029372613763e-06
7321848.829338059,58633.283807756925,325.9911425539471,0.0028905516644205194
205275.88951956303,103062.95543683448,314.7750941201468,1.693653879959408e-12
18520989.823227707,51430.78150746695,339.85326547336484,0.2270126920544843
41017535.052757986,69289.5135386974,282.73280444042047,6.4111944414286725e-06
687300118.8885702,112555.55079861078,302.2618291041702,2.389859439555279e-11
36403.42556335881,49265.78323000998,333.4243668838886,0.0007070507861005007
9494180.758542327,46377.70323092659,299.82055004398353,0.08075534182964832
3356187.3482755213,117003.81989702406,293.30428942193936,4.866281247495614e-15
338237.94481083855,72705.93258778549,306.5551496085522,1.3934400027772813e-07
63843453825.62851,58935.090455934325,281.97024653959295,0.7897890614330831
244905830.82276934,99823.69249924368,295.29801059356913,5.329699290864007e-10
33663880445.07781,64089.50142210361,336.6709066370962,3.9159402752202164
7134817519488.494,98215.92156776572,314.88802563252415,0.00037757045108354284
811350976.8059705,90001.79376293487,290.30267845003067,5.2058637561694285e-08
54362008318.59706,75735.38660991291,309.61312551655493,0.009461152676057785
25602.567000045947,49094.151273364216,317.59351615458905,0.00021945643725594248
2128.1104750832865,119792.02500178579,295.5186680794646,1.4103721014003786e-18
7807690753627.629,91200.37685343332,340.9424111839136,0.08705337519434554
19524.876346253317,93283.18464809837,313.00175673936883,5.31470278220694e-12
3164671.730440526,38216.048439784136,306.6511912678761,1.0142101214837227
8241.240547462807,57981.79666271072,280.33351832583827,1.32093377119975e-07
1246278756.0566058,77057.6325822715,318.04003806773693,0.0002718197674451712
3424067788087.914,118533.14232432631,309.6151162313236,3.5133292852970934e-08
849516911.4115133,84524.76564084175,297.7989183388884,1.2523925589530626e-06
82482899.96053049,86736.0802502736,305.92663833489615,1.3011394132290804e-07
220928.4944520371,84071.27744560158,322.9404990520211,5.516885423346885e-09
3553413178090.1953,112143.81069149425,309.9805354617209,4.408042040144947e-07
1812315243993.2092,114213.52306066033,328.0672859692271,1.1749899520627452e-06
6583821.256978273,79566.96007446694,292.97127101373894,4.212429675316386e-08
3148930858.226121,68853.49125381034,326.78388261059035,0.030436765907116612
6224.431286877868,107665.34927452831,289.4137981511685,2.3420055279267133e-16
28252336822.937096,60572.466035663194,333.6500285913009,9.420514705555448
3740197392.841191,83443.22551941746,323.49806832498734,0.00012358070187460093
48471204.604242146,114517.08776408191,295.64256964414415,2.9072316940583827e-13
5176.494537405873,61835.580341559355,297.03948099479726,6.870366605094156e-08
4361631717864.639,79048.32834018586,304.4218261560646,0.12161191630934681
150146635.74706063,107225.91194826108,297.43911602534183,2.247886223286489e-11
10395632.192354476,112128.14549311998,298.59191118688136,2.5428450946913797e-13
2259000.7673313417,34232.50371551963,305.01763879853456,3.22323829813261
9402212926.251692,112052.56987733487,284.4766475034849,2.6227107680622044e-11
5182665610.023293,30895.529475589192,348.7387967819478,124553.99100065636
52507029999.16021,38353.60950580676,318.58899326712555,28015.989716845186
67455054.17622879,66566.66321345189,321.31045906400027,0.001003688313412401
11164.22239197662,64032.297276527206,319.91786814423585,3.8635193224654374e-07
76334897.36861527,87524.638872955,322.25950569100644,5.013231651634762e-07
366276.67350588395,31940.899090019913,293.9225254766605,0.8049829772872176
1562877108570.8823,104549.91940990389,338.145566246308,0.00010837723712426536
64804398332.46805,31274.927215101143,316.7313799962018,454473.50608279865
261865347.115388,103983.43226914837,323.9936452961904,4.601083664156365e-09
64868.85418236172,116401.17616442895,293.0150005678125,1.150034672880206e-16
14735.359517770321,74827.88971697769,288.1151686195096,4.030432330106192e-10
757815263360.4191,71009.08713255347,328.61604591005243,3.925275535751242
353037.4002376636,102041.92902631332,307.5896942814784,1.6879676594740188e-12
36179.049464059106,108798.03626465553,329.02594977100216,2.0062457014558425e-13
2424498290997.518,84963.86714279471,280.87056441939865,0.0003860096995856843
11076209.9812709,115062.94425285308,305.42962873241214,2.4285108069533565e-13
4614028464846.805,96340.3770284696,306.894723273087,0.00018855975387013866
5842720944.01408,30832.39453895937,333.52534710245874,90088.71208693342
12298753608.262096,49293.38489275877,286.15383676062675,12.315922815032957
12740633.373316556,108632.49355557388,287.19515261569694,2.1863529894603809e-13
2600796.815268025,113174.99070136213,307.66284736040006,1.6114995304822359e-13
980542087371.621,51159.22188809103,302.2689091184976,1405.4402899842912
3907.394416586972,47202.25692386938,296.3980901803714,1.8745454078348135e-05
199473436.7136204,30415.465032898628,344.2445057590607,4861.60424876635
9223067.503755383,32421.74720975539,323.35848568728153,52.426958332433834
1450185312977.7249,35625.75385166905,328.12787800260486,3233611.68970142
89059.96354092688,62309.13062101978,302.3083372546205,1.5254925544711586e-06
11685436908.104986,61082.82872341944,330.71243551884874,2.577956752973712
125988.73214085218,42144.17009438206,292.0333213797102,0.0037988154464965794
1047178862.9588693,70021.08998428634,298.42813541359925,0.0005909840808854055
2784450690244.5225,87015.92081260578,331.0360520149949,0.05150021217547864
68646385.76404142,35309.47090372478,317.8614133844489,106.34521137286822
2197731.2669054265,90443.51684665133,298.3457980539695,3.355361030531258e-10
43697.68292533397,64434.401755535015,282.9730160859101,5.5165185460321214e-08
15946.519744222805,70122.188806261,312.35418287318197,2.9527511885014276e-08
921200660958.7035,37051.82014604557,349.40231387357017,2703212.791356712
1063362276805.9719,116771.19165679743,313.2349491950895,3.53728281989892e-08
10065.214763267983,90627.66106557455,287.6995590157531,3.6051628403459694e-13
75721.23791720619,106248.85338554926,322.86147248097006,4.804053060983914e-13
23421326617.721012,89150.0009536829,302.2609005439019,9.192570087134032e-06
79743.54894388704,47312.50374869832,325.42344572039553,0.0020665422925004256
57540.726005335724,78616.34785051152,348.43821390798337,9.434721937042729e-08
2350743476071.855,39809.39731708694,338.99935957602935,1745131.995946833
47209962985.42039,96320.08197300533,322.5941039288953,1.226791633426921e-05
9435364.315788595,61444.11359568268,314.046140201233,0.0005604174247590513
4756.293776116875,104096.5638319846,290.91643939888144,1.01349961093202e-15
24373036369.15169,72017.88416166717,345.23158428324695,0.30657905604054075
2558962079838.615,99595.84558603846,331.1354834176825,0.0005055908115599686
2221004335.2003345,103904.18857384144,318.26872687398446,1.9292922476812724e-08
35645169.35884546,108891.77680267554,281.0716771011142,2.1126142143835525e-13
59317590.84870258,100903.27085933532,287.97094535281815,2.943493693447844e-11
192971827227.79984,112041.1268860886,314.66156458951616,4.8669345948971786e-08
2270902.7973491573,72030.00237314004,332.779702220619,1.1130979626645066e-05
9531620948966.506,60977.454561139,327.8697091077526,1801.1985878059809
10005981043.830904,39273.00720986289,340.6538039759215,9597.697930385626
68584936.88734946,75413.49116651682,308.64559741232745,1.2168514251705543e-05
11250.841793951024,75499.5975116019,299.4961722923682,8.00809237535578e-10
5923428331916.314,86402.55937220367,322.6320579733184,0.06024112081826237
7903422.302734478,42951.26734859585,301.13468795428287,0.28091871959199366
2830910.998522478,98116.59555163015,298.5386539081981,1.994757147502407e-11
4729.5609298580985,42154.91804657874,307.0337642029044,0.0003330237459870188
55442.792828075646,46680.585793734164,282.85218368202726,0.00013508842997784768
6773919.917710154,68536.82080287609,280.5495402647729,1.1767560769124646e-06
2028695613.1740417,66792.49076058685,291.89110071927723,0.002216186268952174
9787554.849637,67447.83233460106,300.3875185895009,1.8793577720135322e-05
2462380.657937068,83945.29557621258,331.13862377268856,1.449400402288737e-07
50531108.14554728,117446.44809134753,320.31604386048394,3.5967992666715144e-12
3530000945.896128,85130.71241334887,305.3448877684507,9.525271711996062e-06
225447.18954325552,96313.2558399247,282.0035761285085,3.3314771722525803e-13
52669320489.003,86345.88211148456,300.78788007501277,5.250115477134654e-05
5065301263.886287,113642.26491503183,282.8205431409605,5.332591538940642e-12
20224.239792674973,30291.546499156048,289.64326190112195,0.06929635084288907
1099528421789.7844,105809.3589014087,290.44743803412024,1.0209174515080714e-07
969876.7210355434,90020.98214353164,312.0695044281333,8.577995500454914e-10
948651.7565973073,30561.773671399373,323.187026659361,11.070646365941844
20629113.038653523,35205.3650225624,340.07634460308583,82.99046482723408
37961.886056656585,47450.25753217888,287.5473372386614,9.112081809204752e-05
282225.49321531673,102058.02648258631,344.11274602956763,8.914184418993704e-11
71831500.37970802,51911.52799988878,315.9816161791647,0.18913513454420405
246407127800.55856,84431.72696840441,280.43018771193994,4.610476424392076e-05
18140472.11354503,76068.4199929584,287.4587285369799,2.7253478681533016e-07
198630010146.31415,60564.255094068154,341.3275397912641,111.42620955439529
4045.7425204132765,49100.19129883636,287.23825199047013,4.9647392555587816e-06
232088287.65623453,104771.44903110428,344.6568509008744,3.125559882480378e-08
368694.1723063522,60218.46682861521,339.61489973822927,0.0002031306992100052
74482565.06427905,108683.15594348576,343.73215401009884,2.29773578212224e-09
6938722092133.262,74112.8047227666,337.09048046692124,23.318754643065052
4292419.564044219,52107.723379469084,334.352986351979,0.03165529408432563
225741208057.74268,43553.58132211551,302.150673709219,6607.683332565611
203552034922.8501,76016.00851127485,283.20297925438916,0.0019645696641435915
153383.2631233148,114539.10670119035,288.8670855798459,3.0972641655582644e-16
213984.69056509342,87274.49121372467,337.93086421864865,7.19718826488178e-09
35255.961703353,86283.67794442322,302.99901854241784,4.8614340940948163e-11
3126758613172.5864,41407.95027420438,316.2880348011871,470898.0159114713
92838047635.76326,101420.29609799107,292.61764256090004,7.335629544320881e-08
2562955031579.121,37349.20899503028,304.64881867734346,1037835.1218145431
30332.1156357314,31231.684363244087,322.8383656450367,0.2782445333300469
1134.5844412282777,67599.30487061196,292.9705165743456,1.0528163889007212e-09
1286291380044.621,63390.7838885984,284.99717346513114,3.0384819170186015
823374137671.7648,43014.9005328192,311.2364876769169,51085.00643479396
3009.5314712370737,67854.1761796535,341.19152251474515,1.2443937380600232e-07
28386.223309010187,92449.32799023495,329.15322544018375,5.957260659238719e-11
1535278454938.581,95402.13380436681,324.8821883576721,0.0007140968164329275
136330163.4028162,116997.7177054395,337.96247755690155,1.1177506526457968e-10
3362.479953668038,107389.88187045482,343.811319007062,1.6144694546443748e-13
1192761.2720926758,69298.33358211844,293.8563096166073,5.665078183340699e-07
14863.157417791832,110975.99184565977,341.47840565340783,1.5678664579116337e-13
16690.06355686018,89761.92366559635,316.9055735624845,2.6658494325229954e-11
4419.743955262416,59896.244944503735,341.7075677665255,3.100966284308073e-06
27555.217234798383,66408.44824369015,290.308687006998,3.224173280371231e-08
5452540272297.137,42186.4074202086,311.76438359928204,480550.33455775277
4480.551063504653,47756.126392107544,340.933354942985,0.00021899503062279628
3832.5821713385167,92984.2853126192,312.79935894189816,1.1892902942800251e-12
289530.4371510833,72864.20677513223,345.42534742211944,2.807602601918739e-06
8806.516226209535,107174.05443004906,287.15702805905147,2.7685891453535863e-16
345916024049.49194,83690.6253598762,347.0189582423891,0.08968281978624949
7073.993464126063,68450.72143504198,290.56955161613223,3.6270796543994264e-09
6981618449510.828,42195.11047273057,311.33833745156744,602228.243380841
122907.86425232363,97842.79992086523,301.17161843885833,1.327233327518665e-12
34256265.43702415,63572.10236555749,325.50552120133693,0.0021543689137353775
42045046.3383758,103958.14212400763,291.27841482744157,9.870458778328881e-12
16705625.794750178,93528.1028132235,284.52300832310834,1.1293871679715871e-10
4599485080990.964,35485.91016363714,340.4270166453193,16421441.396366639
5869.072524155736,73022.51416168176,324.48852429574197,1.0189137213074731e-08
4125193.7175856535,105505.5384511283,339.5854404010101,2.44652440974652e-10
3997474482.337672,39005.30608513118,326.97864802108256,2391.927098101512
6591354490784.437,73129.22558768897,318.04880650666405,6.38499891259006
678549419.1730775,88010.32339245518,321.60702365789587,3.4603323944157036e-06
11265784.870442336,110486.37449260471,292.4259975428472,2.1425795584446912e-13
88905249779.55559,39276.10292025811,305.7086216688293,17856.10192164175
2750226987377.535,102930.4207245394,315.89783032464635,2.624135668055786e-05
22750.36948115966,105060.68463708698,314.83050194222915,8.514352753071783e-14
411886533.4226481,97083.57640748029,318.39815725182376,4.788118353609022e-08
1791324153.9373775,79413.64540114964,305.7217870604006,5.02965821349678e-05
4708776.8542467505,99232.79117104529,290.55594433343714,6.760625955718388e-12
5890344346.536351,99281.89290995969,328.9373469452173,1.037641828597205e-06
51285.240245964116,77825.81063123056,319.24414274282833,9.29976944068837e-09
556053695.2190678,56383.61588545973,339.57059545240736,1.218188149453933
333440775.0856735,42617.957870879225,313.42814653157745,26.09239751682081
846327643.2621547,112743.84141238188,294.8582962097078,9.397747501009524e-12
110985884498.31029,103353.65463329977,294.88057444227854,5.494661568591235e-08
23272.25791029319,67714.55249475504,294.95280699007924,2.3395553160180078e-08
1934751947067.5588,36928.151906380335,327.40911984330927,2485189.239949554
2284055.9587154454,103444.97577524827,312.27793650087136,1.1461363811423278e-11
112519789565.47151,91769.01524297523,330.39763183748875,0.00035560898630265136
3011.0113159543457,34851.221616853385,286.19204490865343,0.0013118020207423967
8351133309945.496,68253.00889133303,308.3009594264984,23.43447342375183
208299131.92738605,82024.9046582916,315.98559886339484,5.846014515574242e-06
68904621854.98048,64027.579080806834,341.73101205351276,11.527916004130145
662345737.4849213,67365.18112692496,344.8125024684658,0.04110907483035493
359795.3813729117,34654.323393969666,284.7833046692874,0.15522869317357543
8699.461941263162,97372.54867518847,326.69326321146366,2.411492915604399e-12
2217.734683566002,107090.0583128755,306.09866025560336,1.1976463170428876e-15
467494888.5926804,97281.12285622119,342.8599823622474,7.199269539029117e-07
4332702599.858062,79734.64197089216,288.81115992361714,1.66217265880612e-05
1926182252592.5781,59309.9677249439,325.8088757083665,622.2796157163658
86807911.31091012,81004.84949855124,300.41616045036324,7.07894443789886e-07
522270876404.21094,97217.36265203987,336.1475825665405,0.00040569321258465723
470260406184.765,112775.60308381109,291.1443915945868,2.698162214571647e-09
17677320.35634767,64779.48177098235,285.8199760190028,2.6404238624517027e-05
3999556.26314673,41069.127998711585,342.8375558810021,2.2388714431014325
18229599445.169533,74657.37607557426,348.70130499655795,0.1197466911532414
1489092.4633499307,31929.402310843696,321.1421345285419,9.755050550879949
41113096369.985825,40113.20006836913,284.08723451893013,1725.5867096863421
104501.47721366669,87905.76895740793,326.9322166172322,9.82071519700979e-10
320422.6035126228,113716.13752854396,301.1360418372317,6.029997032194059e-15
786630937932.1285,94367.14951616808,298.0484556201186,2.2286769677172595e-05
1637.4200481655303,114104.11867392297,298.01059343282935,1.6184574222698894e-17
22572348.013963014,87441.26386541734,341.08187474043746,9.370740037065313e-07
336958.6855652557,64481.467647324986,315.90068808168496,7.511018908405398e-06
3242441894603.479,57220.21715964735,314.39893548394343,1032.0010075448247
1839.562969320729,94058.12426034777,348.79738296530667,1.5646754032746842e-11
1700577.697773989,51942.63165482886,289.7181767124127,0.0007656208216058135
82690011.23180808,118417.99925016168,282.77983048837444,1.149510574960565e-14
5623755.491405974,67548.30436447266,329.5223395440285,0.00011058985776533133
819434.6581672323,100675.13655293298,306.0054907012212,5.39602324265609e-12
2002541.1048928616,66909.07876525892,287.0598601802786,1.3247700699951732e-06
16089120.174187832,75310.68425912858,338.6365948482175,3.976796634630419e-05
2061.2425683292117,59859.903854924356,343.55483262010114,1.6573539371413813e-06
15415949.416282946,119923.1576350436,340.5755164180246,6.370731247959669e-12
716220.1764220777,88867.78432311762,296.046544023862,1.4739064914583006e-10
240428.38336866436,31857.245823894606,294.5767699784385,0.5551535990501169
16914.699461021057,106615.4800119575,300.1848167349764,4.860838556019428e-15
5871598409.6680765,101395.49022812373,291.3248174041618,3.9834428688042776e-09
506052993103.8945,54159.699333900375,338.71572772232344,2264.363639896641
3808.8100250093107,69232.23641848195,294.20904155707814,1.9575258662105247e-09
221629786.97900423,74058.85274089451,309.09638141264804,6.626292418828512e-05
2200024107539.325,59351.44464807337,332.234458984555,1018.1603099098928
41230.67284330477,103556.22550571503,314.8705459363607,2.7966565607825483e-13
2749325108582.6133,72370.27763536651,286.0525326547083,0.16670086058462633
149503678.6771261,116214.34175518919,325.5712019553763,3.418887841538753e-11
2296777392.3817673,113527.86743062717,335.4851424885679,4.80486270420054e-09
10760746444.897697,90932.51965397285,296.24367644348047,1.041148196428894e-06
471411557565.0951,97422.32338232911,339.46234815263267,0.0004785518657659297
1747646036536.4456,57073.2814771203,316.4091148674199,683.3199627390147
1988.2631917204083,35964.86746857438,324.5744908868189,0.0032236776262575205
1031556.3358907821,31885.656007003956,293.8584163816564,2.263912091485794
15287009739.786427,49557.57055457461,290.8895832579232,19.328102715809834
9547860807921.074,57773.565661497334,302.47208892627,988.9969715921773
80183616339.07713,96312.19968127104,326.9257165924848,3.3884543762122754e-05
2544005382.8105187,94028.32569465216,324.59065538602806,1.88978508474882e-06
33484104.099185362,111268.17636473676,303.9631029117678,2.574914497296231e-12
9737211190.205555,68931.98878838704,309.75975250003336,0.024046549044671687
12843058113.34739,88424.70212341423,332.1753001861042,0.00015673847188223068
168708966592.1697,67321.009042183,338.8459023922081,7.35995864359128
456803.86476522835,40287.51252891548,305.247141482992,0.05899169443698005
670216610586.9376,52532.963300713614,332.4613405066102,3920.651435026955
21678461.342302643,80576.46745342528,344.4356295553624,1.3342286248223682e-05
195676.9250192464,63278.51369015767,331.0704853474394,1.9984154435823966e-05
5091118462.041502,67375.01478797093,332.4196012272363,0.13531375053517264
80272394.06251857,116818.3323238139,298.1644988980245,2.855994554981118e-13
90925747568.12967,36404.25753537786,299.7786106262277,42091.491472226284
7682536655151.789,98573.7703360188,316.58867798140034,0.0004361692876153505
1704537168.4256523,111302.91860943726,321.3487528752254,1.431636048907227e-09
2185.1199570829117,49420.49988786595,333.6576725964999,4.1972322007846525e-05
45069938.85039254,52632.215664659205,330.6881420328977,0.2190463905275581
1449541413027.0066,33131.93282344527,329.76674398777567,8288819.74743194
730872.516655914,45611.84017610585,333.86649480689323,0.055529388373696954
35706.16964500135,79473.75390727656,318.6053527323695,3.349019318212448e-09
5662408.317979829,88619.2451848248,333.30286247396015,7.354594364779421e-08
2568.975292747867,102991.58428251045,304.4768414156294,5.588514274000452e-15
103539699728.33932,94332.37748717263,311.99388659417656,1.708539570965095e-05
2565974.3770760847,75459.78330801267,331.3266686260525,3.2734949363111727e-06
77621.83405584135,100339.8190225043,282.0907933038225,2.0434145739383763e-14
499427392.76376206,45462.72222961699,305.2378692585367,8.247948000891796
186254.56379876137,86169.50034812452,282.55838933006083,2.197331841093181e-11
8561625599597.436,106350.8421177401,301.8455859681198,3.3325257905311367e-06
3875987.712312758,58150.35401789322,287.5619692263334,0.00010716502451974414
1745991565.137126,114657.87957242683,306.9729734682241,5.537099963847946e-11
6553019488.936891,32528.502951286035,339.6441618213501,65353.332162554005
9274.288924855875,69954.90528586386,295.1726376004406,4.058041444681606e-09
6735759357.684799,101573.77192468589,320.35125337863997,1.8138443308143752e-07
55296065129.85449,32876.31132073523,346.29954574037083,637021.0405938472
16501203.740621496,73242.6348321792,287.9707523241057,8.44420731023901e-07
787455985.5931246,114655.32416089912,324.42101843230154,2.7099984151607783e-10
532346921556.7265,95848.69211086142,333.21851772864983,0.0005202496806638339
21808.000675012794,81646.10728471744,315.31094151349885,6.383859058559162e-10
146654.71079620926,74551.93773960593,349.4810862761972,1.0472413059644325e-06
46729893013.17481,57981.32349838983,292.7487256181994,2.169585243044135
679833666.0138198,115483.75902124814,344.2490469544315,2.065355637667023e-09
3406496404.5490956,67056.34451596593,326.9099555766503,0.06567089851286645
362835.5937831155,73115.67214500709,303.06632614649374,9.316724721438874e-08
66144087065.65267,93288.1782103531,301.67940830865047,4.852092339861005e-06
191768780.37187108,83350.80013068812,304.40476352738295,9.876043524977595e-07
14840.71138930294,59781.199680236576,334.36074979875866,6.7561222877546e-06
1271293.5491343965,97086.6329038716,291.51053606190413,5.065047796741237e-12
3805817088815.432,92065.55142153136,335.49984178005883,0.017329004458440222
11647868.491348954,111334.92316917592,306.28977120702484,1.2236268244179521e-12
311116.6209425163,100288.01229399334,346.0084893125895,2.21582024710037e-10
721345070.4152987,48064.01328695362,336.850449496866,25.684256647978547
71309.34955580404,72563.6261965711,324.34002394557234,1.531295174352353e-07
36465429.05872176,33136.74282217366,319.92480637687413,140.01838507595667
638054503.7279235,52948.30538427026,318.092953476966,1.2958917913645853
1542349342618.5251,89991.30696663877,337.61075598183544,0.018472029512567337
37177.962185369026,78349.26258473408,302.373630367502,1.0863792274025205e-09
205859.7784721223,46907.09346879354,312.80767023490256,0.003026172766952872
1452752046.1999612,86671.72039500486,315.6245251872008,6.525521781648936e-06
20029248.88590899,39369.09717563337,282.6402951757111,1.0524265393634706
2327825001.038021,49365.72667386361,345.62509436613334,79.57877269708489
239559.89269488805,58371.36458412921,315.15223480494666,5.079510340623741e-05
320754666748.8551,114945.31716405011,327.0616343293288,1.3901212070771732e-07
101586177.92533694,70098.10170265276,334.9233484979093,0.0012371062752475931
15849978.453214664,94831.92527919772,285.27077435845405,6.970904851877803e-11
3325.4676468926214,62437.35530144903,348.73465423489307,1.4702987440372377e-06
33976.517806925774,84058.07840171189,298.3661177698068,6.805771068591233e-11
12127495.244104395,98498.3222074231,346.2367702327725,1.684983731038228e-08
8198009742.859033,105646.46433012848,285.8653264290919,4.060894918709598e-10
151465440711.34485,76684.66658567275,346.58107827015687,0.4226007665774286
797606768653.3684,31674.22783282675,282.7944190002622,1108407.766830975
839774550.8208402,116693.70638611387,328.042579635222,2.257323897432656e-10
5330796.029251998,77762.28140412207,294.83433693340584,8.774272401371979e-08
643527.0873158164,94148.10845710199,334.06022409643043,1.2225866982692642e-09
23387056.68250105,72265.85623902007,327.9867038728402,7.250759819753e-05
1103441.533904885,72367.30318185966,307.2379490178138,5.622645882471762e-07
1432691.843646896,108309.60560884024,284.65491677079433,1.9287066121071472e-14
11814.18493354708,54733.83685506298,280.61340952721446,7.671187926872984e-07
300991548974.5423,96667.63345897284,341.95288302224674,0.0005345950456078391
32087674567.738693,33527.62000632461,325.67257368169146,134949.51903735954
76146.66867077045,69568.11298217862,336.3611033805796,1.1976452492980649e-06
795511356.8518925,58015.81780452983,295.11299837162363,0.04318358703291131
999992008.4632102,78117.97536563806,345.5895611875759,0.0015928787595249395
5741772765526.025,112230.28023124863,345.9534031286402,6.821447481732988e-05
4948753483226.071,102159.37775316702,332.36362528388304,0.0004416563251852366
146989382.98921162,64364.42314001337,309.56906891667415,0.001989433147639245
164303305071.04733,33382.67024409846,344.0317368179852,1385654.031428415
7418898.541163775,77891.79081308568,339.33669594040236,7.709106694370436e-06
370590802.76947594,83632.94846918261,281.23602618970426,1.0966669042637824e-07
2251046257065.791,117414.67062775484,337.37908852634587,1.5002209825214715e-06
1229163528754.4087,117890.81219874167,304.7937499070304,7.584583497081177e-09
280833826283.67487,62236.80558624146,322.9148099859981,24.371036212458694
5376176.713476164,86555.8483663224,331.82598008901914,1.2718717313292007e-07
30071309965.647243,85436.14628154723,337.4938647328447,0.0018051289931845294
3413771651630.0747,36376.06179713987,342.219499575073,9682644.904831825
14653952.7996393,102126.85148507764,296.16846584646896,1.4908673196616844e-11
34363.042234126966,57177.64934616306,340.63484772168283,5.9655673614806876e-05
581598832.030815,36226.63307063587,321.0120706206939,753.331112796969
766773874657.8717,42891.08073410441,311.57997398704197,50101.03457695142
1622097.9834285807,91517.12465969025,304.0847305085422,3.2352706284425925e-10
5547802.554914976,41848.653525412046,300.5000416503756,0.29355660914961473
65245586.99601653,35443.54462403867,289.90966623912783,27.06051337724092
1748665488592.4604,92761.18113092832,289.1965195307657,3.1676157715061584e-05
1146707143595.8647,63180.42150912294,341.5600872580802,257.3680253882649
64251897.560886666,78577.02456344818,284.8273361192919,2.5395270366342874e-07
1359336.5837989647,109032.53339772979,305.39115235182123,3.047482756146252e-13
41311988555.670166,97662.04796657566,343.4361268016179,5.795368482569683e-05
3688860078.348531,97394.34092698562,344.6813362238468,6.301810520309915e-06
10901536.4878972,45982.69891699268,344.5232978789028,1.1672270573517896
11682.269236326809,118883.374142226,325.3711408230496,9.871766240024233e-16
70041.8066968139,96632.58163613139,343.0643053094492,1.365216611625616e-10
378685402772.9537,48620.778179176,298.1061937669085,1166.5815227369808
2859989834.5983543,78686.1567952513,336.24250993935044,0.0017811213112378526
4998450478333.938,62002.19700461972,296.68793075345036,61.71384274458997
1067.0914869476721,93209.46400098862,338.8281699369544,4.543620785923367e-12
1454.8811263515795,61910.88523929831,320.9104069740131,1.2666468178045982e-07
2077.650808299748,61899.11637266805,316.8429378930529,1.2796173422822893e-07
54585168059.03238,51823.31427921979,321.97531397964667,220.86573332843042
1555.6204659241291,41200.64427066628,296.928670097011,8.918186108422345e-05
3480318593.2349935,116679.03687944986,315.0585955435101,1.542316966357394e-10
2251.7718668818366,61191.14218093603,318.3070373933651,2.0996003972834697e-07
1547008.9856234232,73355.24566762107,309.80918982201166,6.635108480286488e-07
107915664.17678413,35518.847359448584,315.81643928854,143.22612485978183
61065.69386142083,109991.65766780035,320.97444301003475,7.563668559326684e-14
1208587.4751562225,42259.30507441312,346.4641141199307,0.5136664006616648
9989756838.71983,111851.94934533525,338.72092792259656,5.642394223761556e-08
60620881.41772409,106022.50886119631,304.0758717000266,3.801564074256953e-11
9721.542514271041,37736.746756236695,287.58314648282,0.001369698976736595
2746222.4499443243,72901.15530030239,348.14481477935226,3.1128288962942e-05
112851.02479652551,65617.20612154479,323.0625515352584,2.8295006417973196e-06
3541.856527938941,65951.19187634718,281.6370629497095,2.1153784437363002e-09
103941048.40901783,43365.349305268865,329.61543115831887,14.11250279780577
28403.563128680194,77756.09703764385,299.5220702044056,8.005629307476461e-10
38049613.723125,89028.51062617858,301.96933109450805,1.5325681737681793e-08
617185373853.1016,71768.59631601174,321.2038852133757,1.3327369169636984
144795079433.53912,82109.42385106735,312.48426517438753,0.002769497365810587
470698645138.863,118496.63406340985,283.71382746303266,7.460115683772255e-11
32040036024.368786,116678.61383423652,298.8932448854556,1.348026062301691e-10
177601475.96993354,33877.658130299315,286.21725919961557,120.91785085305098
16294280656.417473,63268.45642807836,344.9395374655888,4.305677424202206
1613.5549865745768,88429.37909966486,317.9063258212368,4.7767860259474025e-12
3787777.790951885,96717.9456754265,286.91179111151195,9.214349956614348e-12
28193.42827371978,74794.6493458139,327.560327488389,3.3205150087993356e-08
1415014779319.8489,111385.35386890685,280.3875806327182,2.5281418799960134e-09
1224326201950.5728,44378.415821724484,303.42149007475166,27864.76471559042
9877.029837900845,91539.4252582469,342.8602498811715,1.1222746372507142e-10
1692872.8763227505,59020.213226963635,323.4483124515937,0.000505076981776842
64121.38249588486,72093.58808622218,344.2159531603149,7.591709836281397e-07
8008601965.3523035,114027.33096353049,297.49853475434014,7.768423369256641e-11
6427.863320102178,57483.00480398376,317.8084679830076,2.3188108802585863e-06
19011.1307676071,104818.04855525549,308.7613688320092,3.663085748774593e-14
3116837083.5909557,92568.80287961867,304.48863720867865,4.153453580934906e-07
628624390.6452379,51774.32498679821,339.5395911871256,7.007133240572396
43135.57365874268,39211.19506142933,298.472572115747,0.005982660860913033
21839197936.021404,72898.77567578568,324.49417394240305,0.04049682716083124
947717739867.4254,55050.113434325176,295.8018456165983,177.98535629285945
599966.0813624063,36349.8438810601,324.6968858053794,0.8578376200294924
13816188188.304037,112925.5390494486,284.11899563001316,2.441396045871499e-11
4820.779983053831,81627.1539369104,327.5373533037989,4.6295277877479617e-10
1641.0421754929578,60057.2978149445,308.25845558826296,1.0892254106143255e-07
1501553243041.9375,91504.29752190443,324.6448552038941,0.0029575944038765204
210829342.88623235,66374.04746400318,320.5810239801974,0.0031852092554164853
3742513198453.7007,81518.08229107002,303.5643510913009,0.035476121402903425
4007372946301.1074,46266.42412577317,310.9381944541527,69398.95201676885
173811490782.3544,30266.000195626708,283.12614781899543,465173.8208382367
138858363.81113937,53183.303542047965,305.89781833151164,0.1158272636887139
3431.3986714493176,112135.43466116076,346.6433294701774,4.393365293853154e-14
22744.07442397543,34333.541227284266,330.7878365180191,0.08479744856922254
119296124.38013957,78141.42642439055,348.3207569537948,0.00023304562465196698
354522.66807227116,51091.067631681566,288.6085044669674,0.00020756094548699536
1149298.555301825,110554.93096370838,343.3612511907455,1.8234155436130625e-11
331572.08658156305,60541.76155002736,312.2146638439197,2.4714804549427396e-05
1957.1929697198364,104439.32014132028,329.9226368242169,5.870444708539281e-14
765086.0658249821,63192.839284113936,332.30706887881644,9.26304875027253e-05
19789957718.272987,30440.331133441552,342.5107774980138,464464.8695495062
1028100274.9968631,105015.30499130033,336.6335489641568,5.415753806988455e-08
1733635427586.3281,59163.674914633564,342.7890202720122,1695.3142016585048
2649486.981724315,42973.08338145987,327.80370576738017,0.3874490207944031
270994364.48288244,94698.06952683456,333.5073243101968,3.983688830696854e-07
52986337.07519489,70176.81069890612,310.39098990591106,8.256068605091593e-05
50042.28375548796,108195.53031519326,298.09732495705936,5.730334884633751e-15
578363791052.0472,108352.16239673406,342.41892718096267,1.773839055222154e-05
65491.51502705869,89441.8938805168,345.5898398857727,2.0224419045621104e-09
54651346.26440796,94708.9329053276,343.2293185947889,2.130862784191602e-07
9108929068.081827,62214.93301951389,349.24755630028505,4.433084930451439
63265944165.688866,33668.759325758,328.1416976162389,284136.40980826
99908456.39976107,93604.69732036794,330.52045441276783,1.619583794027822e-07
583921400.6463602,67178.82332563293,339.17135177786156,0.026117451286298433
2625132281.1204987,39517.7113638374,338.2312665545801,2082.221654464791
125070770268.70885,52414.57119602786,302.4785568003109,111.3074636823759
4985083826415.04,66646.95710676478,317.2414183826753,54.13243894105899
73995.9324093196,37043.58348144661,335.822333066782,0.13056396578891477
17655444283.283142,106648.00779460723,286.31008692574227,6.141474631730781e-10
598515844.09392,59856.3032280757,289.82377007452277,0.009974928173374796
7164374620053.994,95523.43438867989,285.0347040197839,2.295129460297273e-05
736632516.1554375,73485.7300050311,323.47058211723817,0.0009849717205471131
118870.61893970874,46241.42838246337,303.2775224471616,0.0012997250866264604
81886.83678782056,98900.80473657412,330.16353482070963,1.8367013245706832e-11
209235.66030685787,93523.90781695602,313.53527323130845,5.728023417892031e-11
2239916852270.3164,118855.37135360506,298.3715362938884,3.5535234585743973e-09
317987915431.08875,31069.914520788716,322.46172332521115,3023954.3929515975
2265431.170643364,90190.13523820613,328.6855668178833,1.0321786210819378e-08
459255649.6967426,86928.92773943995,312.01578131424253,1.3459715343177697e-06
207310229.8296979,62435.38335255395,294.98229092769526,0.0018841113807732655
6507375649437.672,42494.983783782394,306.62194127456615,388415.59011421143
468005736.3048093,80105.13761506332,300.94064378971444,6.014903407006355e-06
1652150636.0144222,42195.632473496196,323.53814105956565,265.71661472532963
5031678993.622497,64950.38687590451,308.1857374949074,0.048499163412940256
188216.19949067535,40916.39117524699,303.5131378543965,0.017310420326461753
8787.289732640767,85116.22431517369,280.8661661224728,1.3260496197887983e-12
175546237695.7971,119699.8170296069,287.0006618378415,2.917416044928563e-11
5897572.709632909,110413.0384194541,336.5556228566996,4.288135253969436e-11
455337705775.3166,100628.12556541864,319.27523817956063,1.637130840030204e-05
2106277724.3273659,65001.50433256953,336.5852730117847,0.1743256033574446
28135.53866270765,78981.15484130371,334.849920458367,1.3917691497543825e-08
270832.173256186,94329.22592982493,334.05049635140074,4.771347934992698e-10
157582102.47343948,116109.41487074445,347.27657674085174,5.46451260836959e-10
4144157320919.4414,66836.19679409699,344.3891594135981,301.2187714228597
138859329.4326776,75709.95576342841,320.81250609037284,6.85408357277789e-05
4474104.2027806975,80677.320446508,306.12936568949834,7.602277150753379e-08
54390795367.86506,49271.536440995376,283.4964178025275,45.513384790365336
7512932.415556853,74610.93906462878,295.06843336258373,4.637517258831497e-07
593000867169.4089,31513.23329657148,339.1910798470712,8413908.80554928
4740289931205.202,100189.16882318712,319.31172587360453,0.00019438247354535497
828686030451.2762,119740.16957115081,295.374035525702,5.635999524886959e-10
8924549.205656033,105528.77497536282,320.35837850605446,5.740622010425431e-11
6943902687.743735,116474.5643000205,318.42852311399866,5.541821301205194e-10
1915.3503565531337,74857.11127550424,339.4413391226812,6.0355763352165835e-09
23879.22786738263,78533.40521988933,323.62528151107904,5.245431869847196e-09
185583762.2733881,110527.19065876232,305.7968950849076,2.4315715597758055e-11
4432035.283620078,78116.05674410041,323.20335186039557,1.0485641766073754e-06
6635886016.234882,66862.91476449043,310.2216993039839,0.035969362577715915
631658.7970940254,50533.62914790391,329.4573851105465,0.00615367659244564
5933695843.029871,112087.93189811312,325.0685808461435,6.0563239813567664e-09
24132861934.002716,76071.55587662265,288.02143047114987,0.0003803486442146412
301215147611.8019,83590.51616101267,293.34107704274845,0.0003901842662008973
20604946.921216253,58686.854325827735,332.17250477827196,0.012047904239514582
164553.8811016142,47427.66352138696,322.1458556456113,0.0033854509889318075
2346.6942868302162,39201.538544770156,306.8899533190492,0.0004969325919697217
368845.44721428765,107741.46497159463,286.3434389576232,8.183492794943784e-15
69085221.52352393,41055.428177637164,306.4396703635659,6.938314471781927
687102951.1213899,39918.36376373435,333.53873283161306,387.90097931522007
204552.2737412902,39975.34236468465,304.31333726632147,0.02833628250422128
32026085644.262695,98615.64811630268,334.42456599552287,1.2544331632428164e-05
365823552505.07404,60176.14234602927,344.19409119162435,269.65785679176315
5387.129566331436,109735.56245245825,291.2862080336136,1.111337414840775e-16
13498864.012650797,64774.99122529461,294.8485145265221,4.651393767323238e-05
171391703071.6018,98058.32054118,340.4587303953626,0.00015391284692903878
5453865048.636353,115455.82039374213,347.8654337679965,2.488599295750203e-08
540256651.6644373,52026.89961279281,295.1479570666511,0.3344390853259313
14364873.658229193,119183.10215051263,338.27725797418907,5.6641897175738566e-12
1601078.51606299,58871.72642570645,287.43460987166674,3.154363533286298e-05
107321.79315102247,38418.924942938625,314.61362634374854,0.04476744200278288
72624640617.44986,50456.38333809869,340.83979734417227,1347.010548486058
3134932398939.6904,73239.49196958303,329.9527122532469,7.960290456830165
12768.141282272807,31200.470146333162,303.8411887198349,0.057736969828929126
3293853477534.4585,33687.2212995911,298.6136429104384,4139718.8994569755
100980777146.92888,82450.73510360636,343.85565101125013,0.0305899532227668
2273729544.082808,48652.220112519746,331.70863262319335,48.61922747759465
8482221048.284974,84633.65643838899,305.6902717844896,3.064256028275123e-05
836685038096.5587,40895.38380748528,327.80580583138374,266462.29360143683
790788580.9515775,44819.52989064606,285.5802795217807,5.205670818035523
1182138957.6403966,114078.88919195325,320.51251955838126,2.9660736586852726e-10
6011.015957419542,74298.23700749359,317.70883601876545,3.663547103257774e-09
198079026825.7533,114039.35910867709,331.05247314323856,2.0678857982870408e-07
54949417889.76606,85825.56661585893,300.33632994782295,6.772546291773035e-05
3990.4822555942374,40408.07575548795,281.32027211208117,0.00012719325900514798
255784878.25646213,70482.85098696206,282.3136587670583,2.3600826711202893e-05
289698087274.4545,35518.57132428765,348.08257519027603,1402216.9524293405
65694159362.38371,115874.8466788733,336.0127286692525,6.575615043663969e-08
1057875913729.4135,61205.67237005419,281.3379997716774,4.799100733665102
198429640422.1766,77043.3781317154,343.59194933385163,0.39757698620565396
6873515850.361093,52427.75686259011,313.47625669593964,12.428853987701224
1389.267608561023,78978.8032681641,296.6563220357646,1.7087691156570308e-11
2377702392877.8467,33418.86141127678,313.660103110485,6629275.1142005315
1462204288850.6633,84691.33641811454,319.10736605398426,0.020008517699462706
8128737.744732237,92132.14423142803,306.3581216705481,1.5785598529710317e-09
14816156.967663027,93568.78330487535,298.0313136121832,5.972235355050865e-10
637017714.9309163,86934.57860980082,286.59270273678726,9.329070450037518e-08
27696982.56224822,116461.14204319498,292.50389660581783,4.513514070482037e-14
1960.7673512514655,83909.87815555137,303.9809616721681,7.334484948132908e-12
5705.136954237597,116596.05047309304,346.8463478502083,1.5459276620266236e-14
306191.7281105852,103858.75198737696,332.66377683587723,1.4763803750839352e-11
1558801.4260015152,117878.43353256435,322.5308806502587,1.2962138834089707e-13
6527536.222307174,82752.37901359002,349.48426191586054,2.882971773996906e-06
39266400.35981004,113053.93796527744,280.9560769812222,3.7473572204573214e-14
3567280351421.4805,44591.9544787991,288.81780629222527,31073.368630127767
17303.721536905236,78627.71807045251,304.16148868781676,5.584428994297283e-10
4462.700011294037,57825.36572889916,321.96951907502074,1.8856152684200366e-06
59857.43431565592,110309.29216084901,341.468315039105,8.129380482075509e-13
64003.665698394965,102043.71489082408,294.3450197728847,5.1368260261190284e-14
908784.1347573494,32356.47265714445,306.2603094504546,2.8072939803971173
30492219023.60293,69114.56430235594,289.5293201696448,0.010405709267843693
2237441927148.3,55080.982341861076,280.0156794449707,116.40175249955699
4933.251140887694,74086.53921624369,342.8277008539579,2.544358682246874e-08
54910543.54640388,69407.07029625561,282.0440701482473,7.696366288348421e-06
5164320084294.78,92288.77865446315,338.59086645510524,0.02931571960280076
470300704.6870699,104358.63045762527,311.1879886239667,1.4027066864481962e-09
474101.7354133951,53166.7422632401,290.955617992245,0.000135233950726402
123504203639.23466,69498.81971575596,298.99344024791174,0.09174183513135206
1770.9323973903545,81347.02616122413,337.82180150109986,4.767386757561912e-10
1227565413671.8357,37896.85398638964,330.8245557114588,1333272.9877222576
7996525684.490884,38544.51110180263,348.9410348928281,13530.833460145235
5596399.954132385,44767.33717452828,311.8853086542733,0.18447779532275047
742626.5992389777,53460.05621030666,325.22979496460863,0.002004758575780711
129717067.08456329,104282.93299472966,327.3120210268763,3.02893189010379e-09
222227.85736720875,48931.5982189005,332.5409448004949,0.004621416401474321
4234582.479544442,73414.808325769,297.38668695402305,5.332957796664783e-07
14183155.028022626,99497.04610982497,310.85248282625616,2.739141796815523e-10
20149247579.42264,63636.19124470401,294.089106632109,0.10393003045471197
412417440338.3702,106044.2498613013,305.6531472201431,3.220746053968562e-07
75540.81321625685,61810.12780886401,335.40104941355986,1.8255642348290302e-05
31147852.02457393,77196.60157472975,339.2424452258505,4.239530109031836e-05
307131217.4281057,52359.52232855675,302.0697669691748,0.2656252834866008
66249582.51346605,52813.14344811185,307.24355571754177,0.06896827138918453
257517.407070876,76574.14879860776,294.71974202419824,7.21897711053412e-09
179654037.61135736,45214.64184358947,281.1689756951524,0.7084591656654403
1166515242.2849257,105996.42451995684,341.718451806413,7.491492191443783e-08
7474868452.307506,59739.219695042775,345.9283102447108,7.343080068694705
3797281.71345349,119582.43596323098,304.58071671726145,1.2262540589666148e-14
3470.6484922062355,68731.69122455394,313.98320678091886,1.2864433423854252e-08
29012637.112908307,84059.88389448752,324.0778376786594,8.156004185052019e-07
441449971.4284435,86408.02865813703,338.06752023660533,1.9579841687344384e-05
16719.17243460307,68177.15066295688,300.771456813503,2.5001889435032342e-08
1083.4514232485362,44734.967435694525,295.68533217265303,1.3598308937495456e-05
19051130.234420836,110485.71424348446,309.54241260865973,4.312791321683731e-12
382345866703.00134,119815.44489538956,338.7353936729219,1.3139107058346216e-07
6400180.305390301,89849.68669097289,297.3021875947796,1.0295928897029628e-09
471312529541.8401,111023.29806153978,323.40063935781535,5.712437637066141e-07
311462975.1871637,102634.34991008707,345.2621781636764,9.374169297378388e-08
107274720.50170557,115547.73069920353,313.9094073442774,6.339734501127591e-12
1189728.3745566441,58215.87699951417,313.0625807929784,0.0002352844137452738
10292.780475859305,89072.9280241481,307.05708593720306,7.57631861835338e-12
178165938331.9607,46707.386064536084,327.3048982511145,6192.1601528944
82851.2036389831,73535.1852050614,293.3032041710293,6.775184528256905e-09
68085291925.44718,96059.26836681156,349.2451927404327,0.0002978720661506298
1600287030828.1357,99340.79374998747,318.28318209418416,8.117752408136809e-05
1701061771028.7021,110945.40841763503,291.19023624197183,2.1544743403483896e-08
5115.760908739464,98509.89454063289,340.61775379807625,4.194379887290272e-12
3521.6358716489767,80557.37325437996,346.21281964479033,2.5325285411640374e-09
1368613963875.727,39700.72355922451,345.9907870063385,1402338.3249339696
4860.578051288502,90201.78427779663,299.9914553835486,9.731186705971293e-13
1103630036.210029,44414.49957026262,310.84457792689693,38.69876617699028
90964497619.05608,47980.28089623284,301.1180844115586,445.4712509780486
2624983264383.437,53520.64307151221,342.10304724042686,17856.19409592555
15631153.113961156,64366.00279686555,317.00061326078907,0.0004044692752328899
27886924.18428693,77985.15610682161,285.45388836908967,1.5398269176989162e-07
246306156.767457,66869.25273010359,333.48841525021203,0.00815045082192274
153093841039.52237,67486.18658397367,304.72959061315345,0.4084091257692143
3606254.226849155,88211.05878493712,299.80146922392106,1.53623182553918e-09
25916718140.541687,106168.80107758653,294.33925553494265,3.730740372053275e-09
3222737.185816798,76600.79748238338,344.57878210836003,7.764063580821242e-06
8996400.844867337,88744.62750336033,328.83817911774037,7.243677355465987e-08
12160885421.917326,98313.72364578403,333.5148956096462,4.815625912798012e-06
297261.70405239344,68334.0733273392,295.93195734320346,2.5780170507554383e-07
7950561246.604411,75921.3797991294,306.092493425738,0.0009024964280662541
514676.68515046407,78921.1733199669,345.9286984998809,6.413692386645237e-07
4917910589.239023,72488.16129857651,339.2260664466757,0.033810667216060415
3688182946536.5522,41181.91721166766,312.39954374902544,492717.88235537126
1888.2792389890926,44386.81541997542,331.43966867122,0.0001941217693108179
16965430.482111428,47749.051067172404,329.5415049780774,0.4563012922614286
331366.77320409694,114633.41634261755,322.7529821076988,9.21028043737589e-14
12528759882.827232,111927.00281293863,321.52416751266014,8.094047889789691e-09
3332.9300590068538,30260.09042151147,339.14135227505705,0.07159663840004363
84344479298.78348,103818.66578243696,328.7959954602156,2.7662669230258917e-06
13722.498280104232,82812.4316135878,290.93853079987315,1.8565232003158496e-11
1125628720.1898122,51500.756207653714,345.725257313758,19.183124710837568
84985683596.51164,65193.38338880378,329.1347449548082,3.9978375797731447
344176582293.10626,56809.33717057288,286.2183563681138,15.399060827996546
101544209.05267064,37957.13207349643,280.88324987128016,9.201852062815751
359092166.972495,89925.72182076797,327.9777172655068,1.782439064056245e-06
647255690.5224354,116699.14418299164,292.89009449798414,9.869401189274568e-13
32077.22374945948,105105.22201752527,329.9161312212672,7.662901165247749e-13
150329929.38420793,50649.53365161145,343.95806940805176,3.0411424118004904
42522311.18793286,38968.93262059093,288.9896747212237,4.003632085688339
32063513388.01464,36318.275408362,314.47866207223126,29981.229562975666
1467216305.223591,97506.38953564203,309.0971233480168,4.921397121390651e-08
13452622.854095884,68294.51948503238,284.3770984630012,3.8587310362811585e-06
1233776784810.8728,70876.90915506176,342.0130258013213,19.06056845197691
4722536253.085398,47606.521138600845,311.20298135288635,50.26046536313972
3572.8591078155832,108138.73048203891,311.7745062085693,2.7183354651471793e-15
220217.43936553938,92291.85641748387,297.9929702558136,1.478159439250117e-11
424254.75075870805,109319.34601422107,302.59237328171827,5.711111828763643e-14
88431376.55374177,86447.20241490446,342.3601492745276,5.868784032992561e-06
1905315.9956607427,103535.73050908154,284.63374421466,1.8914788047927017e-13
610858581757.037,51014.79403255761,294.1394195943029,532.7052116095937
11625774117.983984,80752.54181072942,299.2939266335864,9.464085103252177e-05
182267829.99717012,41005.884367476174,325.29029083049187,47.14241525664525
44671470.013562456,83234.94830456816,323.67487290704366,1.711163802626771e-06
1139.4454914529892,74750.93466436901,314.5437612903678,4.395862126325723e-10
29878406346.256596,90993.41460629259,346.7225797917569,0.0005916283675595834
39360078.03899679,107259.18096533122,302.3499553955855,1.1720256887018175e-11
46045415033.88884,115350.23901188372,307.13055878635447,1.111822218782331e-09
18644306.20519149,51864.4170203516,293.23222701212325,0.010764262250149422
431439.3904742589,48374.14188250488,303.2152769493166,0.002079740099195389
290304063674.06647,115813.8796061578,315.90925797084486,2.102773360575481e-08
1501183301.478564,118506.74165836014,292.2327473222398,1.0074166917047179e-12
15194936755.66526,105501.24760588974,297.953912691121,4.959262831949471e-09
8600378642.782133,41885.69832987463,289.6755000196178,247.22138101050507
77530.28690920294,107221.26507897004,309.52555218605227,6.319416117763317e-14
2306902.3752970384,46563.157441952164,283.1446897465392,0.006201381941453887
3285234561383.088,70776.19387344577,334.34778816770796,28.76746764434568
11799601.760033056,118351.39555837875,283.1971381004177,1.811764997821871e-15
13174835.291797806,49976.68136535262,325.9767706987933,0.13210677636574408
1743308367230.45,43888.91335502661,316.65937746094625,100136.22882792189
151079288241.63144,65945.85199103954,290.67844228630054,0.21474930563287625
563411116706.2034,104711.03311762933,341.40446977226134,5.363794201945409e-05
587152013.3700737,65211.04046784945,290.45849519907665,0.0010904633970907573
44976843932.83323,70310.69137486245,326.09327169748605,0.2562377982212008
1876516956156.1423,87727.54541180948,322.17518534706,0.011576967343733383
530692.1459487588,52752.34451489369,287.49469485611996,0.00013688037835611012
23952766902.957577,47148.533288242565,327.1009351613698,704.7921942483224
67539.34423466348,57637.87129390678,331.2180829924429,5.761272509276554e-05
345023.1970265158,53267.36424763357,303.41824639302064,0.0002397226251416992
361781133606.2702,55053.73928381481,280.7623812639968,21.444331507004392
373066.6134898519,88070.51149297191,311.68687254872316,6.730148153452843e-10
309353370182.72015,30022.382842659088,326.42649066038933,4932549.298398403
478121394.20454776,119686.00626557923,284.33607317158544,5.0790501151267305e-14
112274.60952095092,93407.94662559159,328.54577819033506,1.601105195755668e-10
56029138.10789338,54209.746841541826,300.46194128831206,0.02104933797324169
96924031.03741114,69696.04223113108,346.1381521985696,0.0028825896627127597
771562.1227138089,75158.58946287152,328.5639573376204,8.774313953501994e-07
217560.82861494386,39369.80589790267,343.77868203869684,0.22231196093919459
67540521166.65395,31988.430298760977,348.8329508449434,1125547.546533552
39603143619.80046,94897.85156080416,324.35085447178255,2.125216287527421e-05
13761273.526292507,108147.09819287369,331.47259875624445,1.3064204982148714e-10
7719324616839.69,92139.93183330316,293.6480932012043,0.0003090884489820126
1015.0728339836288,61265.07250571116,332.9061429200544,2.5332133926858905e-07
16952.066965670358,86223.47970407429,283.0299062567082,2.064232183780618e-12
19345.569614778637,45794.913750025145,328.8684710361315,0.0010237456166340283
132059.44705686887,51906.58515707024,282.1882460790285,3.384704357474329e-05
402137305263.8519,47817.97435151377,287.4299430846552,816.6462434414908
349490443016.04315,78696.75653921803,334.9450518491948,0.18268583372458888
1646398591.6883504,41687.54713486744,300.7858621976694,93.39517208741003
2601.9129046092726,61959.03005669841,313.8353047953931,1.2900204667913412e-07
1131.7466900433687,42315.8794002511,347.5643701559199,0.00048551507531616596
678399.4981223318,92950.67795960754,292.4072852485562,1.7488565763043436e-11
25247.785585624795,49194.26896048009,289.18166429803006,3.3845625698565454e-05
70562955295.74512,74375.49451056033,319.28712477668233,0.04709962790512272
2462464200086.586,62003.09503652193,322.7249103199473,223.68930376561744
123359004917.52573,80287.62849985449,342.41452233572977,0.0731174694109212
285687258302.50635,43090.11685159907,280.26388462888747,2729.1432135521113
14954989076.568144,104245.61817526689,281.6452889735243,7.085717870144562e-10
1767.287822860879,41494.466067436195,342.0050239007438,0.0008464449877339174
614488.4535179486,39027.77855130547,325.4357311991046,0.3387415179315791
2959132254.3178024,41813.401522908374,338.2995645825334,1037.3183194205744
65717121544.00467,68025.87368793364,283.7709352279667,0.020009823530557865
709457.4959033163,94205.40733529934,346.7647822164223,4.5087759566578e-09
17797026.89953599,112756.1770215778,325.60820836194813,1.4625882168824694e-11
52693.90931088513,110654.08701364908,346.324020633782,1.0605821795757076e-12
119455.65953016609,108941.68737456884,303.4870840922924,2.1590621478794237e-14
87072405477.94025,70455.89051642994,344.63200701239657,1.906623672277799
41386541623.96201,89302.26285342689,317.20557172012695,7.991934657435945e-05
568560.9449887107,82089.43118201086,342.8989315588414,1.7528947206800022e-07
51225.69449348671,31827.07319806353,306.89163221536194,0.20024706536416192
17641.163160012064,98476.77498731874,289.9554707380384,3.1859925740585284e-14
99707.91828096569,60777.04551827019,334.85179432436615,3.4089784219362414e-05
39528569.47449692,74124.88935216179,317.90535734017203,2.5812097173581366e-05
1252267948.3106928,36660.58726563644,315.5439620660305,1075.8076095292008
407731225597.2168,71365.45080049624,287.27065821467085,0.0428836209858069
1243130045495.4214,30540.204147348657,302.913586854168,6766785.535114885
671213378728.5132,53024.05986017609,296.89103299816276,315.47983317309024
1967724344651.8625,82006.21519190808,337.7768183679285,0.41910239289375023
8182547243.375825,35189.058589886125,296.44560622484147,5088.29916318126
46315884.996445686,42356.53302187105,336.6164145577394,12.579347114838349
3171868.6965042986,89456.00219206951,332.5741758706446,2.8097689401044972e-08
106450368124.0106,64144.8197349891,325.2888552165573,5.328511546326643
3719.4590754771107,106361.88417941488,318.4554815431298,1.3696422479855092e-14
15238474.972898103,37010.59795273071,302.0548767639698,6.301493071083485
371958.6994931237,60905.80323794206,338.7947606081337,0.00014989996563799393
6822524083103.852,67379.26742577848,326.7370162482168,117.70523536977086
7986974901.48561,48554.53585336618,327.26246837390227,145.45909951878372
900880098.2841524,108757.8399945655,297.8571367811366,7.732291467754982e-11
1232.4774504966506,70480.71291753836,346.72008390316694,3.1046440091886545e-08
7949657.093662675,50725.69865704476,303.0374981588476,0.014954999816016334
684748615530.4205,81572.6891842712,306.00039048704804,0.008513755759400492
464791.7152539664,82926.48275273725,282.9059701040979,2.293697324011962e-10
961081371257.8502,100833.16316721149,297.488525948302,1.879265273468417e-06
1369.7369142369892,77760.42176694825,283.2175172365333,6.536077428172822e-12
19712065.039977476,44461.74056639306,315.63126069166697,0.8577831052314338
201920217.48462686,76534.43726360374,347.0913539891069,0.0006365778284490876
34863.6440716937,110522.71601670426,332.7187323414686,1.5698811480597724e-13
260090739.90836182,77989.67828289847,325.82425844570434,8.561352238995743e-05
23180661441.59713,59429.109599617586,341.38043515307703,19.192415168546013
65003.86763117557,114087.0178278473,340.7860408833269,2.117391041258469e-13
6222.024680614489,41316.67951791745,343.3955592845727,0.0033628905487577306
5360.661774375716,82391.81452415952,290.81624671717356,8.7029358925811e-12
96735.7573058703,115419.10249497757,291.8476242165198,2.1140571988617245e-16
943280715055.6045,80343.12445483495,284.25087583204197,0.0016193141945862956
11144.356837573174,65649.1683273178,338.9660526060415,8.512013300337928e-07
16772579.312366895,108789.43537255762,347.8453925041204,7.863110998380213e-10
1242859171.075306,99787.54419886322,325.57090351055103,1.1962688715272078e-07
890162.2870855749,74788.01003925185,337.74091384888686,2.3948532420868956e-06
7537386.347168758,70464.3988752708,290.40922938497255,1.6036143645271783e-06
617559281396.2339,62320.42050876802,332.17571008207847,102.38012770920129
321157.3082075991,110155.56266900628,295.2148557195415,1.0788937371869395e-14
60403.18270566437,71276.67893705126,297.0597676733588,1.8485371549159884e-08
1426195699.0181797,98544.12860077301,331.3523980907495,4.2151971719208315e-07
1781944544.3888304,63103.16961702832,342.5118386409961,0.42494920556043986
1486165746.505221,113422.73969918622,314.8644804384588,2.2598951440763802e-10
573547370194.8993,33250.10582164691,349.19406453506025,6330333.987693476
83369333296.67392,38882.35443402737,314.27048723681094,28419.355052603427
2913.3043929537894,97910.37624365528,330.5444561196904,1.0242948352402315e-12
6797656310682.235,84563.24185909236,298.6105332595762,0.011303428469008517
659573428.399557,39774.67005127885,320.1458497483043,211.86821978952474
8401.794986424045,97464.7859280526,319.3699162125186,1.0067896256241776e-12
9701154702.509954,62649.967931944135,343.92456778041924,2.9521475103632837
269290329446.01355,41670.99529122058,309.50246419698306,24718.104386521954
306740.87623006233,68382.52855377898,320.8180517640733,2.260987340142472e-06
2005.9787873748419,64446.809127939785,323.4176692127897,7.881198737717601e-08
129977410.50139582,86747.16387604867,304.46987683083546,1.724039448008598e-07
689606497.9677968,101115.120979046,338.7290732394449,1.8297247346378863e-07
1078.4429366112865,42289.13543222107,316.6286644841532,0.00011890671886330106
97487490.65101454,39428.76878094244,317.22785629940284,32.74502397627703
52642396.39411091,81685.51498501067,309.4829211887552,9.004725935807672e-07
686942693409.0431,108939.43791223342,318.6002553164876,9.506378333810777e-07
698292959.5286285,101953.16312438058,293.201003315211,4.9191683420005e-10
143898.54966947672,94430.08450493329,316.4259619560749,3.791338555207342e-11
445988712.356777,73459.36222348278,322.7100872731105,0.0006011840351611099
19861429889.068085,118168.45776068245,302.124823965907,7.676162466865138e-11
2086894.1926321269,42562.236955228655,308.84324213936475,0.13720869304180267
1239672950.0269835,62845.338426428985,283.6126820987465,0.0033058225359172662
17771191976.066578,47811.4480047942,304.2258413794041,111.74891466558783
35576513236.4899,57490.368753859366,340.42832464356286,56.066695977170085
51324806086.42228,95719.00858409304,296.1136581749859,6.79740150930458e-07
738089547714.1431,58151.65481462631,290.1599020306056,26.227793037286986
3707.6139048316504,33376.127045066794,289.55228383271003,0.0036546698038744103
5068.316087219507,72905.9351565859,283.6517585791787,1.9797711666638351e-10
2700031.337160149,90681.74853764212,286.1865707377467,7.618450055845756e-11
223431.84819975728,115148.83215793857,336.8711418707623,3.258487561539403e-13
746513500244.5305,82517.42596011059,303.4192800300041,0.0046969672571555545
53759416.51787703,114365.40998211743,343.2530100247357,2.1018922580379982e-10
28232070032.59424,95217.20722283817,331.0407679483437,2.7963098380605017e-05
905420.6613557098,100046.50431996532,304.55329566940696,6.516716536283693e-12
6381338697907.63,45883.97275213206,328.9782143570543,326993.54057638085
1689639.0790036416,55639.18037661912,339.33474004584144,0.004599827828253967
98561.34960080631,64474.11973543776,328.67671799438455,5.64668967035459e-06
208059399278.1844,90283.1126384801,292.51515972199314,1.5763036438284086e-05
1258732.8761881012,64572.73724446796,339.61799596367484,0.00015396518764554097
1549602564.7916272,49414.13344519391,311.40681538061506,8.346448993159546
1232041865212.557,59063.86064438788,298.0295339963544,53.894824996698944
384334124875.89996,101723.2364202249,303.6041450484317,1.192983225883476e-06
5199669529.3609705,64805.96956245632,303.0434686790638,0.036763802809079524
4394657.66123429,53677.012766250285,316.48496032818883,0.006145207631248316
67421.0464086755,45568.4379114715,319.3767420364765,0.0024464386657657875
1391861.9016917336,51853.637075073544,335.56617880586475,0.011894669382362817
690593311667.0929,101830.83086071225,315.27074325956386,9.259106145589797e-06
609661099.5862101,93452.02914532211,280.88231645724125,2.5545888663489014e-09
2479234569.959462,32068.88114300434,289.31168192472376,4053.7351478587393
43190717.92791513,53539.52705078818,322.25822542100633,0.09377633189850684
1363463.5953377008,33676.35123658681,309.80565501476013,2.93739426331318
1266846.2170017099,53048.73475102568,304.32959836053124,0.001032774601255714
1517515929.9745762,89733.03447892264,285.49209565445096,5.700407502387311e-08
472003417080.88916,78963.32712302095,297.99837244325374,0.006745111920694242
492394902558.1131,68872.21839035535,341.38561364543307,14.957874084221972
64375957160.884735,98102.70214252984,313.55713505258524,2.9228379627896368e-06
15074280521.731327,44760.64912315841,313.17579687544946,525.157171874821
4322.251977317697,31894.3080820263,330.86342552495273,0.039477923741325555
29371403067.579403,111684.24426860854,298.5818739789349,8.73699772812991e-10
12542963.16716548,106337.0407101285,348.2125463646414,1.4581780441407483e-09
23877.352882784373,103372.50383111303,327.7426150318925,8.132626638521068e-13
2658.2873537394107,32380.89729788198,291.0681131570763,0.004137967020998073
3109147517.579983,48530.69632651642,333.4310631294653,79.53343987226835
2025.1723919787703,74639.60266836415,306.4213267298561,3.768386466462798e-10
2320543359.843606,119596.22067803457,335.35913942794025,5.627115094024547e-10
346168826422.5733,57254.85191356308,302.31192385157283,45.47215021475441
266155058.75316775,76720.93988590385,330.9732019144525,0.00021057371457313336
1022310349418.7839,30109.73159863213,344.48085736144395,28865620.662463397
98865.21825386722,114778.9723694511,302.99539835482454,1.6666508140946125e-15
6061.342003787985,100605.43473145545,290.0337951572941,4.6993551603540305e-15
216696190984.32928,96664.11874505422,301.9527665812998,4.151914783300205e-06
141891.86659154738,87283.7211970461,349.6891036881936,1.2914543732529889e-08
1203086.9772211153,87352.31814269809,324.25922323020234,1.0618618273581669e-08
2861.7823331122167,38378.49037968759,285.27734322092186,0.0002722944949482408
56653279846.2438,32005.10234013799,343.0997067639449,748068.0291080934
248419189.89621937,93268.4081350214,284.0875301493149,1.7545601083457582e-09
11229496285.355665,37786.63150671474,347.75689397679923,23986.452848527457
52444.40023256554,105097.24480075718,309.53422406628397,9.446792478982681e-14
73827707319.84627,101116.9822940401,316.44688766928954,1.4882007449754206e-06
916654485178.4142,85859.84430981099,307.15133322952585,0.0023545813018479647
404536.305191862,98362.33077446146,282.41168937691333,2.7021822820420903e-13
757670626.6421267,58207.672630249974,281.6338526113832,0.012589203171953408
45125.0556843192,118409.66551273104,301.97612417981816,1.4883106495589962e-16
1586768242.936934,86243.19514974207,295.9120623350794,9.844156327034846e-07
182405206.5087414,114299.70137692503,312.6468769534099,1.491520127263496e-11
6542593.90974106,106734.77109904072,319.752141677949,2.5031162242375864e-11
23233300214.82491,63345.65778672031,349.7423671525505,7.9343205526239915
1520791751285.5308,59818.01386737112,321.09777442330875,281.43320846885877
1234554514.8917692,58377.38234727549,310.71026717449257,0.1858700155301708
8330870258616.259,103120.3296706311,296.3335000566552,5.7350588887394965e-06
122855.51575896678,116671.15876897595,323.58877057623937,1.8338673805748012e-14
251289.6419165148,32846.63549483875,286.5689837786128,0.26714761821451666
7463369588118.198,77128.85398401557,334.5110649680806,7.054200683382219
519330.19532841624,57275.685592823065,329.37513048540586,0.0004496159109789595
51406124814.4637,113272.30890554986,284.7474754240291,8.928885102405059e-11
7043434.640968282,106157.67617623789,316.1304882330213,2.0610114330066692e-11
3858669467.334546,38386.722239047536,337.7060431878271,4560.034909899049
2503.0600566839394,84452.3902933173,302.00656736681583,6.1806877039473716e-12
2054.7921438766666,68486.91076789939,325.81987265944525,2.1619656122420974e-08
492264925967.1462,95929.80223061242,316.1454324597875,6.880488281310254e-05
1327066.4273709268,55825.9361442752,302.1448707100451,0.0002922144465735672
2783360.493608788,103232.47990366661,290.22991204161013,7.544343583632202e-13
18530237.832868326,46225.162929109545,318.7886736071449,0.5138660621171718
3308479.3914598906,76559.01220041305,284.2999324636651,2.9145628776161954e-08
22837864471.62176,79112.12621488406,299.361280929654,0.0003581856670505166
4579963.399860003,104906.21878453375,329.14433070047755,1.0127877815536087e-10
389670217039.5224,112980.87905991529,316.8867912495155,9.156017570790732e-08
2130.3791420143093,72182.8992350077,286.3157907766526,1.4855087341567534e-10
833124.2166279793,62908.53161105727,347.3617707073921,0.00029061137998642294
66416757.475612916,54915.76862351553,329.56011596792405,0.1337957124061822
319537772.15044165,43796.00130044866,341.548225735448,65.98311754443758
3273.875602722424,104782.52691812238,319.4806191131257,2.4025103922557396e-14
11825265.53197749,56028.04271974895,291.2402649013486,0.0010657820910636878
108430440.24579349,84935.4455221929,284.850737622265,2.832874455161302e-08
55968419539.87119,102553.5287434704,335.73228083995554,6.444315876016193e-06
68414833636.35131,106530.47113737122,314.32290837136287,1.382740685592971e-07
68643162143.96658,79550.8535377146,280.28319687014715,0.00010163917962680642
6939818959.345901,39595.57729703402,297.19538688010437,788.1943621469279
1993.994740995245,112381.65206161376,340.17047396114106,1.1184859459228437e-14
9942057155072.012,54437.75026508567,306.1818190532784,5175.634642269533
1048.3640309116136,30803.94515508654,346.1597324460047,0.023264915654996072
15898.133625723447,117103.78180598495,348.5086576785164,4.463827308291886e-14
1439.3430015448985,30308.645898010076,310.4813174246235,0.011518028088508055
1290343.9881302167,70332.24660247166,307.1556527608802,1.43497093703647e-06
225606011.5643997,77662.55010606491,317.9090990587513,3.999316328158637e-05
105660017055.12187,76792.18143074976,290.45245905454874,0.0017112762946239184
30855051.830775037,45150.55981253062,294.77498819132524,0.3119708541600545
340478054.51705664,38032.93271309314,282.8653273654362,33.22621594820855
543036.6522950894,91416.06755855688,326.4538946149129,1.3214872701729848e-09
10190223219.621304,60765.71545945655,328.10994447755667,2.1414738186297546
6074871941368.02,83009.2593173754,348.63534375126136,2.326897035716606
42902.95563071063,85218.24366202054,342.6671033616735,4.555189833320897e-09
275515119.72023886,97335.48985943441,289.93292284782797,8.34529918218935e-10
1814638751.1700318,67264.11827870278,347.57402373784123,0.1395986330754769
24592.494795910832,89165.09670797884,327.49545124767354,1.513330889102893e-10
2663043558.046564,58986.54066591511,334.9567163780658,1.6921712609738908
808988418.1307521,91998.46327998379,310.96855797762686,2.8065276298284756e-07
11353971182.285204,98329.59656863891,344.25864516639984,1.3633388308668446e-05
282990.72692070616,76579.20693236386,316.0212442083584,6.16614423719259e-08
386315675612.47314,91791.03540349932,324.0556635375076,0.0006232170261158286
3234370196.18488,47887.54249739526,286.9806605700851,6.37450315944214
913601.8118138548,108162.38310411609,330.1954382423746,7.223479281225771e-12
11576311856.351309,46805.39688811042,303.32703047142184,99.1960298944822
3076900418.633588,78516.685332283,335.72076372536964,0.0018643030675587543
22675889.370530136,105316.56369390746,330.3379096228588,5.141169926127152e-10
158134279.81515846,30037.146452715217,299.74507616509055,906.0914124338457
92587.73162758819,69107.746889648,325.47773697689183,7.733094559588541e-07
78134.6558570188,82182.46299822995,305.70912432630314,7.046679234434822e-10
847386824520.7725,55535.85455483047,288.6926854683874,75.80876951968635
74025609966.96542,100344.08027833188,308.3697553461941,7.367859136214897e-07
772781186428.2166,54523.380062486656,324.84928768843264,1331.2404813879461
12108828.455733277,100650.06917189166,319.8442866131668,4.476068638095502e-10
202667831824.0777,100318.20720457092,339.1838851576845,7.39998204416814e-05
168287.6069696827,70412.0489947305,324.01243544973426,7.531173738447892e-07
16823820.829898167,45618.23400800778,338.68498862474587,1.6214834090917238
2958276.8617049707,104495.78148541648,314.1887046600807,1.247852989089648e-11
3150692949.317644,76967.92180046816,319.98968499892135,0.0008640347471328334
33783.697890937445,89508.47738261765,326.39944271062535,1.669978737443875e-10
1523872029790.2942,59740.573845080566,329.17682549997784,516.3565538199479
4375523403503.3403,71058.05571318889,287.90567366774576,0.5492680115498831
417537.7160371878,65954.12847882419,319.66911721253086,7.251266768541787e-06
2985839909.3663135,118044.22557740269,320.41174357315504,1.7285055843070007e-10
7766847.002763998,102125.21374969246,291.74404252861206,4.056321019502282e-12
2088748785762.933,50076.78617908702,301.728621278729,4519.423632122876
1034582964366.002,109417.70143140691,337.74654228919377,1.2595348025518249e-05
1182986079.0197144,37953.12232952896,309.2175003148319,451.22630319297633
893426440.3056724,57804.03947398887,280.5051256890385,0.015791229975749204
576201621.5854456,58071.38826306831,292.9170720044022,0.026475755663060634
1483032.643176047,59520.62083189265,304.418253579305,8.977342954188613e-05
2070.80463626438,111063.47727234314,347.2767531711989,4.0821254793514104e-14
3694479935.3721323,89922.5413805825,330.8309144359351,2.372346798800815e-05
1832.4569618191754,108853.06239880202,303.1139019591159,3.30249772312751e-16
132017432826.88574,72846.02149128725,286.16847150178967,0.006919711034285294
51364246226.39881,81836.48673688564,319.488872225675,0.0021720521576137036
396062220926.24097,58331.8985109287,295.8796600188928,20.060607698392094
7694356510343.086,105914.8667702674,333.9002375072661,0.00020339460941931668
99179116.2983113,104859.9761596311,313.1856873352043,3.2094432522847526e-10
77368200790.15807,38555.18765131926,340.45807659253,98084.54829055944
1408.559756855902,76558.62837732027,283.88772616587164,1.1421196539585386e-11
143363828067.3946,59167.113223739965,306.17248478315037,11.651769426670505
435144118.21681553,102310.04645024287,330.8311067897946,3.1191980372100554e-08
17360738.50892888,93520.55875388421,341.6143850045797,8.575433627745202e-08
1985.9374812754488,88889.84038379314,328.71125604662086,1.4980890891616828e-11
1661803506482.2766,75116.95514979796,308.26409490977363,0.3165304482480351
2837821.028692723,43882.64401646099,334.5026406149994,0.410833365613127
3079325169965.72,80625.2709208549,280.89362964813944,0.0031268054870740624
27018324958.19624,113633.4115095437,293.63861736011137,1.7301753250484338e-10
13598.396163392112,58549.15932727744,289.5521086169312,3.8040415303296035e-07
28955353616.350937,53183.9160402845,312.6506867885264,38.73903133155299
13512608.329369953,96705.88435678619,281.1720603162963,1.5227868831703312e-11
618158624.7525394,116156.64495156583,289.54304913802787,6.866155667473873e-13
219497157.82821447,74455.65845274393,333.75763305591806,0.0005092904594235244
3979158.183873142,107373.87788313293,308.28960355028954,2.6194857271559935e-12
279576.21157374437,74479.15912479107,288.15757259129714,8.674273098260262e-09
2876.4047616583107,81005.13720386068,340.83634851017916,1.1546399275958663e-09
667590982950.5356,88518.36050868893,291.3481192158997,8.903738194596845e-05
185848.18633717805,34363.9342898052,283.44451198800306,0.0880256529864331
1759488831.7141867,41943.865266656605,288.66615469272347,45.92043531730283
1966953716.0709097,68381.27425764647,299.0335101587746,0.0022445898048752333
3296501508351.4385,58146.428010975054,301.2192927986908,285.18366345033024
4679803049.18894,35641.54331080465,343.53816724128484,18700.53373905301
162748362898.72015,76009.26638448116,334.3058671425671,0.21571031685828576
1137241061.813491,45996.16188610356,305.3748973111596,16.114475492249937
5209893887784.942,87383.72431389094,284.9814884030224,0.0005016657309026629
9050915375014.357,66046.99905551903,345.4248763940229,967.4556651492152
68538264.68415661,34492.94741862189,282.0865272367431,27.725762600630738
3246822112.263577,30584.973456169122,304.7863223360967,18813.74761759714
800669190222.2452,81765.39090663224,285.2005960562363,0.0008787379336447007
197301074290.42584,96188.5400407132,320.53050033822626,4.1139007426742097e-05
1021626.9852176881,34658.82883514098,333.0257510149221,3.7998118102337664
3789709.556544323,93891.05614971307,289.2239922543062,4.16361768580366e-11
1306674.8612316276,32229.179324223875,290.790950486715,2.214581524184898
323672.7465180414,81987.89775967732,346.1889710267575,1.353582494857063e-07
2804111593315.082,67397.69828602276,332.45638719054057,72.58093582867293
14267.207693242874,51991.13838127833,289.6856736857344,6.143021330828761e-06
2087613051.2245722,102158.59768126775,334.259461309745,2.2875555958036511e-07
38990345.84666954,114701.29151622829,296.46108214905126,2.4286088689462925e-13
20909525.552839734,95002.3459532119,344.8468195279839,8.334113816263823e-08
2789968605.1455364,99881.91179924719,347.1844654276832,2.6441140474403695e-06
9454679.798452886,108948.88856067571,329.4277027307604,5.032964491575115e-11
2884202188115.961,70630.60215538679,295.6981843221318,0.967890110125234
2389492089307.0815,95517.01010134618,301.0953064331614,6.39710461357803e-05
250161726.04323047,54091.69545189258,291.2731145789144,0.051612560227796686
64560.46713975722,90213.38473311288,346.47637470914765,1.678590071122932e-09
56387.917824197946,51139.84699280921,283.20418461304786,2.0896368580860563e-05
609309893.7192863,37166.700346065125,347.61869541446106,1556.1492045446664
2371235.9517954946,77134.11763244485,287.89181852577894,2.4295186210910496e-08
45858074024.408424,56704.04642308765,281.84384268451527,1.4724547224750646
954782.86080848,72150.5552028875,328.0214203695183,3.1822113760930974e-06
105352775648.9771,103881.54774589607,342.8057846770106,1.572738468719056e-05
64102.947874176374,106298.56500397567,326.0121852005639,6.050301143567191e-13
597910166285.3739,96083.17338056705,309.0395251151716,3.567357569254543e-05
9557.070560036223,51342.31743444578,280.44214351410204,2.5671925905801e-06
4569.546504040305,54999.35482100611,341.4355346654217,1.742085208868764e-05
3042433532.1429996,71020.34559127776,328.1544047026928,0.01548453073892229
83334.61781190912,61394.47438200615,320.2050842622643,8.406145715631903e-06
93176.69241706475,53843.94241730224,309.66695635169793,7.763360556866744e-05
3155504641269.2407,104223.56661047135,293.61185244179444,9.062409930647222e-07
88342583264.26012,87256.03373981192,338.99582722634307,0.0032842932651382857
17709648894.03033,82466.27062521153,288.2873740489873,2.0010319116019796e-05
4162.454983166242,107934.26153127885,346.4108715690651,2.2462784710800863e-13
47753938.291146055,51435.377011772565,304.86424434966494,0.07673867868312957
4077903721427.04,109575.04611589054,286.9848391897355,4.6310969827108096e-08
123724611424.31367,96753.09767031812,286.0168924207718,2.6205153522448316e-07
2966536584338.549,89294.65396310775,342.44816484549597,0.07430779304334054
2855069646968.544,75617.939460423,317.21066984759756,1.0145937321416325
961327352286.1226,95330.62506750852,331.6643171668228,0.0009313355034155443
8071385468.329789,115663.56092034989,335.55751232903697,8.037193764784938e-09
127829438.53313215,65919.93674328331,322.5824239634171,0.0027767562400855734
6486414853.235798,63518.315798102674,326.41305972910266,0.45389546244254914
8907.229200039905,87149.07242145596,308.00131506990226,1.4765238707699525e-11
3274159.7324481276,35004.71533661579,302.93858066158936,3.093242393738389
12729.118549805109,52367.1883088569,316.92749609607836,3.003091226452055e-05
54985630402.47028,60663.888858527396,308.3831967891174,2.9688056220578383
95155842.82662758,89226.30851579682,341.6599149852109,2.2130220519784788e-06
150921989959.76852,31283.340963029514,306.17721695414485,685843.386909637
86089571.12827243,96576.66678815924,315.82157151915067,9.53118584066017e-09
1520307570293.5876,112757.21936897266,294.4649557870612,1.5365555857751792e-08
38008087597.56799,64019.28277865417,283.0006655414165,0.057583548240154374
47953906233.09182,42051.08807890473,330.27157668037904,10954.615000866694
2668038277887.8257,50693.96547291458,317.91281363307786,12571.0301480388
23615780776.95654,104554.6632823915,304.6097191042575,2.75674815445612e-08
6012.428259105943,114297.42564401757,325.9339518827608,2.888621374357089e-15
5063.386386952292,55070.98150539187,307.0381332501808,2.1878784584099185e-06
24963757.607265186,112891.70758252863,299.6173673416577,5.139041897252035e-13
46697093961.320724,33850.83114212176,322.9473338377707,162379.04864240508
122017440522.68608,119765.31511721195,307.7088163699803,5.849113835388899e-10
1963178363129.4856,79414.95884150449,288.3000044600944,0.008396295135615121
843050136.3179287,69774.99487625706,284.6227253379512,0.00013770075852081548
2472687935628.4097,32382.82443464899,302.6005373978664,6415866.414865927
47130066972.08573,62410.247674893035,326.1900722321098,4.822792951992571
4683950721.047794,85148.0567432731,316.2893014627802,4.148550735107472e-05
2439483.8545893556,56413.49967127699,286.5374045993547,0.00013083198149407813
334184233.55584437,70442.49679238905,338.21809008681686,0.004345476407564446
75372448.70944399,53871.42415737863,326.7245013488808,0.18219060879232554
261502.851056561,90790.79949109626,289.0276629846076,1.0308701401266316e-11
2128228240358.3967,32108.22790433992,346.0930392671355,30811451.921181247
518110652.6355044,107978.36034473307,309.5551118413502,3.2399967252122696e-10
3925.4839526705405,68488.86780599048,337.86528851432604,1.0211144545536139e-07
3594.8476027056327,111278.48386145374,318.1067031029636,1.992998431626579e-15
20636426.490732662,61182.43881972777,321.76883807942704,0.0024896123897749944
71226062869.02455,32286.974606998254,302.0866528285155,184299.482151718
1758.062622816242,112621.35831074482,291.22373238657036,1.1425569092988891e-17
412867751.0130546,39718.03734992572,331.5140750092421,227.9395513295813
77938.2698500982,111382.47049832571,329.0099608670843,1.6257050248698265e-13
3005731131243.126,39003.45092740843,323.34991130303956,1559292.0919839074
371393866.5254441,96292.96049509777,295.20371546368585,3.5244622419940435e-09
8825.792709456598,62705.521597260595,331.3284142394989,1.1856747795538725e-06
92081.07837809435,48081.84989620328,307.52060800695773,0.0006172821039831592
6241033345202.5,78426.1846877796,314.0542260723173,0.5573349712763863
1785684365.153084,30099.076919453586,312.89522224175795,16534.03136831395
68369198.26623091,35565.228102713816,334.12742316492614,196.52991442296232
112295704497.57085,81902.6477536365,315.1293580350534,0.003078766556450996
113156823.32479978,116378.84469819692,282.4524553491185,3.3262768077733e-14
1362760910032.242,78199.59795511085,332.4429791520538,0.7064576388561109
481842831210.73535,48736.857199334285,324.0936315902503,6643.203081289807
158926.09693264103,89535.71319737202,318.9557719448583,3.3836757660731656e-10
70409.15784334633,54935.9822484148,338.44268096708305,0.00022967732954169286
16016851.824076088,37449.12295386212,308.1765804276604,7.227202946379216
61969672.156992815,114314.06422941196,309.1408249104636,3.04640128154482e-12
32189708.929698505,76156.3872593987,330.6950778531252,3.1198510001073994e-05
8805.063752930946,110510.34709205698,329.8004845113944,2.7265068728638833e-14
1687322.2403371437,50425.59209820297,333.78661899824414,0.02235654456974776
903970575338.7506,51924.99780525948,330.15223122792605,5487.573858275141
662360.3097056899,83443.60011660936,334.78835703443997,6.488795825977436e-08
5974764151.1915865,62901.86059525608,292.4129900033117,0.03472196625394145
611579.9397955547,44842.44653394809,289.1905993098722,0.004873802499054561
8735355052433.426,40781.86674667194,300.3407488341363,719623.2091495682
179456559400.63602,84845.06534021592,315.22210620769926,0.0016023975372786092
10843.843385732347,118599.99119247711,299.52710426624725,2.3429664604403563e-17
207319174337.06897,86363.9173552435,290.8015343242648,6.629244643576301e-05
241587460142.293,71078.4379919374,326.72169137026077,1.0421180438898598
3549752873.4149685,71677.1282464019,287.1624789139383,0.000322845048020304
301808177.63704026,64223.87537171944,318.77533771019705,0.009167733532962085
41150381125.21158,76428.69571466239,316.7230861282616,0.010588712530459815
544438500.7658361,57820.8951987661,319.01666104661695,0.18386061066500226
10795462332.156622,106538.84742253277,294.9636719515342,1.4925540622674064e-09
140778.01234271465,76182.69945695039,344.24006513213993,3.8151150854137534e-07
1423689118495.937,105087.63455993288,336.89576377628623,7.491787498545546e-05
6067382132.461722,31521.881667868634,293.03949096341046,15180.458147019895
8118720.083646477,77600.5893617649,337.7711537678404,8.08989489374973e-06
52518.59471468697,118514.66424133409,342.2083066759273,4.2954888914784884e-14
29073.546566426183,102234.94560607203,325.8448528272233,1.1628713990574177e-12
173246851855.4994,59250.170391371605,302.70956051504743,10.477857747804762
883192968.9013258,110421.65232184174,295.65063647410733,2.705284628565077e-11
12513848.158002486,72048.15552964079,307.73567696167964,7.546682210881147e-06
20581508.894095544,87158.28402085957,282.48145515940354,1.5734853355473877e-09
3864.053768998192,101249.51178753568,292.81647879019386,3.3174237062761382e-15
105432494.10089174,57283.84334160424,316.79336093301526,0.03930866107353835
247499.82780914917,118103.88907156185,335.05454730885856,9.488871580886284e-14
11387484.035929825,107792.73177469158,342.5072681285993,4.184762324235652e-10
1715159.4086674275,42173.032013646814,310.8433861174335,0.14072331806458296
935963.6817570733,49553.10700851985,311.71260935549293,0.004614923432870078
1009.2872151697823,116495.85901121274,301.18928718275583,6.3175512893071675e-18
1107703334.075763,78848.28342793442,314.1534986085575,8.830216130361005e-05
39715.78464368376,58120.741299777146,292.61315737004696,1.6745567551080826e-06
1903385.6692557738,45760.400320500994,286.3203235800167,0.008485363849493013
355253578.9356701,42026.4102381115,333.6121044638756,92.7560339703124
151976714.81017154,44676.74126304829,309.18542238799506,4.451370636967397
1832959413.2411475,90370.34878324874,304.6793121861883,6.051176607461381e-07
5922078350264.37,100642.13951162275,301.82886083434755,2.271220243999083e-05
6794487012.921411,64856.87376974344,305.8374367911672,0.05737879772805431
18227.90011590975,115157.79099694714,308.6891476230212,6.073891771378104e-16
414721192.3698038,91367.02709869479,300.3926787150873,5.617486631304904e-08
71219489.72041316,66989.57933044636,334.6660112935241,0.0024980911050599816
3878399448.772519,94038.71457566337,301.57401272247137,1.9890891684065356e-07
1104591265.9669619,113618.60690035255,296.1117484763133,1.0123478590141406e-11
730204075.1339307,96586.37536614768,294.9439811426676,5.773106792214871e-09
955032736389.0548,39525.756829120495,287.08118317992074,60883.709118238854
40484.88325443865,112010.07124771837,331.2288798280149,9.016340926170433e-14
40765070105.385735,112437.39721823212,325.9660185949713,4.084942189548414e-08
686703988.0830709,85198.04810387164,306.3449731996184,2.1341957351427383e-06
14005085.896908471,70083.96065293605,300.0341203392447,8.662242668116819e-06
43000.43910709293,85270.83609591231,336.1102278177413,2.3930232122727074e-09
8538267826.980771,81513.09536690268,299.89881686204325,5.665419938145599e-05
1277487336.2768064,50350.993254762034,314.20854833427103,5.345655490303549
1929731.924933026,93446.63946295046,301.0889079719797,1.187200737668411e-10
1196520.3620501708,52983.797670505126,301.0942258526186,0.0007932879036860556
68166941271.34446,68187.54784058945,319.25445458505004,0.48438199090556366
5842931515.352121,48016.624203694475,284.992512042413,9.436458210299891
6030916590.30487,103500.40922008725,282.72835640606695,4.6243900672129494e-10
223109173.7669001,44637.33046130128,323.8141986021677,14.647865936108113
5401040800405.698,45213.6392145908,302.0229608070155,82251.31949836995
1260498808845.1755,102571.06777725145,322.56385518165627,3.147931206119654e-05
149313927.22018024,76403.86922199506,286.52075990135086,1.8335700632859283e-06
3630641565.3940134,85918.4346796984,317.4424395301688,2.701582130921724e-05
4417127701877.472,101413.31167298256,302.65353800144277,1.443737432615884e-05
81440073.627155,34162.73896232521,285.8924721324435,48.84414926578021
81898.61949692226,106333.64983934637,335.30077342142954,2.248835780273836e-12
6940.024125302583,83780.76675480427,293.3245204434409,8.692669056220297e-12
126651763612.43242,30908.45707784157,325.92428168394866,1448972.316038997
7970226958.597682,96128.19882194867,289.45500708575514,3.517149854180316e-08
1147231327.224669,110693.19447157069,309.36073675196377,2.418032314459593e-10
9875.77161003313,95934.93039475924,280.8075178593234,1.3813165974189283e-14
1631431.4079189752,32741.142300345447,332.41041347563544,12.179224980300067
781048172.6758418,107145.3439133569,319.29595581876913,2.360851385673223e-09
55711379806.832054,30685.110955318214,289.05947637717253,163900.74899204035
19401.110795659155,33916.9405741069,306.3477563988386,0.032762721861729675
2448981575246.7305,35673.97433841869,306.7899383789512,2078911.5000772704
4837044432.2174225,30559.541864224284,312.58651269451843,37430.82959130071
150917.05814123357,88649.57242214834,327.94927687370296,1.1298522395382848e-09
69336848619.02275,115440.89213588429,348.8208963104838,3.5406994620481146e-07
1479883749517.6492,36635.754863890776,297.40717077446135,564116.7772001616
8469894.50262993,99635.56540770232,318.95173005137065,4.049758875751959e-10
1083025545.8826761,83598.56984271073,343.3177626003768,0.00021559651045806132
2222806.9293662477,31776.200628125498,328.87164777462453,20.824242755816634
1205703526379.1562,118110.78900018224,318.04942896771547,4.9533406823646296e-08
19886.12790794,71438.13041100629,341.86893821598994,2.494185415052328e-07
2458837.992029339,90046.34110752394,331.76886887654786,1.7006028596792924e-08
1307079.7053335086,87722.52992566573,298.2327709874845,5.641815340211761e-10
45173.182804538745,77535.36103798085,335.1656076948014,3.721996388142041e-08
4217384417.697404,84866.16748735722,295.53241030100276,4.338750795400941e-06
1174.8814078158896,90197.48356648313,331.30243676056864,7.308821055297547e-12
188772768.146201,49566.38251709755,331.7522469923127,3.0699021293259015
21471.001024360958,38824.77224967628,300.75870303840327,0.0039870349566511025
12267007745.033766,82215.48884141589,304.69808758394987,0.00010031894300355512
3482583827637.118,79050.2202854647,339.01274905505977,2.322964918922332
177751147.065194,81520.97898324233,309.4186969986805,3.1776843713763116e-06
1186556.1536464153,83913.82763343414,334.21279357383315,8.999049715034656e-08
50507.22778891438,37031.05179212204,348.06483399671026,0.13796415126767678
89449519.17771085,45010.22504933625,297.6713101577898,1.1313200537827155
1051.3901197423374,114685.71436180337,320.41109113738264,2.1959770541073614e-16
125119.3230841932,55799.66496911745,326.1709506131283,0.00014657284449952267
6676.683521015417,78626.100116869,299.2234143786041,1.246374737056873e-10
3080624716770.79,47357.622587281556,295.4307071108918,13108.261606798676
14483316741.353746,102991.0821354914,305.62927327046367,3.6295046256610706e-08
1813321.500023518,65040.25031064113,309.52997149649957,2.0042435733752278e-05
560234469.3501962,115022.21745709021,284.425355127585,4.3633354449987724e-13
663316.7093917509,53905.21441004145,303.78033896307295,0.0003745520039321748
4701315715601.125,111469.63910152465,302.86002171646527,2.809665431116059e-07
11101575193.822771,58948.48390666008,324.1254005210614,3.60418457428202
40118.61526910146,98628.6246633348,326.93616429435906,7.0789858384074005e-12
221767.75844141547,73510.44544509912,320.9360659849988,2.5189000322785983e-07
1143617821599.0317,110270.65410567548,288.3784028951638,1.2493452403277045e-08
4866.612466124893,56333.16566430373,342.05930813441614,1.2556135133686443e-05
10339.104197730268,54569.92136483578,317.5310080175594,1.098553952208137e-05
123726052.71298006,63041.50276002326,286.2016541830107,0.0003844523283827335
8957429.334184365,60119.14464974853,289.28004865536184,0.0001305260121566386
3406521.7038926464,41496.17059969205,297.33923946926126,0.17398971608524497
39922434.547828056,66606.59896664004,292.37654274760786,5.067295886305224e-05
5503.690537887516,95136.59809664222,299.6891945613064,1.50080234169551e-13
37109254442.88934,44854.95125150739,339.13410330091494,4770.674901175619
88152.36060619996,49088.01658559229,323.28461352854464,0.0010288627782177318
272396.7034316054,43133.90345174739,313.5484769024604,0.018347210444872968
42101.82102020466,79368.02195172859,314.1533726231002,2.691001004538737e-09
763113250568.1859,117049.44765598656,345.2732561101702,1.55168748606542e-06
5787851552.351566,111288.70086869613,339.713892091618,4.6669879483885867e-08
4825987.611601496,59539.27366753821,337.6266509472601,0.0029600730703024107
466484635.66060823,57381.44292016786,294.2878703560594,0.030759355529935032
1787846039.3557146,51467.93349708825,334.1625517433423,16.318511183207804
2440780922828.0327,77652.08064167813,306.0766891620329,0.13817889561975655
1048748.752544185,102412.91505537399,280.52868978526874,8.823360332848744e-14
132964564777.7907,30697.21250014377,307.84339299373045,825541.6142398958
2047478879.6992397,71804.75103371576,307.5017037813598,0.0012816068597235834
17210.663649069822,87952.13478780571,342.9600626538836,6.880165790756983e-10
21095430.210598506,105528.55835801997,283.5247424033345,7.489152448224027e-13
40810880178.87601,105333.90417741172,312.2085618863986,9.931830083281626e-08
460241037.4456078,64528.58552972649,333.52671624628096,0.03725878373672987
24673.339820326655,103101.32641882301,309.48915887343856,9.7193693552167e-14
3722445774.3146763,109181.28394443433,317.63373865696883,4.25389397819191e-09
1252931413346.3489,113641.97096377073,341.8844680392682,5.403830992581479e-06
3861946319324.6426,100532.6748931372,338.47806868241497,0.0011875842732401564
55153821154.70795,66448.2753109553,299.1850887493473,0.13556387682726795
19731.484622191896,48791.219816913144,343.82353143356073,0.0007543948045406897
49188.6396120648,112322.37314544145,304.00504713402495,2.48179407124143e-15
6098474386.175312,70194.31688686226,337.6144334650653,0.08554818388882536
4219967259.5382023,88067.83524678281,293.92357403524534,9.432333820544858e-07
2980751.554446815,95565.72979015931,348.27739086036763,1.3983157106623102e-08
12912823520.613617,49063.782391708395,321.06200322263675,131.91347955262165
94996.55193641657,31047.46952657962,297.75611633972926,0.35344894882288946
38809880.849749304,92537.75053659908,309.7641141850952,9.711444126146272e-09
31766955841.25333,51225.06805970297,333.499232615526,309.9858735604063
76454.92859739899,61244.83732611899,293.73774283409625,1.0179494471998637e-06
4738774.6821628455,74937.89982351149,294.44861464457045,2.3926653197288427e-07
228549207.90568778,41486.25725008954,321.9690895914707,42.25926764287691
31310925525.385082,56469.77741136613,285.1804920479003,1.4836190142443864
365579109.61533535,117937.12530450884,286.0224779295852,1.1086100176161473e-13
20394.248709637704,118704.5578837888,309.696221478447,1.9212551413251895e-16
19276.571338804253,101548.07402008607,280.29262892499935,2.3784824967158374e-15
258598530691.70056,44626.9555971656,292.0345142254269,2683.155927181645
39679.25643449969,60782.730274788526,288.0669393949344,3.852498675167281e-07
6934976.070904562,78896.30088944487,318.70662979089315,8.239173411958676e-07
250134682.9681962,110710.17037353897,326.1251077624433,4.624974237965848e-10
10415007.927944485,90745.65960802606,287.04350726699715,3.321996231043003e-10
5174163337.361441,108976.05713036141,283.20693709497573,4.200944306419498e-11
3531.2569849974616,110076.0595065338,292.37734340629606,7.813361904780859e-17
378018.402968651,34948.66908709046,337.89248622829354,1.4921664529535739
9042736676.323307,108362.34789616315,329.7776192444832,6.417756927439624e-08
2350474131698.498,51464.52051892916,321.14374264987845,10363.039659692737
8960682250457.473,36234.15683738533,329.7279940865072,16296766.676188458
173054.7634979782,60105.22343412417,341.73932078768837,0.00011018186119544408
952020955.9210416,40181.69042210728,282.6578647816859,35.43146876018147
136458129.11022985,61571.51824695846,297.7898785648976,0.0021595255055742507
124103385.18893805,50075.00797253758,281.12346813411216,0.06411675799152432
981859660.9237336,118891.02650027888,336.493937539531,3.517188698702187e-10
1603.9370296503614,87772.99192898718,335.65534133854067,3.637461678318011e-11
1538459486602.3425,91166.85420938602,337.3344822758105,0.011683467636815971
34531947256.39654,43791.647584243896,295.8004072236593,627.7494639152218
1175225373.2741919,40099.38231464563,286.7172961756527,59.055323087432946
2392071.96867292,92898.08397893702,300.7611820398636,1.7715634191893646e-10
161780073.1414327,81683.59017194204,335.60210635830595,3.258876652903549e-05
4147412477.272076,46517.52322031362,296.6317705606808,27.439972849884562
1381446.3115598704,62492.43862220773,341.5222363868401,0.00037815800060946064
5438667628.391193,75249.55436670003,288.91987155158273,0.00013327519426900334
5332004264311.525,31599.943941008012,333.3964325286251,59436675.64068062
389615313873.2336,54421.39663261986,296.15818298882726,102.27136588036663
226428488.3205315,92271.47202149793,336.4664764416508,1.1080557428370816e-06
751937973.2724539,98878.57554889782,320.00653360708196,5.629246427335922e-08
3059.7258917327613,116520.26305246784,337.9763239494165,3.057807741243203e-15
1052383826.2417946,72965.12031411813,282.7671529927492,3.42558764906559e-05
5165514700.9041195,68430.7653975852,335.27414802295914,0.11752069398777479
2701.039822473481,32190.274718242854,342.8495966033955,0.033688434063565975
5316.533633902288,56453.076247663514,349.1382331643137,1.963144514489353e-05
228682810127.95947,74185.77342711049,298.08649705209086,0.023659662860612787
236940.126821035,32380.170903050646,295.56474114623325,0.4490232589115476
2803060904.7640624,46724.22152887228,303.54821091165866,25.815219960038434
17306096095.063126,40391.99024190623,289.14424927424807,861.3308889784568
76689.2331596897,99411.25060316997,341.1785968679098,4.695076779079618e-11
47949716.322528586,93942.69771775784,286.9308320127138,3.7376585393854673e-10
50706.0413444496,84455.72192550662,320.59331596555717,8.999202448843391e-10
8219769774038.316,109741.7412351877,292.0963134455032,1.9999195945038758e-07
4647.337977706918,79667.06317111995,288.7410841285462,1.863135331574416e-11
2786567436675.743,80685.29902656135,324.8376629820342,0.30687215309911464
577512.8990506781,106470.5435228673,319.89031967638243,2.3871102073386297e-12
1368.990484405416,43644.1327968957,293.05176492737706,2.2463158981951012e-05
67160478.54816243,60231.354406862185,338.613995119071,0.03401210619504377
16123222192.355091,110426.89812777219,317.0503369512733,1.0235950637027834e-08
20915.50909280264,69279.25664769708,298.487532543701,1.617473598136518e-08
11183563.483028768,113980.5632572816,298.82884389161745,1.3111900240386898e-13
7448448.133232783,115645.27828496807,305.84845215662506,1.3841195119440095e-13
10648.967028596624,69801.59643339718,302.123089102307,9.318915858744284e-09
48489.94443525188,85856.03340579793,294.85413137791755,3.066990821127151e-11
59657.49521048451,116261.59667999622,312.54590386363316,2.252987301558276e-15
12130105690.120914,61819.755662060525,303.7351756576842,0.27925435937869614
135845.30396401655,115032.50180621455,330.94759615072314,9.474097341344901e-14
446875955098.586,106436.54461077902,296.6252508555233,8.188598538040379e-08
3577636478.2898836,112373.78359161812,289.0379756020147,1.8362944039454546e-11
39537713.450451076,75518.36705874949,335.54749107931536,6.957964605716723e-05
2870630166580.3315,98539.19839614327,306.05455897974485,4.348428085966096e-05
2926725.0373885958,79878.4610819653,323.6132570797014,3.868329966425995e-07
267959123.81745398,113152.94937366694,285.43926976717614,5.366262245091037e-13
1093404.8020439458,41282.156160903774,325.08918892001776,0.2657123533608665
5020256.690621461,63342.67878541495,287.9777092536224,1.66865124233861e-05
25128162.53624859,66748.60870604502,345.0031671848289,0.0020502135077684804
82124997970.99698,111190.3059560146,292.11150153847734,1.0872338293940872e-09
416965499.1381992,77725.09510215686,285.3073873737199,2.5392545877398033e-06
166753486.6692183,63458.10620736325,294.488503084754,0.0009422432363240651
8554795996683.788,53852.134292850606,344.95568971106667,62274.78121615308
41087694.16659561,45832.825751939614,296.8554410978592,0.36292136433012306
2880629.876300882,109121.66421362986,281.4027303810284,1.6711128249623527e-14
4073435494.409737,84412.57471593484,348.9095606846415,0.0009714374115103379
2426239480630.9385,50870.280284609136,347.3869310118512,56662.56135601399
392966899945.29144,38081.284519069704,281.4655602037176,34498.24622164399
21188521861.14096,73621.94993288709,304.1069856799843,0.0049336286313470595
4445881.876412501,93330.23185885875,323.4639162153171,3.925099786730528e-09
7049.0121169153535,111797.3166112947,345.7184914917372,9.161416071711603e-14
24791.495427679292,63276.57009968371,284.59047587632637,5.986592779741122e-08
1494568508.2715325,38073.110684741696,329.94468370792015,1469.6291572882049
499993.282234561,53127.34181433714,288.4536884039591,0.0001234414333349251
2464536996551.2485,71193.33794799092,283.0439806513233,0.18387105055345593
177175954.74289894,91255.55635354866,289.56875179716684,6.082041726392096e-09
9917.606523658991,115886.01434695073,343.68240864282154,2.4716902938400455e-14
110397.8585699849,42609.521400749785,283.6146853201299,0.001614138736678514
32323286394.466297,88182.28435529099,336.45657232126206,0.0006728480161751058
330584415377.857,65017.95865557184,309.83615605859893,3.6951139216301017
6859593100876.627,95963.66350401832,348.44763650854287,0.028791525333017185
98945973409.61058,33702.07938215145,283.9981746086063,62329.80613860735
73002972.42518793,61863.46334837367,290.7156040470574,0.0005861125295518351
8932077.627018189,30518.281754640357,331.10789386243175,141.91094503955483
81653961.49140328,118519.98171923583,333.14132523960654,2.1828236859122848e-11
48151.80730543015,35588.20483982141,311.2910478157601,0.05237008498434593
4275159437260.9155,81959.8156946951,336.4868172400699,0.8471243166002683
1528972.2690365457,114832.69439781868,288.07597557496774,2.3679075972082677e-15
611952719.9210191,51786.884479295186,308.62608662931837,1.0427696336689782
9488.331864843743,85978.70112558153,306.9155957227842,2.2681612673670935e-11
1440923.3170069982,60429.816115419715,308.2723130463123,8.420900385714952e-05
7279044.60236636,115727.66128081354,304.9712905350244,1.07773435308526e-13
156987361360.44113,41628.60241431647,318.9199637140181,24241.707589565678
15019.505862027017,31270.254567902295,323.9186793478792,0.13373337916344116
1355457.5823751977,63262.110587082425,281.10589032077195,2.399745166836778e-06
31213569.722006164,105179.07468662578,314.6986267322765,1.0903211091410465e-10
26051512631.076668,92920.25060383836,284.3542776235367,2.3245817200282567e-07
33446.61298021145,44979.90144472703,345.3333095286749,0.005154207408081389
49863387.26888259,85183.12788479157,343.9407641142124,5.661734579306142e-06
8391922056.94193,86647.93444376907,313.7437321819989,3.1293283615100724e-05
238854853979.6076,72116.45400163857,309.4281363178325,0.16666349184564688
38684543.30206049,89112.41950616229,288.36288738894075,2.7794064263375673e-09
2363.2998038297046,47755.63646054815,302.5813864974088,1.3607989066983963e-05
4679627.691800892,31755.45610675292,318.2768709668019,29.72920451821064
7075822.949168539,40921.2082133941,328.99755879855866,2.2180707328586995
11556.309080678395,58449.46980845129,312.12409720790333,1.908091554474593e-06
140557.72777006088,46311.84485703285,346.9465542670282,0.015434322722736721
2849543743403.59,106829.10248673013,298.90611857652203,6.166122763962161e-07
1537875.184237323,110357.46389206982,326.1460194274453,3.3455048602915152e-12
1091.6920921447688,51555.94523964567,314.63327516202685,3.060143586384943e-06
16210003910.997967,98108.97309770642,340.54691613492696,1.4333150369146439e-05
14199277296.842176,30393.187055176946,281.90976362669363,32812.098370054984
6985305620.011194,46110.968699021294,301.4418542185954,71.74459987756802
6388486710.281962,32396.13776423417,335.0857925045027,57919.480634592626
16623935156.722647,41795.455431365175,318.5913281997329,2383.9085519605164
535641.5052760671,91410.98594413079,301.18806240392536,7.640161087722001e-11
4087.3785545114515,34996.197448325074,344.19399033722806,0.020857444035561633
1385548098.8535452,102317.99957692689,298.74271540575313,1.784018588494249e-09
3289002578841.0825,116125.5242535726,339.823707255823,4.603558874195996e-06
447882932.96149874,117153.87620560892,290.054966029926,3.6787674370012716e-13
7097434851285.963,42088.98054805081,320.2185351648591,965864.5664035428
2945490368.2104063,32833.76145445492,309.33661903306086,8252.958809803406
842389943329.9745,91159.77441213341,319.2292775803336,0.0010545893264268344
6809647430.025437,114651.81319395069,342.292538064916,2.1396470849863718e-08
8578832.607957682,81469.59513715099,321.41202627796713,4.990121289987102e-07
11940273888.453197,83374.64504107,345.16300679901235,0.0029110564764431492
1501.4669791598633,97112.00947902731,319.2102841743935,2.0043741001393146e-13
8584.930485463046,114714.54415581663,349.0460751620733,5.935083827008113e-14
318124646775.00464,40271.18891465663,349.72382317097197,302314.7380277433
9106277.975696042,78878.94359034293,325.0067141769897,1.9789308168445945e-06
7432056.566610428,65837.37507010295,288.74071815262823,9.475506132494231e-06
31460774096.590797,56645.28506388335,280.2460530573436,0.8831621284946224
45132672.22797666,103746.55950956448,324.29297879997864,9.029433144027387e-10
174523192.97404924,110001.52443374087,315.9847139032456,1.1911800693020148e-10
480839716098.4352,77966.38693077677,344.92116221691003,0.7475761193740158
24901.229614118438,101023.66841269827,318.7510889818155,7.228260127196159e-13
517111.78133430996,117669.01652180117,349.7281047398727,1.3565319375116665e-12
11405.892837523648,64901.95176646456,349.7593510745087,2.3855311019048983e-06
4312352935.627617,49909.627789282196,294.515208468407,5.948532937178751
1059682315.1642576,59502.83257337597,335.38269928656894,0.5770338369857231
59161728242.06881,76373.67232225038,332.2484588786634,0.05811767992709588
554770906.8937882,96187.04920058942,306.8235402077715,2.35325767682849e-08
1003021445.7922231,108655.96421427546,346.9305400295144,4.517963301570863e-08
306787881.33549595,81316.8830151272,346.5463922636086,0.0001667555519638637
49493530.05796202,105598.43041322667,336.050291753171,1.9541464572751813e-09
122509372904.15318,43293.35330299844,298.99590997371723,3490.2323545849436
21738.797707769307,94940.85645639652,292.5959178270341,2.5002099661586477e-13
933905668951.2173,119224.40618264876,315.1892323559982,1.629836747819681e-08
187672832.47276738,97684.34788164623,343.81297554614673,2.763891569584131e-07
64135935034.60882,68290.69443853825,283.5955125594896,0.017706832411352076
2455.5342262260924,69270.26432704442,341.1448362076818,6.039641300302443e-08
3227436653823.294,41153.702889500826,290.51464816733,129055.65867030215
12673978.206771946,92181.56051103337,296.5196436256039,7.635475420171842e-10
28070303.32287249,115806.42813498052,299.36128158265865,1.8198748384106524e-13
482898.36277314456,90921.72328601533,326.04990446974057,1.3536202669786327e-09
1495898253577.1868,93107.16569599809,333.23471946320547,0.00389887207403289
536842787092.227,95117.0288111305,342.96327318253793,0.001825911757918884
435058427610.7015,75304.61455147571,295.5969853762752,0.021615254470733238
613429.2276844688,88533.9920622746,288.39284599224135,5.6052927447697114e-11
6902804486.031148,110595.80844865034,337.2079536340264,5.161101706491663e-08
5258786019741.189,53048.71478552786,317.90555385368236,10312.478999275123
482539360222.032,31486.492386214602,341.27221032381124,7507801.37646913
1125883719.67284,65616.61272597239,284.969183725722,0.001082153443116885
971612.5165375842,50003.87680859641,338.28263027546063,0.018731140216946662
271504956496.8883,45306.41659529878,312.67199184611366,7310.542971280738
93186306469.44023,84318.95680225219,349.6010476416137,0.02385725234899156
1792.2117495398697,53513.012045441275,285.3559539613788,2.8660578261420714e-07
2579012.6020951895,54300.08292855493,280.82876236936585,0.00021277245981458104
709144372.7910823,109664.91262454451,328.34252924000106,2.5572429951833826e-09
117293115.73474427,100416.67458000385,344.24091073326616,6.844773836206807e-08
6465404778.6156435,30635.867373352317,330.56810688402544,95741.80327734535
251244.36885508642,75644.54730745935,316.1873480916269,8.346326282698067e-08
6182992005.319263,108451.4575502137,319.7959315937469,1.1718445832633777e-08
15759567.50686011,77522.6302472222,333.3746098449102,1.145380891812633e-05
1645955416.0936785,52300.44409820027,283.9952602377494,0.4050259471013732
223329869.36678034,56742.55869163953,314.53299486805884,0.08838991455222155
10976886203.691162,69440.51188389777,314.2526278373026,0.03130810828733945
7746502538327.942,93101.54476610344,327.5887800707195,0.010914975989733951
6340793820.924705,56954.46796597935,294.0131751759126,0.5009840274892319
1355.9947849600255,102065.7627662987,285.11275696770156,2.700111071739098e-16
5393631569.0401125,79558.73167729346,299.3387930031149,7.33862545792519e-05
14563000.644812651,90357.19597405125,310.43271129708415,9.077210380120107e-09
5103.16588024974,44396.18662369535,331.9380505493109,0.0005240212575173857
4876.15415194959,116259.80279918388,283.65359211340444,1.956600825530347e-18
41229.84183141699,61945.454729477264,328.13148315686533,5.647292924534326e-06
801080980454.7666,79382.35491749775,316.81559289222037,0.06466579819327793
38921.60202858069,88379.6088008435,304.9583939354676,2.925295226264689e-11
341962412.8727052,71756.32909979706,293.20762134160606,5.7339882340648205e-05
2524644442982.674,85389.93480664166,317.47314118759465,0.02348065104926851
2172932.488561291,70764.8015406034,290.42775543669217,4.1083581727976726e-07
4505642668.102744,78632.35629610853,313.16960455199205,0.0003477811607632684
2364397986187.2095,84262.96695056095,296.7196159480598,0.003591655721802774
4391089.947496319,45776.41367557335,292.9581603528462,0.03163037597578887
175519133097.42065,34071.4042914522,303.7012729360981,240242.7677257871
134105.05035606187,111825.29661930325,333.494997853366,4.25692937614345e-13
40499.242962353,62609.06553189584,311.79716570669024,1.3270483833356972e-06
129970.78917039958,82308.21394880355,322.069949027357,6.005615985367886e-09
487362.0001296664,51576.695791201084,286.99601597374976,0.0002059435636586825
37901419466.51842,35940.74188444819,345.7086976070773,144267.58271629483
471835.31384814874,64266.95692992989,346.44753783906253,0.00010011136700042893
7993009668.070082,43586.6881694888,346.4234837648802,2164.5195307933104
449611.6875417426,109578.5658590776,306.33726034841624,9.546292686653107e-14
4955798407792.284,40580.83344943437,310.56225209273623,755462.3926818699
273724551.60810393,56661.95626628354,338.39700676707366,0.48273350759843836
79322.24768204842,112351.47055179563,289.3326361672693,4.2213877435792e-16
114014.27885955635,39514.9579823804,310.7943094583655,0.027114732373329353
11692.679659014733,87154.50043945554,302.3453372258907,1.0071259281997891e-11
7069.578759556879,30870.936413537635,294.6613627549848,0.023807801776504635
88696886138.30887,75838.61560949737,283.8657865651747,0.000984135156871798
134606.41616012814,68400.45422168958,340.22292565713684,4.416115577113689e-06
95044.15831750658,60499.78712574548,333.7711339700069,3.383482196201545e-05
175817453.95530573,106518.20131249297,292.74012486859266,1.711051734746626e-11
585900236393.5271,40468.338963256756,296.2451261451277,43124.74505219554
2268201.664686173,104446.60188658764,342.2386593946199,2.576147537342746e-10
4944.984660083504,104290.90869687565,336.016301758246,3.1235044620821996e-13
28563675904.75986,46970.91845425603,285.58604977972584,72.03598065499041
274298438841.66562,101719.16524174031,328.7509375552797,1.8690497579434682e-05
50185575.40730727,58473.85722551629,341.49470918422486,0.05837584987317599
182464020.46698874,83442.3463717951,336.2275717960041,2.0113222051742423e-05
82262120.25802414,74164.34082500276,287.28129077603705,2.739133484958431e-06
19803755373.27725,37079.20340600362,313.6365740783603,13402.343639205505
835912070.6194813,69588.13318052357,334.81637862739257,0.01216936208549235
1748872586717.5999,74614.05677763498,346.9079413949752,10.684201376105671
14699192927.96358,35639.81215285138,292.4575772894466,6643.017181713606
104899109.47688437,113163.75871896931,290.4722386788055,4.829905366267749e-13
125533942092.20158,75166.90699975801,322.3682289038237,0.08579797821957039
91857525.25146522,75154.63318490017,312.02777634924666,2.3887597054882558e-05
5650263035966.955,40278.693545966365,304.8076458592065,699180.6530515089
1445.951604551627,73653.95480246657,347.601977881214,1.2425637668224621e-08
55164975615.58739,101886.07780945228,342.6511638341639,1.6415686223072264e-05
5455.096966561867,54304.997574423134,338.9050259480824,2.4071818080671775e-05
120672046.34861289,36236.82764621472,327.54972016849405,203.1277828997055
15932.787182533886,33289.25206951726,345.1274686809286,0.15063565089923955
9044494666.323698,115780.68764338068,311.1066422625359,3.3924046100469646e-10
6187704904.125896,101544.15118195723,340.8095582990717,1.6689169834909692e-06
548160.9702256455,63616.33921515249,286.0324195610591,1.331793718759854e-06
1610947609.6691792,54450.628643680655,342.15496688975423,7.722827435743666
1307441.2690074437,89916.9212199543,319.3595054682105,2.5635674401310984e-09
10557102.981939849,112606.7407889165,289.3093164196626,4.989156079985747e-14
206114940.72036523,43031.91027354141,283.8672960016062,2.5264631167874403
145630.04327882073,80957.9163417161,332.88877005679507,2.8862645384018455e-08
888955029099.2783,49904.972083385896,321.2920651851235,7138.726980759087
110514201.10286996,77316.06935815068,308.61747803811954,9.355361601885698e-06
119155.05288288809,89614.75877361672,281.5524842625171,2.7789582461647475e-12
1208.1068128424101,100412.90009421066,336.5912382489242,3.1384330769419055e-13
690661562367.1584,73920.08085615738,284.27966082821007,0.018769166202140673
10347735765.783533,53868.72187092337,340.5108476534483,58.183309160286285
22644.714033434928,102750.23997166633,296.4208887053061,1.7906178792258576e-14
345014394.1066928,103414.95986524211,286.3093156038219,4.607250952982007e-11
476957.1206578476,62430.986720209934,344.7316300508873,0.00016372007540916585
655122678.3059964,63457.93498699215,293.9502180371193,0.003400568170679572
1200644504.0784678,97139.44116517573,333.99781175321715,7.810077566556405e-07
237670866.23149633,92795.12358497488,324.73723645120276,2.8166877162395247e-07
1993780060227.4062,83940.2337947909,334.0912814457697,0.1491207194596086
10278860131.911264,45854.734140745335,349.2418968171139,1472.0342322623655
6061457.713661662,74481.33648686364,343.8811937275063,2.885666594446766e-05
37761257120.06615,96673.97358102766,318.7446881045982,5.311887624611834e-06
438135614801.18726,69040.41297276749,347.70938613950545,18.397356008059
1858639.0286188694,63589.673565652265,320.5000846265469,8.239222377524719e-05
1344014.0008937153,39444.506818714326,327.8886825539248,0.7092239217931467
1994217985.6146243,114548.47700259743,299.48537256427534,2.0528237186791056e-11
6916603739382.57,35100.122797174634,336.05538427795767,24659017.992141113
116131.27505851958,96409.84626870112,344.01474115742957,2.6712505927336836e-10
1153400381.74297,74439.01487726539,285.9108276531906,2.9456578236107935e-05
11178468.15999082,51994.46976609809,281.28199659879107,0.0024721516663087756
16600682.304018006,32884.17795270043,319.7170455062322,72.01282669020763
21715.33234938383,77083.90157407027,313.9884189178788,3.3334499558713605e-09
143714.57196614548,63330.91274722084,310.70389894542143,3.1732933214319995e-06
913473.6552293865,116948.50172323559,303.86376164175243,7.224673291072536e-15
87050.20256367649,111308.51835851546,341.1160550228023,8.044450982376118e-13
4102523104472.745,62658.17931900476,343.2414773766459,1176.8990127732934
62532503506.726,104208.6701522256,347.3605904378518,1.3794941260551793e-05
888416944.4741877,95968.0777284669,314.8208472046271,1.0819110696971005e-07
910180638.8941761,36092.60704944222,301.12181917923914,492.75614647396696
2545475122031.969,75198.4371984918,313.08367646209405,0.7539648392668258
595962390320.3176,117008.32496974588,294.4910154156449,1.0591584674265051e-09
464378933.73818827,61415.26156818328,334.8822908171818,0.12130686905617628
1554808685.193596,87857.08856327558,281.0486615830415,7.380965557997896e-08
4738.7416057790515,37408.44354306774,291.528310199892,0.0009615303722614025
170840090232.30307,52490.742703920085,329.0577652478997,782.6787478486387
25244151.061450765,60361.633694222764,298.9698172133327,0.0007211148373259473
31252049109.173798,66762.01773607038,319.3461666173805,0.37340757137292346
418668056911.9037,39022.79548780559,303.1501669862481,81596.79919970084
68216510221.16381,97417.97527637765,289.5677111077882,1.811163880673553e-07
3606.3609211722564,45307.32137958055,321.6295178381953,0.00015940340407263531
1075.412009219968,119580.43312939731,296.18867315850133,8.630232927245577e-19
8245139164.757783,86234.22012897153,338.86040064032375,0.0004140744425121669
2542117533.847822,118459.6845149755,335.04093965297557,8.752410884232177e-10
633183510754.6825,54211.78426143389,284.6289806307995,71.14579454107552
1112563.4680091406,37190.19715642798,294.1875410050803,0.2758657235952402
2477782883.958805,95565.71332498411,326.6434359639985,1.3389943251280287e-06
1753327148422.3647,39580.371817620595,314.8429160104637,495927.9198618848
169869886050.80045,119074.93767602048,338.2439501864301,7.151077757774817e-08
5283363.175853253,98911.31744438467,323.58510931731837,5.867657460569444e-10
3569591882.8409905,67866.65072860889,280.21006955844666,0.0008345639903184329
121088983.71496986,82393.02505484447,324.50478975984794,6.5460155340660655e-06
837695118.8118327,107855.34955884905,331.3228093581733,8.678423801052936e-09
3140394.7381149656,58488.55189519259,339.1248222384712,0.0030189945106252167
20900.862308576823,96869.93478834198,342.14760801513114,3.42035230265216e-11
1559826361175.685,105433.59444622652,331.24629783477127,3.771434852832562e-05
30531717.025492653,54205.383305989446,322.62224631688986,0.051026799482570474
10696379302.402441,59200.82113882566,289.9362363625245,0.23096164774294248
369617212348.8619,96079.48387242135,332.4199430175004,0.00029204744248478913
1486243649798.8525,54351.07593363002,283.1230047374798,137.4652908223516
385698255.42152864,118722.52531174515,328.58747466006383,5.0953215132442606e-11
912084645603.2101,85107.82306224434,283.54190497827636,0.0001951821673288783
1979518342.1907465,59730.67280489259,297.57118760435895,0.06364771224623864
1181988184258.9526,55419.99947025101,295.42454917040885,188.57553539182348
2957181.945208225,117319.56956040968,287.69673394455725,1.5373432676584436e-15
472914017773.025,100421.04765356927,291.6651999331454,4.79794645548247e-07
426844890.97364974,35147.06688732826,287.4289989741764,175.02145310343198
111593705.62280983,44488.15033366694,317.90429380196105,5.591346549210338
2693.3050154687244,48556.03295880984,316.8545538131904,2.7080668580508415e-05
1372994516.8298242,79303.1003732961,338.32849688826326,0.0007910540862343941
36593792527.08794,55387.71909561759,344.5315849773924,146.2708813079343
95796108.88247925,57958.1798253685,308.8279977879877,0.015069486161875591
1312.6662370965396,76424.37831139917,293.4564724549863,3.406131308676972e-11
1600913.9795531454,81626.95173782427,334.5957701590575,3.004339252053133e-07
15024461.14512399,41882.229743737385,317.08513469237306,1.8783476293345747
11757259.90816891,107341.59378610042,331.32485911751587,1.466799583923112e-10
852051126691.3893,33793.184735435294,316.34382353685083,2268638.5051068882
19813385.888858024,71964.64037449163,287.81964548962395,1.7215794927777021e-06
886926725.2311548,85150.60453130744,347.35565646096853,0.00014582567106370694
62232338741.15446,105440.90729131698,334.59820191830676,2.221139675532421e-06
122794814.92806977,35171.58290971267,306.85257179832126,127.87636125992559
1319479.4624036984,42362.20630900363,320.6615276392549,0.16383161465676643
27623258576.821663,60060.95733731115,345.5343813045174,24.06058172877073
37882.11859551605,52982.68984165885,289.9328224111724,1.0648446801006351e-05
96256999.81242426,102711.71453328276,341.64912012230087,1.8879070636961278e-08
11136536.284732506,111150.35947981836,308.2965062458673,1.6757592876008059e-12
63536615123.37759,86661.11720387929,291.1004087779046,1.7714810932024812e-05
535657380284.82074,117156.21987662253,336.6374573844535,3.6364222258585754e-07
218998187413.32535,103215.46447072779,322.8225915197836,4.273637504638251e-06
3288135943855.8223,55091.54733151373,330.29621086055994,6681.54868415088
14374.20933169156,102925.3603178312,334.09718856088773,1.1872470505118298e-12
10984.104850071068,89946.16884213372,281.9046406477128,2.3996242365063916e-13
202128.50879462346,119724.6836310091,340.9794132233878,9.193044106067078e-14
628491.0798697312,69537.70322775994,315.70390621865926,1.935116064284522e-06
4967.093480601957,53187.506572531696,301.0037991453865,2.9280408744728523e-06
6927720574752.325,63910.62379326504,341.1363307213727,1144.113588582187
124421020.93557596,31670.98014572449,319.215170145039,845.6367396673606
3806410.068785787,80561.14513908753,322.98219525628735,3.500202386915713e-07
12473.46546430911,58759.776319259305,324.47372492237565,4.505076005766352e-06
102784553.02355607,55196.168890208304,288.27353491862124,0.010512048163298484
19994474021.646236,78309.52349944155,318.53486512863236,0.0029406616820609965
4253082415.468109,77152.7977127305,313.3897124741195,0.000586253134373535
201749.65566913306,72016.08235913026,292.1380698174987,2.693400920215937e-08
6285.7466507057015,119792.84518050849,325.79810826864804,3.8569333804419294e-16
4460805.899929796,36113.77045500026,293.04176834375033,1.6787266601752633
13843131642.115198,41591.154891586084,318.9245973674491,2197.0031132760805
60190.46407026153,54535.97492803399,345.485231628948,0.00033622287721862403
3954110.1555758063,91749.25856686935,306.6231885307879,9.076311536304661e-10
386871788415.7597,82017.58574401899,331.1718614746546,0.046041288494740235
71459632.21950392,87842.37286721217,308.06194147519153,9.052792403090098e-08
486384825.03367114,63725.59458439073,301.5111938362008,0.004471525790865208
166092989586.74258,44126.10562502277,342.2455550156992,30556.80858919966
281269593.7493959,52821.19655805992,295.1972730209882,0.1246450912038058
2574965499006.627,50770.48850458917,302.84283037893704,4549.908337396687
526718358.99033535,36489.957087278766,297.09734590926814,210.08639237865387
131768117956.25179,119335.97209556679,310.1510959800855,1.0439165774885272e-09
2286206.09479061,110182.10755572942,292.51021485168894,4.825786413489709e-14
1558.2506462523909,32365.174177056735,291.66333885940713,0.002474257754477979
161049.46901618858,55353.81074490561,290.61995475488243,1.848082358877171e-05
2165207132179.7842,38915.731834296916,331.89722747820394,1594793.993298637
493271783.2529872,59883.10801744911,348.18742578138415,0.53548344735313
823382232.1329175,37865.86109235082,343.55458205867546,1450.2319297545841
134456523.41514918,97425.41507778721,301.5714570447031,1.8308687660090781e-09
53912855.8808045,82403.56352406407,280.5876921124384,2.453125048353419e-08
38939983.68273864,33114.29182341306,318.20932401094205,148.56351707716934
99828793233.03334,106368.47259919385,281.01483079937105,1.711998165118951e-09
1172.3715739202,116821.97671263502,319.8315770753333,1.0025738992670647e-16
11579.001564359363,68469.84651163158,320.66524260443975,8.018879693297687e-08
38950637962.054306,77872.35045296482,325.88481936982646,0.013018250601781495
7886190586262.286,81165.24172978774,310.51166665845477,0.17142006199868418
5204514.670772093,76017.06237466118,331.1309331540169,5.2495507966670346e-06
121825.38912570455,33971.29784720157,349.94690378689353,1.050340780398114
4741649.429624694,56600.835822779394,344.7246952050298,0.012369288377850023
20428197184.388084,44547.36595581569,316.93958569498596,941.9676343152274
10148704616.224518,78273.62970469326,334.7853690534103,0.006338454157914824
6867271456286.341,65254.255918018236,347.08946651077366,1052.7352321480334
72125.33589234643,30911.486027450068,335.5469457842977,1.1383261098959703
152743.78756714935,42015.82964140711,338.96551221439347,0.050779094655772614
103605043331.38258,38162.70006329126,290.0555358879377,13946.141843906575
2186622889.76622,91165.58245769808,324.73533080440524,4.732770488260178e-06
63256837457.3106,74312.3110447096,305.54577810714267,0.012835129028297471
5963954260720.773,89505.23736294109,285.7897747667603,0.0002655052325948928
26693416188.897038,47357.00969449117,324.5035359243408,663.416984205726
830378356.8635575,108431.78657290431,298.2966324921567,8.371083548088896e-11
432362277.5737335,102216.7662620179,283.7449064947781,6.615968662308186e-11
8507328192927.605,64923.02906994965,336.305815370228,718.6747681278754
434168290096.2043,35432.580539965464,348.72114804806733,2124547.4457980036
3612309488903.622,44458.278017298435,299.74525075665474,64257.02897706954
4954.976199503757,112688.07306064667,314.0699018190054,9.075522441595621e-16
20936956.171821333,77850.91157144698,307.54181751318094,1.2510755023642333e-06
27790672.85136689,55162.01216385527,327.55629701684114,0.04498217734989391
9695951923.959333,116435.36056787011,300.5176307393931,5.566030212278303e-11
7124821.487719412,96346.07311319253,329.3959089016093,3.858769226852843e-09
1461.9457873511901,75057.09212682559,306.5472934524312,2.4641794342216824e-10
103884555186.47733,56809.453110735056,301.52404449932806,14.992201407722453
26130450776.214615,46078.63372193291,323.53256433767524,992.6034054933117
23420065563.425,101505.61151829944,336.2053554995092,3.995800309352426e-06
69355166.38752595,82745.71615642162,310.5875502421857,8.468465408391261e-07
4380.74971862393,52330.05625668424,302.5326326413414,4.22113519424599e-06
400914.63770221756,41998.11421219149,313.26640232205966,0.041279412751300586
1121.9728399490086,71885.45071284848,297.2799060835062,2.705625330981229e-10
28250794150.82357,74107.31337059964,280.0613652901795,0.00042478111241848505
818714882947.544,34987.15592653521,280.87613077371014,256478.2659748877
554601.4728416768,31730.901268452293,333.3300669963427,6.149012569870951
217271.24830509175,61940.36465720442,301.3923372146859,3.987222764727368e-06
236843.32634900656,85395.83296919124,331.9040894268289,8.750934035411378e-09
3433671827601.155,114923.21729826272,307.89941991892596,1.1323991199103213e-07
2371866501303.452,93551.04501146018,331.00363986378784,0.004040305687982866
168273426360.6667,115632.173938706,341.45207621559183,3.4406636753438894e-07
11789403.225113962,80811.23060227965,344.4640919551179,6.515138322316345e-06
362155622545.7781,79578.28427868607,288.8996591158904,0.0015150289054385402
8058525.694430432,113916.7361649218,302.69714411044566,1.7359236521135332e-13
1529497596162.7178,48775.30425696884,340.55666049468084,50491.718991509784
853120335223.0565,43251.50419569269,324.9156744988214,93811.87448174895
30665399784.165928,106657.99480902022,303.8447751665092,1.4114916104726201e-08
190242729906.62918,61555.256041788656,319.9068649887322,17.13878883015334
141748278.17582887,115033.70377578853,318.22041806078295,1.8414973921504114e-11
544060723.9937713,44237.887231868124,347.1267469532896,118.61406110880766
84290364.31570427,30889.99936751667,286.5835608035474,202.8674178274382
210366787.9740617,36866.15295222438,312.5482203671852,146.74898816005137
164496.223200038,111921.68796218593,306.31155707246853,1.3672789148912375e-14
1233496700.2767482,99272.51944648026,285.09947495656905,7.863971686969686e-10
144728856.66326314,62414.03180674165,301.9164625940441,0.0023520496664957793
2915916603480.4595,80767.32767303853,283.62163477588297,0.003864146686231886
9158.813259634828,66117.44113248104,295.47341076552976,1.861874573222219e-08
4338976967267.6294,59671.08403153073,288.78393997534045,72.15059045476568
937351.8738210127,58017.90270851897,344.46857344071634,0.001501008402021044
241071146.0973279,65051.114434261915,341.40253000032885,0.027167012106303026
3343790137143.019,102142.76086632154,341.6321831210672,0.0008117404241932605
11162719.357927246,114953.86535330169,289.99725683057585,2.2058659253469706e-14
3336868900765.709,68242.89448216291,311.9588018105251,12.903217216525542
138397653590.50974,88289.5659120529,334.87865661623204,0.002335581225830357
307852.01260307804,113721.48384975325,349.473125822655,3.2265659222080063e-12
376299077.77265346,111827.48468508426,286.08999027144625,1.5047170444988933e-12
16458.07397061338,63448.54702107052,308.6619445245008,3.102947973628223e-07
2111568.860887813,49698.892399917604,301.53686601738644,0.005162036264616529
469301.55903526995,80663.4647292993,328.63951813652534,7.147601837003523e-08
599384201.941027,64527.2999721046,287.7304924934046,0.0011344313400327769
6286286.100954561,48977.47179011185,335.52152468551327,0.14783827196189772
120677.70965818819,35647.8578039854,328.54109162989306,0.261717064388545
115595.58415710855,108441.18529986516,311.4970368947607,7.764361177488164e-14
306263658.8168719,67270.07789874883,293.54610280282384,0.000323202148352166
488594335300.52576,80697.72425509119,329.1278400054155,0.07889350405992727
4951538.671858003,74470.39578071276,283.06490352874147,8.831503615455756e-08
732073.0547480308,36713.579432737795,313.4752934929625,0.5678293728395335
3870903367133.654,53411.374121346045,312.99775834254666,4704.306390095892
40186573.08806395,40796.47822801673,316.2211641547671,7.582076108626768
75230.5782121034,90018.03547551954,292.70329534130576,6.545498917498747e-12
658100770918.6843,114718.65442622994,349.22262972165777,4.680761202523124e-06
812733554012.668,112341.8380651773,305.22691213510984,4.949180868703924e-08
30181991267.63069,54737.2200194951,282.1267450427219,2.2952029526087734
29852.39523605554,106392.48719708537,323.80134877178966,2.1436392992941386e-13
33690.54416459376,91604.22436852456,320.84540166125305,4.11178356381947e-11
3584766612.710921,95836.71901753331,286.97796152731627,1.3477505141231002e-08
76261.25993451163,37504.81853962589,310.7011777848712,0.039133878976199105
1337.355187336736,82284.1873024622,315.75572754629326,3.4205052606770755e-11
81340232924.0069,94078.93041529146,301.7369872742755,4.260384485268977e-06
21051873.11843946,101364.8491711882,326.98885769406695,1.3372691507740212e-09
891450940515.7344,105519.4390505753,339.0895094802621,5.182954573798636e-05
139384.60425528133,96827.48391809179,323.31561896540336,3.1610174478356246e-11
1527719647.9190907,44437.9372413842,288.2145375540919,13.646075533483888
49542318091.000824,61368.44963043994,309.22097466763785,2.1927232342484393
1053.0663258865331,102077.29150014571,308.8480176656788,5.613590053752747e-15
186547223.0083757,119594.88624611241,290.2685272074966,5.79155255293277e-14
45327.92056831263,33034.572044018874,295.70158503436573,0.06515692658345645
263725319704.7454,36417.00122314699,333.4937700774799,523895.47650524287
24901.953778972762,65494.80767035336,305.7985203085505,1.6235618886832e-07
22887003796.330193,56839.88642144076,283.14064389870066,0.7730945293014202
7735471.031365709,37154.0924515239,348.22941444948043,20.43727461553797
88232611791.51839,58146.71357635537,344.47713562615,137.33707026386213
18202805.62623652,33788.394722981335,308.76479957079,34.97158517665115
3064009.8524802616,94839.1959911363,304.0816633222645,1.5481446610979162e-10
41181.010428369395,45941.61168869956,282.58376707618373,0.00013023071602653714
1004811812.4039025,69591.018141709,313.0186293029004,0.002518035437618244
214617990.52169704,111590.72073526632,287.29699445298667,1.1251164913725522e-12
5192.065077824576,78406.46186153064,341.53128212057476,5.3370875928592665e-09
31882.268978786557,118781.16452404321,302.4583528994028,9.702887351686468e-17
140252966174.6466,41352.72317573355,291.1018314916956,5249.085330309257
1333.071216194254,109984.85840184716,314.01118649752846,6.642560019910363e-16
7475841.556413792,61840.12694325174,320.79480610213375,0.0006642082793489545
1053.5282962148865,72656.88587680049,320.8393447751729,1.5687182027266177e-09
188959.1615795992,34279.60778785321,318.7828444745393,0.4493641871177039
470311611784.5042,51839.56590725601,340.03308975174303,5036.097862149896
1307.435018485323,42920.57665435027,283.7906101532922,1.704778751045374e-05
859522737.113281,67851.97268784171,287.81465010055194,0.0004270681548780714
24446445673.95274,59803.52733228732,300.89455211916714,1.0218588951501328
4554.224249315209,94086.93293878043,287.4692624841926,3.700868404330992e-14
10003.02542958696,59226.21515576431,311.4385450567397,1.187947606173174e-06
182645.37013405166,31282.285623614316,328.8058722785985,1.9576355863368753
375944159.4127574,97774.35566782903,341.2336650337144,4.0555466771465087e-07
215450541.8382956,40400.769792190986,336.3921913387353,116.70073706006795
4859553736820.104,74460.37654521596,306.1113978658824,0.9900589172301983
2667739094.7216673,112194.27630799373,282.0517452374638,4.640954653524676e-12
281930656951.8819,110421.67226622878,292.02460033679284,4.965772515120729e-09
751477.7861395333,80378.51083305426,285.83182205907326,1.5136716780659438e-09
11685.358368178428,58528.85562602209,287.2113054997893,2.776796545878796e-07
40830.90815355959,89890.090947122,289.35772923347173,2.5217936724865394e-12
4303199067684.6113,82404.6252570106,331.3668199010014,0.458206934364138
3761539.9183569923,69193.73235638553,308.6188426302245,7.557448705433527e-06
2849593.935462337,61917.039727035015,291.7807065960612,2.3696096053807765e-05
112237.20974389724,35819.720566342796,285.21004635802973,0.030988720544898807
925813.6674279955,68268.2933030742,282.75689173023954,2.2524314045076005e-07
35137615.214096814,104795.190476833,347.6559703669304,6.47951700382932e-09
48313.41153673266,54320.647776878905,312.0935880992583,3.838708088247459e-05
344857428533.705,117632.42998007809,281.8502735354622,5.582140099501314e-11
792259.0116118434,106574.54621808768,297.79712913312835,1.5965204432877839e-13
85567711007.53473,68003.71932620383,327.3744325436428,1.2555576902560133
104136.50699718653,42342.60919449249,320.65255227291914,0.013460480421323782
438860235.03263813,43006.427648600635,336.7944102682374,97.58149170872777
1412393638.604473,72168.13794106513,328.49867872108246,0.0047046050323146646
3009164109.035972,75209.38190133547,283.72998956723023,4.368955124596998e-05
42277932085.112144,42197.190968086245,317.35241072516175,4866.413075732607
668510.7485565017,110332.46417343967,314.2414306860344,3.0154111105464484e-13
263115.38365938026,64701.121922387654,302.49666128945677,1.8306345571453341e-06
663521.0980489132,61379.33642483763,283.6742577647278,3.322766533377906e-06
57070138176.43754,68385.8230311952,282.570488002002,0.013330761340314584
708953.2935285317,111712.37438490722,284.91555114269573,2.447058569442183e-15
5042556476.979137,65598.59492042067,310.80893027980983,0.04905012549765479
6250.706804941286,119251.04841781626,343.5307813445461,4.578901856239878e-15
54944.24720965074,35431.47683703477,313.0511599633583,0.06795110127299835
698952434310.1698,65657.5639155434,336.04636602523226,43.76896747643779
176543795.43508655,51643.50119436781,325.7015938759481,0.9560077798646088
1259077872.9550138,30908.399166815634,296.82076854172874,4664.056822836944
7234.291315734442,57782.59405358661,282.6521278432588,1.5517280652997197e-07
14805172872.275995,114921.79588340965,333.1658049531758,1.3918460495788783e-08
1298728492.3756564,96992.32983478281,285.0117982758272,2.2579899389839237e-09
3445503.5946362424,82371.04251320323,319.1922377590445,1.1304735553521481e-07
102560.32435482167,34535.857209047426,291.2187552684406,0.06470515660166637
11765717254.731134,97032.51843379617,338.03568986464796,1.2183663887672392e-05
4377800295.111084,81972.80026006956,347.35097479559124,0.002137388786185534
55366.56497359355,97065.71604598321,298.2233893770181,5.404183417749919e-13
598349688623.4257,75386.86802397866,339.389504754386,1.5092108209537183
20703272115.60587,78388.82827966829,286.43027259893785,0.00010689099563699912
188001766413.3943,84856.25027332424,329.81643744527565,0.007068293099536173
1467893322.5814676,93675.53975039389,294.38577668976336,3.5626740882822784e-08
59951.730201034356,90915.01725128383,318.0888380812295,7.21720738569302e-11
147883470.6727835,66043.07019657994,288.13178546596873,0.00015866965357975556
44100.75584415446,51440.54069763467,314.59173166396096,0.0001299806771155885
77106344451.64117,30037.556919891435,283.2363571652008,228722.66159416328
14776.104097606694,57188.760702906184,307.89818309544415,3.034944758915102e-06
23778.87643542873,83272.47240443382,340.6886226325686,4.217194876919579e-09
312728874255.79553,111203.39724389958,343.4232281804405,3.968239893389848e-06
4062.443251837146,92084.76455227972,324.4946037226915,6.243932150505358e-12
98778988620.79337,85712.94627866124,296.32644033714996,7.857757133876329e-05
5762714103.87232,36055.78806256558,311.6274544465458,5419.985047406021
687698707.8488169,87755.42945354464,296.56407461280736,2.450167513081487e-07
44043.08767963588,79644.69321637464,336.5482768857505,1.9198383776709073e-08
3353.4329943426965,86412.04838906163,318.7124612070297,2.3988585397485352e-11
7912812.395646869,47070.91774940232,331.5867650828975,0.30606776688681403
2969233837.2342134,60969.05133404315,306.68349559461416,0.12602747454694121
713212188871.7281,107395.69195500997,302.415612447418,2.0226521329364353e-07
505702603.73407966,52645.11484707918,302.8813787200167,0.4304415014957822
110287658156.93782,117324.56266123187,289.2133654960769,7.37006704478461e-11
320626023794.8656,49119.41367089482,293.51868440978694,584.0118544237598
36975437757.809235,105008.99204826972,349.3942386744739,7.566758106255355e-06
19769334.893794093,53153.2143663982,281.2067942493088,0.00266656919966985
32464.813699445105,82762.62606133538,327.49679143250796,2.08263057218029e-09
4554.174261298101,82415.67629659816,325.6923650501576,2.802431496331334e-10
180289714.36334148,87231.86783801783,280.00375543947,9.410978348879208e-09
1788145.9217280212,108201.4126202729,289.33051476476277,5.219499846578893e-14
1643.752232282366,62065.67750618371,306.948315986178,4.631322713505611e-08
4245288913.994242,95030.59300342225,315.0707320371925,7.661455166023952e-07
453948038.9734162,67930.96870989149,302.8715929497299,0.0008595498503005411
27123541.73831883,42458.638623647195,339.05001408402615,7.924383525060685
1557.824652649723,41201.9574101467,307.0279660296349,0.0001499603793814059
198550888.07462013,81910.67344199843,290.0353397005839,3.5207138857939294e-07
938956799503.9252,31870.514521373767,329.4235047850262,8260190.704751868
654451502988.9869,82347.64443424802,332.7033893471308,0.07613860719091305
32710168368.677986,43871.501368409634,291.1453203505866,439.98604891005243
471309516.2650953,39602.22459058584,335.78714000833753,334.5851043931048
50491172.28420159,92397.03411270282,326.80556371716557,8.720813103702424e-08
17582.719420088994,96312.80874161758,286.3523728695183,4.829498719678039e-14
721160.5857780459,60971.07539322928,338.8842230620304,0.00028876165364051087
141837837.1294101,55364.00573852216,289.0472325593355,0.014473424255701616
87634376259.26778,81216.83113185925,314.32525753491745,0.0027571897286935
379468143.3514039,97550.2661697448,293.0637561897626,1.576401715066804e-09
4957686880411.505,53804.88371007575,334.59762700725366,20466.12723924307
6538819.361839192,79564.31292246882,289.77819610958153,2.9294202590841002e-08
8230200214911.375,73598.8558882137,296.4839183965012,0.9215582632722694
12556570.809522895,77449.95598158258,293.01407791310936,2.0350135827582068e-07
151533.30744934743,70327.69906604028,310.47705029991334,2.274421067189948e-07
282937.96108413755,107094.95621490652,334.47660972584526,5.293930801723615e-12
28818216125.68063,73929.37524028253,338.0473838596806,0.10659588252647431
9958921380.138992,80771.37821149209,325.4246910699281,0.0010910442729882368
426060927.67482144,71915.39347457673,340.2302689164039,0.003814068130968729
9091612759.899115,58973.090025224956,290.2491177309034,0.225338532953236
97404324.07460752,35475.729277274135,296.4654704378358,55.59000315552787
1070105530.1182455,44213.544399414095,305.3696316798346,29.772863305192953
58155.415525596196,117351.69465006667,324.12757896303043,7.444574131769003e-15
233552813.42079535,103057.89370579136,315.5987481663957,2.1113939256570892e-09
20315.379582576195,92763.2777895837,299.7959485942558,1.4610143327870782e-12
10675908300.00451,109622.87562590156,346.48956248748044,3.1983428730853605e-07
678619522.0584807,102367.14599993982,334.35460606480257,6.989557392120027e-08
2109511.485458662,42224.65853043794,303.96075716966135,0.1203618652456811
11810993.093953645,91854.79729985679,300.83894377177285,1.3754408754337382e-09
90077757.06716067,91007.14091057473,349.8171700183238,2.426582769483685e-06
1800.150480706704,108019.92109786165,322.20920137860094,5.563887035958222e-15
28953.15464757668,63139.82680376783,329.3489759222285,2.8111761236890513e-06
38390072.89645108,115965.53683529049,328.1055571669775,1.3233384117180334e-11
253672.23139925452,85188.34822109954,317.6252309302357,2.4890822701595597e-09
268738048288.6107,102458.75656219885,327.1917780645954,1.2232110070225979e-05
2005960911756.1326,82782.32354658656,314.60302966238424,0.03555390010131132
16159467565.40101,48407.1264348698,318.01963650066494,182.16180386687526
7018599110.563298,76620.39547753145,325.14283633074473,0.0034320812311734983
235645792.1732312,106689.0098356831,349.59677891102393,2.808317424248373e-08
3866028.3587076967,96605.49766233345,303.4178161040963,9.347025668997538e-11
17356430.772972632,112174.75918614602,281.8845942525103,2.904293340116772e-14
99354521.67311738,45376.21394487617,293.9195548276273,0.85211935667057
7911277226.126935,79816.0755718098,333.3700743406744,0.002508327647346975
2156.402212833332,83167.85206398109,338.9337567870671,3.3619539703649364e-10
4890730821.159113,95275.83507692174,323.2949591613543,1.941906160098533e-06
13597977031.337551,87489.80212134129,315.3313388106723,4.3241636245363206e-05
17475.446019357903,97529.52163167481,295.6927877027856,1.0651654862253574e-13
11533997421.68192,48228.3286377512,306.6137855076865,69.3175082743751
7415753302.992893,77407.18344139615,312.41597879566893,0.000881280350747679
15421.195429299201,36907.84924128654,321.22507329620555,0.015288427898590593
3568547346433.8145,59300.2782333184,321.99160185910085,852.0294475433496
459959803.5217936,81730.08423749183,282.14180369945694,3.4977216858230224e-07
1691058.3700102358,36696.27024301019,348.1236336746804,5.457466085133659
454391.1303003487,92165.57213671642,289.0775770680525,1.0140985127166358e-11
2227535441497.04,42973.96223200233,281.02538914185226,22579.833271903222
4541149649595.793,101519.70499709809,312.4022315122734,4.8184860921872154e-05
83049.65295679792,56504.843252064056,284.55788191265424,3.5152028591507563e-06
3837.839420436063,107892.62320742868,283.33496418931395,5.0786238528448e-17
12450508637.179853,57106.36780019128,317.7010518443973,5.185053357098341
15918751732.367828,86499.84539985766,333.23470502308794,0.00043627387601765565
316080.00493656495,39261.76491526599,316.5651188785789,0.10891637757218821
437892079040.06244,34633.56822604341,283.8893989577095,185901.42005625876
165865.46497993032,36589.95382125053,312.6073909532017,0.12845054116626894
3095659.9105141847,54668.8112467139,305.9894272594309,0.0014488088235801008
164742330.2516984,109397.65164668774,314.31198617451724,1.1171960653729727e-10
438273530.099047,37936.18961611708,323.5904041834378,332.30148882973316
284632618.0433079,105678.41474863033,326.912846844998,3.704812886042765e-09
154860592.1424842,80074.38840364074,288.4314039414997,4.956233864032545e-07
8629248318.36882,81253.7645087413,336.0668356521112,0.0021232768514131144
3756003541.3918347,99438.77792528385,333.4921751625626,9.80427024684026e-07
4722402933.993072,106503.3461236821,331.905216849634,8.355173285150651e-08
8346.117956006803,67276.03166623123,307.3414133499079,3.066063231794257e-08
27458.766958188942,86606.80182974342,334.21093852430243,8.114655738292227e-10
16929.895516035478,65246.67477888966,323.653930970151,5.195862920420277e-07
921707075.5486459,43233.7902332886,323.539236767805,99.55170213608277
46135825967.81365,31792.010335703453,287.565709117726,76787.6870722622
141486415.20352927,85618.45780679982,332.6585426817936,5.201205377121023e-06
2646727363.480123,89485.99256504126,284.98234466546864,1.0266112604914814e-07
10554201973.541544,68989.00778673122,281.8364860892014,0.0017215798369917916
7626105507725.275,65246.77936337867,309.9518772153152,77.26471297273324
61126678.96404196,93083.240733845,349.4303139265006,7.525692570224409e-07
6695.285904726386,51520.448705403425,312.9916613926959,1.7009642526851107e-05
7369871.777371629,39649.9080232361,348.0292574789804,8.514167051294848
53117722.737609535,36009.055300089334,310.83425964524065,46.78306817020508
34098.93489231195,109945.38059720637,285.39765299442735,2.5400338977103136e-16
6404501848421.318,33085.94481187036,322.5499981073022,29341736.32475023
1068235681.5448011,104030.03507992488,341.4792193508367,1.2853896586339827e-07
1157721.0635751376,119066.01087806292,285.96970046402436,2.1411789368783236e-16
926231830.2482452,82439.16368280129,346.2623975556283,0.00035337687193336435
43514939.58800092,35523.92821371978,289.00003837398526,16.79364613611373
586832212.0515057,59455.095063300774,335.37331484508024,0.329270240231764
27530760.36266861,117374.33569145562,306.5383078205451,2.8770960943991406e-13
338727.3768090772,86273.2117698942,349.2616444602508,4.160759485916343e-08
32536407545.78242,67239.62171703845,336.38944858970257,1.1854925139417436
466508737563.2266,51513.0091974145,347.3140782518039,8602.559150552355
50383884426.79717,37428.71108664341,283.7168481339923,6472.3248868081855
2343770933242.555,37621.31184510393,300.68019582938257,674540.0513302303
8268866680984.125,57275.03587096158,289.0239744594194,370.4091512791468
251890.481409587,72358.40781119428,340.4004772215598,1.9701733051447552e-06
1200.024579960508,87388.89054323413,300.9783338487922,8.375386166860751e-13
227493711.22471344,70130.6591408354,309.78439205798156,0.00035545256279191715
2032096619.3932037,69463.6221031814,315.0255128708034,0.006299718590101323
656794071005.6212,100775.52442948542,312.4638164970517,9.366374556925123e-06
6327379631235.114,111421.72967981339,341.85933555138837,6.226318150789679e-05
8315513.28780662,60084.28742471696,295.0677402691554,0.0001983224614341294
1139155541390.946,34972.221536725636,296.41563834972806,794935.3958577857
9852023517675.604,30818.28705120313,342.9881600143915,200596535.19615418
93374349462.09471,119371.93334855812,307.77646626561204,5.256724268064546e-10
42523832428.357376,54300.30397054763,296.11887889511416,11.104277531956114
852327.886422952,119775.32554870057,341.8094517822818,4.1666302434489794e-13
27648510066.94192,72275.13496799656,317.14763183115946,0.03446671356458607
4806004726.256294,70494.77376804172,295.5943733943466,0.0017372532344936767
723764.7888249913,92756.51209897167,285.3084845193249,7.69566558374711e-12
572885.0729924743,40414.94345458775,327.73328200636854,0.2036432655124913
26795.58582680222,41332.28567638973,299.49098051039385,0.0017276333332963776
35629.98054637422,42635.951998375764,281.6399287583157,0.00044806202549513264
5254808935004.524,41960.82984119607,315.2610674574771,595574.5925248832
16885114219.90212,46357.968753805326,334.95231202061353,1001.9357874835615
31298.0433118709,34864.79439270057,285.4940553172901,0.013098380365910873
216468457.39702398,107179.77213796796,339.7465988935228,7.312552385504503e-09
14234205802.154305,64382.53082878956,301.89769628179704,0.1028829612650432
12535.376469998066,43620.05327884876,325.5544552978106,0.001296920973976212
3308425367037.8604,72683.79998221164,296.3662538110149,0.5307265407145177
132979.35865152627,98132.28678880112,338.6326396862256,1.0145258256924591e-10
1848.5781074542608,109233.50509833019,301.18645256394916,2.1998748492454209e-16
3636998.3387054424,111871.41123256374,319.83301432991766,1.9553862229409827e-12
16630.21689415203,73837.21637548742,346.38693705785283,1.2365801197106305e-07
1004442.8098141897,54396.97057468828,286.4081465265872,0.00011870606400264717
6621484.603212152,64876.45923407982,315.9191911801879,0.00012360459138984102
1131068426.6333916,63603.62633868536,342.34682001331925,0.22608138379832382
29000.00656536863,80111.54836251371,321.8376394618734,2.8300238185512066e-09
363620903934.8526,119410.36934532248,292.6693683636534,1.81142090971273e-10
222087898424.72147,38397.045943782665,294.54896875817326,34177.52308381231
244910.2905677737,87913.93539678305,339.85448531020035,7.551667494983616e-09
9669997025267.586,60938.501932178595,312.99243249202806,677.8195615691759
123490033.0396782,117885.87253768674,340.6623892689662,1.0480904292769142e-10
38107810.28777168,47292.44589646934,292.5471830024229,0.1350180200568564
836963406388.3549,84823.83693124102,292.7721346717433,0.0006449023778808902
1139.6233093899614,116412.58768905644,309.77094808706516,2.6155031591932487e-17
17129.24493809267,52357.06110934252,337.2704552256074,0.00013842836660828823
135754386.30525324,101151.91226042446,305.13524962637973,6.70396346975116e-10
54781489816.82745,116291.12394801568,305.4857327278367,7.171605547045278e-10
4005287158836.464,58038.14652405729,285.79900962874245,102.80784257719624
1132005.2984988114,89849.6998009595,281.47757836828157,2.3734587742330994e-11
3790.0155589302244,97073.88271408067,293.0839624287238,1.8707516710178955e-14
226957377.92372337,54747.2028465871,309.89520932936887,0.13378034770433098
6143654500.421087,44186.31453197179,280.8920541154254,37.31592705486596
14879.645076711655,47585.54540619813,329.95155444752277,0.00043287699738893957
1376384519.817553,66818.34574265595,284.6247789832976,0.0007386156613363918
2994.789413879037,69406.23936417275,345.74956677651664,1.0026648723715946e-07
711499827504.5265,80192.5424990129,323.8414559958447,0.08580978787564833
125831918.15410508,51208.14759017273,346.60040210357346,2.5064161555607254
2144673.88989041,39905.38058142138,349.1561810143253,2.3791292585572665
40645.878774662975,113877.57620474717,305.67684868340825,1.4701547934516768e-15
1013930125.8895653,70778.83227317935,340.7651085352598,0.014939845940781188
379235.2196761263,44401.99707804288,291.4311069217141,0.004332763563551985
1540824268454.6724,70664.93758844279,332.22008682251965,12.373642608592798
10649.25979241641,112815.71018432057,311.1533095238208,1.2379692200725405e-15
1075291.967055592,110176.72084929066,283.77042749875517,5.6695433168752695e-15
411663694.5907875,84509.07049099517,318.7527443772375,6.004183155049111e-06
91455334152.72232,72194.09778133387,325.91944147963085,0.2434443375855861
876081177.1629063,38303.79794587914,308.79352238648795,301.5959687503403
86816014749.67143,77499.14017382014,280.87444514190526,0.00033975242625817104
1992190100.9922223,106976.69655996241,288.79965062855297,9.297627559184724e-11
191096.6107788002,81819.41441607247,316.59707981910447,6.320555975206008e-09
5485773965.063715,34729.83283529921,290.5744553991523,3262.1691880017042
476454361585.3278,91311.36223757613,297.63138017664,4.6977417248342276e-05
26856625836.817326,104776.45801407972,295.6211736801118,8.24130629749614e-09
2655892.325270003,40271.680980488774,324.9478289681712,0.9094450502145849
5042156.30153057,103429.20931368443,310.76105171250117,2.1488505353544562e-11
13807212.996294644,75873.76265043736,302.13442036376676,1.1001674592302522e-06
25783.056515984903,68627.0836876233,295.63681387412333,1.9036908262303473e-08
30929800552.524902,101620.16270852649,318.7374094731722,7.090249511570716e-07
17441856238.273026,46000.56373105722,290.2308559658234,90.11325940890475
1470366479.8388023,68858.66941073381,280.36598318865845,0.000220684750776521
861378.364086056,49810.38279516713,312.595757232971,0.004221394746754966
2365831503902.347,110176.84434970538,313.8024774952601,1.0997331455877406e-06
1343117689.5530381,81219.24379697419,295.13686778732074,5.929197841198192e-06
9295392.137151055,60197.80814624532,316.3947727680803,0.0010663054565298482
8160561.431308085,118601.47945245591,312.3086633417398,1.191629737622335e-13
1057362.196307724,34933.21692661855,334.095490596134,3.5910413683650075
465607.6334416811,91200.57019406161,306.4786454179364,1.3950739142175276e-10
2260.8521868165853,82930.46843519126,289.76869729411817,2.533857585228272e-12
1269209.4732312479,112557.28221493363,336.3018279144343,4.255693783453819e-12
1352.8734189575882,44692.281296059744,289.7096627718831,1.238229295243979e-05
22982482118.51694,89038.9499769776,302.9923874461056,1.0560470769655645e-05
13962.801367414535,101278.71814684979,291.66756213351937,1.0290228768275343e-14
57314.92315634774,67272.6082192758,302.95226419435835,1.4620836732378418e-07
62208353934.46498,55370.983304246365,349.42438291313863,325.13526644118264
16544.15152110157,93522.94838070286,291.8220306681273,3.103733213014471e-13
46418.96640923122,68709.15964161963,303.4770984042889,7.263808973719539e-08
69261880750.6002,101001.46314634675,347.1132385609545,4.373918846647059e-05
72095967314.54819,105278.15657571287,306.5966025671473,8.633248398314034e-08
45824.707180285855,33342.98924227083,292.4163364833761,0.051957503786879085
1341332440409.4297,75227.81782874034,290.5207706097718,0.0413612980721689
152806.44791463562,118946.30216167051,321.16063716894513,7.030501960112334e-15
1359136698343.1206,110009.1024962137,297.2458053646973,6.611536038059683e-08
7514423397.290496,73717.82289738626,344.4179384561112,0.051728824792408666
6929598214.716527,97120.71451264803,318.0850212259688,7.952593266812013e-07
17305490.762979742,46065.25434831194,310.71580640436764,0.3210189584897213
4774821.689466901,81491.15439045776,294.57419469737863,1.738034936863922e-08
1123984785.621593,84267.04420672622,314.80256279144487,1.1545814725937042e-05
47308386.38022078,61052.39725439481,342.2605833364928,0.023797509902955344
9250.492075545615,46160.767515604115,305.6503676793758,0.00011936789334301962
3074.735811917885,101230.90477189068,338.43388932521634,7.242631945249327e-13
475882026637.7834,78506.86980150265,296.8619302859503,0.00743805240772993
138970800584.12265,112192.34958318171,313.65016852544977,2.988777840052707e-08
159195110.91306603,69172.0103506587,347.3463839778526,0.006284035562800463
3490944035.8807516,92502.39897909419,318.8134891158052,2.483707605409745e-06
42536630679.87953,46704.170604464336,346.2800703534136,3919.213267543744
45738.580859008034,104506.86067415148,286.0210014889368,3.733578793671211e-15
616034.0520404538,112555.42759183557,295.83839721408094,8.270750696930436e-15
2180588.957371391,72679.39310747023,308.00552881929417,1.012254874215776e-06
6420175688021.274,56249.135454366544,338.1959727381395,13493.07884854904
151196798.56544533,76630.05620506058,327.667634339859,9.493534840164613e-05
304264511282.3479,79424.26642437803,296.52470388583276,0.0031604126408437696
4786017901006.977,42752.61406833285,334.1107481346878,990899.142002435
61354.772124095674,99849.33485348028,298.88636497589425,2.2434274833800965e-13
234132.39993926062,58727.125372687326,339.69614335527,0.0002278242784023278
3246.7800548829514,54653.565618998175,339.50148048343834,1.2764641983174005e-05
1044347618.7113483,78544.68400178835,291.6269966805181,8.83185626491567e-06
1517349.779586606,96152.28930516088,282.042678903035,2.4614887334715803e-12
15607.871131287655,58443.60975878086,290.6931844966562,4.946304027612941e-07
5057382.18796802,111751.4347362942,339.91902298398554,3.496793389119942e-11
2544516062694.1245,87113.04139672867,292.03612597009425,0.000669502001602564
1065973312657.6019,51649.09871239094,297.79460094160333,968.6693379338734
1799089.0334713664,118142.64016814696,312.5224156068729,3.2599056062568276e-14
1003344523.6634734,101091.22167886666,308.22739944608446,7.300799484240179e-09
41239141.515299015,101523.699025288,295.15839645121656,4.602346378802422e-11
5652861349091.73,57454.96913172066,321.3304006989135,2688.425541281407
1617248563.3576503,76226.78447637853,283.41643525597084,1.4234960238116072e-05
14060423.477222087,73826.40259499301,284.5577837982002,3.9066307481917135e-07
14616119.315542841,36599.6960468216,288.98685290592016,3.5678509611240496
2599.3986725120726,80396.00296418965,325.0060325004533,3.100943856626571e-10
47202455315.837265,64459.22653455241,282.9362040512772,0.06102504286915442
30804838.09726564,81440.4310182371,331.5369056562602,4.631861617161307e-06
52073600.78061036,82116.1454197623,344.40590268399103,1.8707192365028023e-05
533749710250.3518,34623.63250807041,338.95736063449124,2493609.266132502
13100325.469129037,35858.82927856323,291.81256245590396,5.174381489368917
2176522218687.3594,118049.90714157162,335.16805666589465,9.09752738771473e-07
908777397136.5222,39929.49141253752,284.5327607064015,41666.54566567711
57486572330.59073,61862.891814468465,287.1274184666848,0.32393168597279354
2634.9090223785206,44626.83471444959,300.8090965158494,4.71656140229102e-05
4256440.980396051,62913.18818850605,336.671293989228,0.0007524812986553362
6298.616251687584,67516.47586642255,299.0064403363875,1.0355386104333678e-08
5720701.302919031,53476.209836496186,339.9735911382727,0.03472061862215749
3612654.0967870704,89672.68979503497,334.40057057854517,3.57021998306276e-08
4144148188847.229,33533.59597390907,304.365598832898,7422155.31371765
356281974949.5996,59045.6653673035,343.2432384477678,365.15962375124406
3214.20118865247,64855.159031211464,300.33688644971727,1.6952323771188038e-08
649324.8808233194,34556.83639489094,294.4891100310629,0.5007597367717639
93953989.30225074,89617.62045029795,308.3024713774341,6.203511380677547e-08
7498153992.705252,92585.02569670262,327.5213983960514,1.2615289793899732e-05
17611.478696648173,61170.80058284927,341.71380198874664,8.144427929225848e-06
10038051777.853287,86335.63332789994,319.13807403280214,7.417919526966072e-05
643604.985234466,87142.15021880357,324.28687624127264,6.176826358660601e-09
117615065618.19218,81151.194747943,333.23395543301706,0.02329591860383165
3036550804077.4434,114687.04290150317,319.6681832252083,5.589500009760348e-07
147552033.7568962,91230.49291336408,297.0056574613535,1.3293072472431252e-08
823651842923.753,38442.972141520535,344.2338957645884,1205598.7867975922
755234.3672914082,109160.48704463834,283.2574191800481,5.859102668763426e-15
9377668.378926912,37174.90181909126,304.9067442062756,4.055713867343267
313207422.681528,59600.75451342593,304.61056545715735,0.018750400313664917
9345.540856051752,99418.1454788038,331.98976492798664,2.1356186078686963e-12
9724.722821800446,109084.19234076943,289.0729070310872,1.8553046644837576e-16
8628896.98426447,43437.958790963705,324.41005915300826,0.8975372329610601
126043.80917145463,53247.499357404784,280.5698836190838,1.598450404547215e-05
61571.51766782651,50507.1072926844,313.2551574155276,0.00024283717859368482
730754.6888971238,72894.7253472562,316.9949545454942,7.449186181397332e-07
391319702.5746821,50637.17348287834,281.5329836809433,0.16196032363793655
153514196.7303566,52242.88666552897,306.0809950310753,0.18829307533971798
518872157187.3436,75027.12889732086,342.7942540051838,1.9051765035186934
221327231.61671472,75999.2142772001,327.2473296568449,0.00017107318754104857
4427202.825231561,69305.61779923204,339.25423337523307,9.420923756275855e-05
19137665.284958318,70876.26407279179,287.2535423148206,2.4780213533112864e-06
1358.1567992466225,88102.10416250121,346.64552392032766,7.092752839329117e-11
1737329560.667588,111588.24235327078,342.7795475824664,1.742333074598472e-08
6792.5401255144125,36993.31236295136,300.14420117503727,0.0024745915518728074
2752939.2300267583,58658.78428038843,322.42426627001856,0.0008743156822675657
2317398204.2059135,112508.46285587354,317.2772454794947,7.148138728196664e-10
1500710.396321941,97473.84773179566,299.5807823206491,1.5554069399327748e-11
174556267.12534228,55665.75943065628,349.9293762236176,0.8401225472665865
2231.2450574783456,45834.40803227698,290.7067927810271,1.3463021141390772e-05
54969780.02576318,71997.83213993185,309.0166864215047,3.799688706801898e-05
1564560990.0907423,116740.30279006182,328.1861229519756,4.206541346112474e-10
9338687.517723756,33757.777716385506,329.26446931767487,40.990616880504994
19386.464845831983,112695.53700644762,342.94662721484474,1.384627038192087e-13
1104158.4118731928,41913.99297262736,314.04804521485124,0.12071523737051824
106777.64587970926,43828.682617766186,321.47603825069586,0.008451603471808103
295736670638.4551,41687.68083672288,280.4183960863697,5064.6269099843
2476368.4397045667,67399.17889829916,296.9540452326384,3.5956311415654162e-06
1698636.3349736072,75240.4539778266,293.32596672584583,6.812258328364845e-08
121246057.21920882,62898.94264807309,338.51211390541977,0.024677045319580745
19761.513779060097,34375.572438662624,287.8209611736848,0.011680433235411392
383331.6197029522,113961.78546185624,329.67712318204934,3.4311141042927884e-13
5792.048629616729,76281.8634514433,291.40515636570575,1.2337519227248281e-10
2545652597.760579,96319.10651927479,303.31166108819195,6.572115147340387e-08
10031710.545317203,41020.251134543614,345.6228630918659,6.333068373474129
128902783656.1675,34603.25097593683,332.30747739815524,474219.2469767797
2863.99200287729,80810.95254106226,315.6308631346771,1.211529099325424e-10
4483524435.430146,46288.28227590077,305.2799581084605,53.49486951241235
73106312377.31888,81169.04850687625,336.6267421787159,0.01936034995269499
14495479.02260369,44830.53928566055,344.290080487439,2.3776730114202183
2125273170.6308262,41577.21593151988,302.4286901929983,139.87429455603504
542717886.7761884,104214.01034821395,312.7044468058102,2.1695318868093208e-09
20612112394.58198,36462.9507103794,296.22843358001546,7906.148627799509
2182.453652558152,48899.083268625924,349.8700408453499,0.00010879484888353767
661594.4793883243,109972.23186028755,282.7176660489921,3.2889037245853948e-15
169079.4271836246,103818.21392970646,282.9390673698489,1.1338599993726753e-14
1351781891.3423796,30910.672989212802,300.8658003224915,5824.088576944492
1758.4408938580734,89185.20571909848,286.70367606110364,1.0284063892804162e-13
38346.48464825627,37298.84420654958,288.69045096119595,0.006775406617635025
45825384206.618576,40998.38649932992,312.1503919587231,6603.51444293839
5810.037564256217,96874.52452804713,341.4400763034283,8.834444552133241e-12
443672822735.1176,50912.447155039765,301.67275958843834,690.5184715833658
9349827735.47776,52248.3081470783,290.1880230054983,3.694297787515448
1195.7122884602504,99994.90846336662,306.63286480293283,1.0863227318516785e-14
1473741589.520928,84675.93112956817,293.18283993645736,1.2570372986636952e-06
67796572.1916915,53197.18190992621,328.50805199549563,0.24260226300117727
288324846.7020212,43569.17046988376,334.7553524793004,47.18030882174779
5002.454392835529,102572.98866790174,320.9416642428304,1.0152217321724049e-13
172565.33926508267,113102.99890809608,295.04822011198934,1.6639379087192486e-15
540282.7520152656,54948.413146724444,318.20782325168045,0.0005097258226471445
274339375842.39777,87275.02865878251,315.68653254402864,0.0010240567745036539
32633.79854288812,108559.43550354178,300.9005944108837,4.788893585439937e-15
88577767013.19647,53853.95706652451,282.7194455634544,10.258498873087449
8139200759.89041,117505.26824197957,348.51620156240034,1.9609030953071185e-08
192038.60306525257,48296.86410991993,306.9684052477974,0.001212519663718948
511543270.79545146,53102.182231744984,290.8717167327631,0.15102968352495075
55982902930.55504,112477.84826325777,339.0618565229969,2.6071804557486143e-07
8863044729251.146,66040.4282918738,337.01103546202773,538.8294432865102
3788355556.494753,69335.92455816129,293.2975696104074,0.001727421623721333
215850.90625317223,30806.090171583546,285.8124307625281,0.5135826366084287
621869527.5958543,111545.12544306791,292.24535889572985,7.513712785484167e-12
77678518.00976825,50936.98444027563,337.7895404457061,1.0700307855085767
7343327218380.569,40547.13777675292,301.6638938487068,697120.6327605835
6631142683.489821,63057.324336310885,313.64169648219126,0.21760831829565308
42029340.43597647,113589.67500735521,337.6122839009528,1.1224921042386005e-10
5738141.687507099,55168.21161524488,333.43890367420323,0.013272477848779619
182848.61871456943,100098.99640811927,349.91743112396176,2.1703006097273052e-10
819967777.5592608,53758.80668301677,331.186743651862,2.8418375888201055
36030.55700201228,31035.996752624145,295.61636048505244,0.11997466924379128
2438.013046615711,92526.20120070444,326.9560361855841,4.04651301003901e-12
26195523.44198011,51097.88853394042,294.20056487972033,0.022228792404264883
3338716.4531236,54330.67995845602,333.86036711031113,0.010713157223385408
1251678130.5445874,47258.42863091122,332.7941347120443,47.40132742923987
1128648795.5004208,76357.39149816893,297.2073087675864,4.467076492425206e-05
539855334.4554014,63633.51675807341,312.89317368090974,0.013341095376725703
1718296897.7840514,47516.7711970817,345.06863877857637,112.5818020410695
27522.07577192107,101433.02154951959,319.27520648572545,6.942486756813694e-13
24798.86556035834,79813.79102812018,311.48818757925744,1.0314452917985013e-09
384281.0507216431,97532.4311807628,326.15512324159545,9.193653158961177e-11
2759130665.043015,107920.01805152892,339.44070254892387,6.750506898531579e-08
136737.60497832595,34912.47809086805,299.04605191848674,0.11420308482887935
62567811053.96936,75538.85505865558,349.19211355220915,0.32120335939598105
240594623.57667962,54967.794979123166,339.6068153969997,0.8702590480727789
109204513470.286,88106.55956607536,322.5053350861173,0.0006025094448083559
342569932181.6043,34153.66722291532,348.3513245407027,2686756.403180231
3916586.821079778,50037.457296698965,281.88895603226626,0.0020647334394082602
166859.57220910038,91931.87698389572,340.74151542700497,1.399332045700308e-09
27710.937238297814,92358.24445271058,286.7621446173287,4.2839016537213956e-13
16787643.436938573,44272.86593602087,285.046664042308,0.13136221583831628
146398556.8583497,91740.85510384524,289.8779172670693,4.361895919943913e-09
3187838.589601893,39883.714263604576,322.18520803631657,1.0868277290425727
1357055582.2931118,56240.06336410537,343.17994494679095,3.775587196164196
2066418.017710161,30389.116762266534,299.5704581354445,10.443596805805244
9966.742037403468,46211.68362975604,311.8396076643658,0.00017971731220390154
148188446066.39786,59170.712593598146,336.83013541143566,97.88046176967737
2632723.0090024276,95447.19231128517,289.8686511820537,1.7023113880661306e-11
179219791.88278162,35502.90455607319,347.07286731340446,831.4767162244191
3974444.3465857906,65077.22048967362,293.1167845522871,1.0103194927111375e-05
412132251313.1031,35084.2817060537,323.2254379884876,868185.8628187089
275725961.03512233,109867.1368607418,322.3990328326021,4.306946122533847e-10
5284.37882931291,83130.93373651542,301.5572053518314,2.1079899996267755e-11
968943.8408389215,56203.91815038277,288.40084687142775,6.641872936463574e-05
854082.6879622471,88979.2813330288,297.7932160833373,2.1492919316581427e-10
1412269225197.1633,69486.21777991904,319.50748277425555,6.094544094864368
680788.8985367737,118559.68383103276,348.3241654906674,1.1141086341663313e-12
828982837.5770863,58992.196665857955,302.65793425143085,0.05385393629839277
25549596.825871658,71175.82404026065,322.1752026358786,7.511884974420815e-05
6465875728392.534,47814.20843314755,303.41779717013253,37330.32798041893
6254264185.431393,74256.70137723385,345.7947379179367,0.03937693355249515
6129508.992003091,33315.963466989306,304.49807348789966,11.603487466590549
151621317949.541,32358.71210038435,334.3417730346416,1338421.360013789
1556107.9660355267,52380.82533093989,322.14334831209123,0.005004480000336801
1415791952.892192,93434.19497333985,297.37906322114253,5.4049951017474685e-08
1624970200532.287,49065.69774923668,292.72646078862834,2981.142548249328
20811206.930009216,92431.99240775383,347.4115193574466,2.6217241904785727e-07
174955.91559808058,62466.28622955459,343.6139708566974,5.476521825996567e-05
63386892103.09969,99615.164634671,302.507665507566,3.921400485412121e-07
5118120.483265583,68195.75326789875,314.9964245958738,2.6172094638681e-05
2412089.063898861,41690.130504275585,317.6477588251112,0.3326935651951176
40807776.180704996,81308.39072274373,294.69820950590577,1.5896522045812494e-07
19583.491428101384,40127.122996210746,314.7341118799486,0.004452895839106901
218238518216.49103,105661.35895489274,315.3279896374705,6.722440422949381e-07
936899197479.876,61063.182181375116,296.2043383707699,16.14109278324753
27438077.687191553,59390.47735314649,330.31810123465664,0.011232889836514819
596487509.285188,110240.25134778005,285.59713549550406,4.1736042271047004e-12
5182687656.138623,93562.68204734597,323.1893035956292,3.9706301842130135e-06
61774.36868231865,114530.02826895622,314.1403115078844,5.497447939113754e-15
4868.189574677248,63927.62938482465,320.52949111140055,1.931479205103084e-07
8130439.94512105,72187.75014498096,327.6790855688338,2.575212191148206e-05
1647.2143560632842,59526.29226299297,297.4071773002227,5.709235633921869e-08
1548.110799718744,87584.86834377094,317.18524688075297,6.035718970703718e-12
5962.765525172366,93984.9858559914,288.154275924929,5.669873926971204e-14
4532921701598.643,80821.31308392205,315.5632978428064,0.19423969694276252
9504352.878363637,66307.03514664763,280.8048727502566,4.580722913494378e-06
3566.095604242148,57963.02209324399,335.9681228828612,3.427690981672011e-06
1440077011485.9785,79582.63613167898,300.4704525206731,0.021767880392489513
3871147.543836266,65561.52758511499,346.11183011815694,0.0005153183147021748
121503.3376860177,100211.29397545097,349.83378443800507,1.3403622495338496e-10
3343689529934.5557,100036.47475278811,305.05984226086053,2.5452197687634664e-05
4179185030759.362,106343.7798746151,284.5188815593372,1.2974062674668526e-07
415163008506.777,58239.041445784125,284.6890900272523,8.807452546632533
397114301110.52167,85605.8786651005,307.65926696402676,0.0011969065006540384
13790.542225347279,37587.23029664326,348.3536934468929,0.03207081568006133
10694958039.763268,46880.53972728623,301.5026781391223,84.16549932729495
377956.81729154085,52050.763018066034,314.9225550777149,0.0009103229377797844
19958.780393630997,43640.54453140557,328.39857791689883,0.0023601962993142172
36150781.42911699,115701.95501760367,299.1809793557426,2.2992094637307533e-13
327229.1218960737,66151.26232101815,282.7082222084642,2.0057650034210816e-07
3463272.8845844287,117062.70153135135,313.54701825303374,1.1402393702253827e-13
1069237522317.0333,89682.997130435,331.9109890659246,0.008271002305138614
463423.2106126085,93816.43220591865,318.7185784165348,1.966052297771357e-10
725681193.8445325,86774.74792478098,290.501412620263,1.8045454300564925e-07
3015309.6422911454,61882.02970592735,344.5311995736444,0.00122904928057538
417783994.1096661,53436.59491401778,281.758346288068,0.052067475470375824
12383833601.185495,47601.73617346813,292.9944938882195,40.658154783296744
34739295750.35891,60109.86288874081,305.9007255761139,1.8916414989482913
2655.865392231853,62947.18697960992,343.34928081527295,6.915707522755873e-07
8002.449257309907,57168.81986584665,280.6064123787487,1.8324039339505541e-07
5039511810247.431,38906.94919600725,282.9070378656889,334026.3924526297
1301.92405182787,46763.638763744595,319.198739355602,2.9190847433681835e-05
4636.690525696929,79797.62624469915,297.4589076756678,4.676382815996864e-11
20314302.109163158,104488.94123757999,337.06114405791834,1.281518704861437e-09
16382391.534858465,85312.93851756697,338.1295429737164,1.1081321627239493e-06
996627.2079997394,110870.54273459742,309.6475470070724,1.937761939716764e-13
14744.6048025605,52972.86123006639,291.9590414982738,5.145870660869306e-06
1853.4619043298578,115159.9979718903,308.8972236558829,6.411548971577864e-17
73776019.15477096,65777.32898331956,300.4128402955433,0.00027667908486038727
47287925.49085735,91438.87531373004,320.3238373626499,5.7783967022451636e-08
49653.242068605585,37882.19190663901,333.0506855435172,0.056543447673197564
37621832609.76787,115637.3488592873,311.7755613387671,1.6179488111614938e-09
60006642.17570094,76505.08932715897,336.93399122745814,8.34642032401605e-05
944716157306.1652,92658.79301762815,315.1941586811161,0.0004297717672196175
15595.944527728012,90117.08622660293,317.198668571026,2.266255139304553e-11
476056957.49747616,113363.7832669703,331.1815601494655,6.373625468714363e-10
1497.7715155161943,75060.38121356966,349.3465972070111,9.046198450529521e-09
233073785052.43265,30013.418796821068,302.924132861128,1583863.8975935846
1313644.652910878,49413.10222651966,316.1436973347259,0.008934644752229019
3767828428439.981,82144.16355887317,325.4669818287454,0.2580481689186651
21343.122788924145,56999.31971235291,342.05633789920756,4.239294579243339e-05
302335414539.45154,85128.4104617977,286.66592974757276,9.331331623852155e-05
138126.06146903493,77119.9224260741,283.87076775092714,9.10224296929815e-10
1590.1586240507318,70304.8902922314,336.4835575889828,1.9501958694690073e-08
3277543601.5723996,49152.67922260204,291.549882138185,5.332297118201217
51420.61894719829,78164.81901758755,341.65113279134397,5.8712459393076195e-08
2209057717.6951294,30490.795886501484,321.6418483205974,24548.488665287598
556580206647.736,74102.27097616889,318.2465417602334,0.3851423669606803
1182187877190.039,60738.9259916032,291.48750280150176,15.573984448876605
7230409329.5262575,79467.93709641293,298.6504075391029,9.275881113961795e-05
1877.414981231412,52993.53861138,343.17987264705897,1.631020248938126e-05
79326626.45692483,35030.6359929688,347.3908693111225,438.94573257433206
33622.69127146955,89714.28876414029,312.3111006944452,3.404345912560394e-11
140362462.71359846,32727.100512799392,286.3659464073017,152.60717921236696
27771.80907554058,45962.868582306925,327.1400801775437,0.0012774362363991692
200859.80620913923,62589.51838302486,290.09213796743126,1.1074733339528258e-06
5232967866062.977,76641.28311937267,298.12561320408776,0.19674142976924336
3521245.2312629423,106970.89516032618,348.78708719618714,3.4572399437818107e-10
44029189.92362549,49158.90711577098,293.40231562768906,0.0774643127701785
2168.078613735259,83496.23860402941,305.00501930350276,1.0701018222392691e-11
58987469488.00311,40353.64391866592,308.2797966412801,8873.650251456193
8916074.68587878,95251.35579673754,345.2394887793976,3.4281882200199444e-08
4660587716154.977,57440.84205775691,283.1223049026268,119.89912946136846
2388789304456.065,46035.5672919829,319.2739111364946,70481.63341084548
23705665.779599845,71947.04418559367,319.73043987903856,4.346345690930492e-05
48656.36051604737,94170.15101281012,286.11505688927286,3.2219644607231426e-13
299325483184.822,67969.55818924357,280.9287216983332,0.06770234250481746
656168166043.7811,65652.27125806213,324.85681332332985,18.543230610968685
20185735.86293274,72303.14492936988,291.97701531483654,2.360063970168102e-06
6368137.870163991,53361.82831088389,342.97994314770364,0.04723967519448203
681301.877677355,34608.080339361244,339.22434655426173,3.256551857935149
1222859615916.6604,111594.51891366065,300.8680178991669,5.3518042987099894e-08
1410789.2187863206,67585.76633702352,347.6604574900732,9.819075985079133e-05
23451.71529248749,77763.0489727741,329.26075397296313,1.0977900396152777e-08
52856.556696849526,33962.8199863652,340.6472040754272,0.337308721387469
395905241343.30817,74642.98228905525,319.5943871078427,0.2470978729524054
49616632.42943428,111070.20975134174,319.4523835201849,3.582702992231165e-11
6641.669864135415,50000.673374936756,314.95072762756297,3.492264791369878e-05
101291.87292819917,91244.18743812651,338.5500928142828,8.565441379487097e-10
1054538804.9504997,54579.329066032165,329.48166503806317,2.4519505041588188
16345308974.265444,30338.06611482398,316.93967328364124,161475.46296805848
2138155292.612284,104751.38501159726,318.5510886375082,1.4398368713972347e-08
150168571.46203446,76950.65955418565,284.3386045106192,1.079840988468114e-06
1081.6091787914497,53235.42803462673,309.9669056400469,1.200837108935478e-06
1504903.3874747867,31282.022354719902,343.53721068206397,26.322490768177598
1763727816227.55,44023.91599811473,287.27172860366034,17688.419989270864
213634.55432062258,74845.5983112003,305.46263233889704,3.508678224043268e-08
115890742.68123598,105502.53348573459,323.48574461365655,1.1052719793270958e-09
8830438.324987156,110101.8389189287,307.1529351202034,1.7211807879977915e-12
1556.477099498047,114106.91531325995,324.8526752166566,7.049623531074838e-16
7021291839373.251,55950.0794252909,321.78599755611435,5834.716084838018
6078426325.050615,74817.23644330894,280.3424301961404,6.909102173139806e-05
97804.36621041123,30399.529758646706,334.5441728328884,1.739163271264233
4280428295942.499,54464.489813166314,292.67402626548505,810.9925273144773
1169828643.760015,57618.197743601864,284.4126118025397,0.03206168629517149
30766595518.083954,35917.119551851836,332.9561831695533,74237.40591423874
51363261357.978355,39951.93785150004,312.11667005805043,10829.03525006147
24106.767217198194,103006.35742975539,298.38368843514866,2.2975578759071054e-14
360714106161.283,101580.1459755113,320.270442356657,9.975191693615039e-06
435554497681.0436,37471.06840754865,300.4614874434052,134262.03047827698
7665814662030.033,52846.10849852483,330.5396754401409,35742.628205550696
638063.2313195065,84657.1931710188,342.0424339138781,7.879863811846924e-08
26849711597.145794,64847.69697119562,292.86218649185537,0.07601264002916658
597564132697.177,86187.36564141992,286.99082916986345,0.00012239185745362204
165660924.99798253,52832.68252084276,335.0290980024547,0.9449630401352475
343127024332.70496,115739.44477654118,338.1162271339869,4.616107887854029e-07
554982944.2432836,58260.062527706774,299.13121865006934,0.03720160863007743
1810928042.4969878,68344.48254326601,322.4391394436751,0.015606619890975164
6925575677.999904,45579.34046154766,299.9607271314361,83.1682565501524
219413625435.63022,88167.22726104033,280.1360482414557,7.979585745175709e-06
3525323.050948411,40529.066056671945,301.71912602386726,0.3510761422557046
38006241891.0791,82524.65007578651,327.74574928111895,0.0026488770010691795
62253360114.630806,106019.4343476192,299.7783004344945,2.071190111235552e-08
121185751310.22455,42628.354368639506,319.51195661568164,13557.059474832131
16327.503696383783,83726.62283763918,334.97966231026544,1.4364470699561465e-09
645922641611.5942,38147.31494726335,327.4912527930539,540984.5121230157
192783.49365371244,33764.01903002832,291.73069805380965,0.1814247268185237
265464474986.82013,111791.74389582539,313.9372593117959,6.527898999598125e-08
2868.753626405194,74293.54015899787,305.5618140101552,5.623490986684448e-10
962820888.3242873,32631.37349701983,322.0772654343808,5123.888110400502
19683.915847070526,68396.10976847314,315.02733711447627,9.257349348048271e-08
346708.1268354904,63941.98524943895,296.4471491053771,1.953248618746504e-06
4109471010.2282796,117423.42441738726,319.5390395086895,2.627365860606295e-10
398040.694383609,41193.81463224202,289.90986937686995,0.01563897456240983
24636.29326176429,82562.3868883471,295.8702585682825,6.497661233945508e-11
1453685696.851193,59220.17144579915,284.3481672599,0.01889663682528051
49411.12074035851,93710.33847540405,347.45668914296795,4.0254421592382896e-10
26499.614166549054,56134.77200916447,292.1477493864946,2.522473201028311e-06
33331.372965885035,47008.58991545778,294.8654217688194,0.00015532843391587693
440938644385.91003,85820.52956556027,318.11169991712404,0.0035458524011271666
3989845854069.1543,30815.39733516946,344.19353634453694,88056132.52511942
25527181876.077183,109888.8100047111,294.9825387352334,9.175424447247528e-10
228555659252.67392,56274.829325891886,334.98485207797773,379.7157584947252
65771799442.72192,53414.97806495101,283.0413225073132,8.941312087240808
275296.5762379997,30909.490459199944,340.2981630764717,5.192892407087785
3563.794079133772,89000.71668010076,322.5026082057626,1.397207888590482e-11
1335761250954.233,108490.33545038007,316.9797198655323,1.8013636092446935e-06
284546.9063053079,66693.98451725872,349.64369368709504,3.043499072577108e-05
1228071.2327943163,117744.50489200799,281.89298158597563,1.9027238155464297e-16
668233604.110678,104292.84191559251,310.65021641800234,1.9095935997464395e-09
886853799543.2726,90904.14522011142,338.54648701372906,0.008716401707635851
112448868.69938594,66874.1445183188,329.0274454416253,0.002770792878166713
34353.71725403562,39705.64868176627,340.33772785579555,0.027541939312689098
5510.4693490376385,47328.4339911753,349.18386019482296,0.00046238879796081607
5538.104359078093,76240.45956579954,344.5405551895485,1.5687479926432695e-08
296622.72992098815,44024.01104810406,334.52191139944057,0.03947379858777466
198399126768.28305,69790.32449594556,325.654876046447,1.2507647180807766
99429303.89408152,90898.4898373034,318.0721179935466,1.1923835384484025e-07
2881325.8609486055,39166.03036577689,323.72852461355984,1.3718422468869227
3186553488857.524,50104.401161549365,345.77844778373435,86600.40123725065
1434512.213821415,36023.78999121781,342.0331792992754,4.540604680845638
20360483609.752842,61652.987355316756,322.0342072123135,2.006468753194136
117378.67662366336,65288.781046474796,291.4747905704353,2.3042833461753196e-07
72549654546.77956,102452.14872817876,296.9920459804859,7.091036122060167e-08
102397.05038390565,100572.99777477534,280.97306665548206,2.0439722817934243e-14
24764803305.562958,106917.54638558015,281.81125221614315,3.8523342544097684e-10
3561037331.3041906,90705.76749360579,327.5011110169511,1.234518718222666e-05
33401306072.73148,70044.18718505118,288.74729199009937,0.0073822306368981115
27954662.45325476,54496.14288929408,337.5553812234515,0.10768204075375004
450258.1688615662,100523.69401507919,306.9033328588549,3.604704105152207e-12
64343054154.08116,56079.81505476675,308.6236420252501,21.36525507324733
78388366499.34964,91294.74430512318,297.59260137571823,7.2996405872485e-06
124954.54277473908,75848.67887545802,323.40981034318753,7.110586840757579e-08
12267.95812811694,93818.68068803224,298.63791974055823,4.714192515474767e-13
72448835270.6118,108347.64219924794,294.8521332452514,4.627330940936986e-09
2575288178050.2344,57256.88437098061,280.6317239784738,56.66588089181918
4540884.038575727,80651.82955554228,301.0071524960661,4.753967667193347e-08
5551671760280.482,88556.5980606352,317.6186704000055,0.014898890949926793
1583813.7064834323,62212.63851611693,347.0077352615168,0.0007075425278764415
48529027569.09748,63424.96233913781,284.69743076423754,0.11369585278563248
134035411.64302194,46096.46508558502,336.1381879368642,9.448883958496674
174772.02069422673,78519.90935688422,306.13804362163813,6.992269064955508e-09
1304466623.6209753,92725.97828115433,321.50804841879886,1.12499789987538e-06
13366133.829937138,74719.39460144004,303.1997492337155,1.777505605927398e-06
104583557106.82741,39233.54478201649,318.62062173614896,38026.95075234779
8325.375302324208,77430.99432272132,334.49668625140146,6.633395048748183e-09
1139527310.5099816,102062.47361073915,328.8238234310724,6.981408259835904e-08
452924589781.657,48690.51075528863,312.11675358719543,3255.7158994661645
43556013650.330154,66221.99526887044,302.55152724105295,0.15940416741992766
87185.13214745029,58532.568793773375,280.20975213806946,1.0926600013432398e-06
288543636140.6897,84031.57065270659,293.83545416345834,0.0003271434797655724
29857306182.991146,40282.50888671041,294.893539057293,2220.4652828101857
154588436138.4042,63958.82346818177,302.82585445261793,1.4152762625614246
16535706012.957914,119244.61965652318,286.5191803987934,3.1263843572300327e-12
9635.844962264664,68500.60870588466,334.0993223144993,1.8460074335088104e-07
79898785.93183318,89005.05345882569,280.228238618732,2.075505556820852e-09
4969995405905.369,45675.86378341275,343.84177644466104,561689.7927416165
184837107.99896026,51810.85773950249,280.2974465003065,0.04053459923898672
706891897.1814314,63621.93179289783,330.9450788648989,0.0646416370167769
1183.9388330179393,101186.46630425048,290.58202542941984,7.885484089768801e-16
492407809.4953393,33925.50044467425,333.3425394348581,2374.337904014898
18799420.77225161,44414.14657376976,335.4638590992246,2.3000309540662345
332684350343.77216,111556.447262005,309.09038108989546,4.88615738156068e-08
8287971130.577013,72747.47464759085,318.6104391674639,0.010025037005202889
398617250340.0439,85488.75159337076,336.4823427102763,0.02169665883113216
221389499910.3818,111652.91501221215,331.6840711350127,5.743845922404178e-07
3619349.517233784,101975.11535923497,294.2608567915055,2.956397386815477e-12
147136040.91520625,54105.40058139284,294.01326916725014,0.036679295961823045
201720.07778224372,48509.05380446339,314.45682589707815,0.0017743187258010755
306093901.9465721,47276.00339828829,283.1776797809058,0.5927122187862203
114316.83401917828,43788.21566542628,298.235457004215,0.0024620610058076714
1710.3952357121352,100822.51793942267,318.22145833047165,4.877379114136781e-14
663642.8735895033,49952.00746270762,329.78205129555766,0.008256890299697393
1006.8247968593245,81582.81166596907,293.02883829700914,3.006269434943869e-12
428081.208036438,108138.51945175769,349.15569798942084,2.7821705782214802e-11
2533342001252.581,46472.47155045792,339.2653706695322,177967.24397144635
26489.113020450066,43486.694745294124,298.0696045519965,0.0006628507175117476
162324927608.44736,103686.5278791719,337.6482779918724,1.4581553103247666e-05
5601.830797312017,36303.13700937426,331.0206942660301,0.01047513359605998
13125.106021566568,75140.71184589963,280.64392421056345,1.3447416270504154e-10
6268556241362.3545,113016.34921136366,323.05576666541225,3.3326551457268797e-06
3812601227.5863748,92584.2583798072,342.55052010348425,3.0064789875499767e-05
1755963355.9329336,100171.101732059,310.48793203670226,2.4485187363834222e-08
36040997.664631255,101865.27705578806,295.4528398492541,3.484460986416594e-11
119490245085.76181,35839.793123331,291.66678208040213,46755.26559904113
268876.0025046331,91217.75284059678,337.81001962913274,2.1233637146294745e-09
2171.566060550732,100311.69042519179,283.95589087001207,7.920816504421479e-16
94473.22533188436,118901.23658162469,327.1306510707492,9.64910858074993e-15
458566274.3967877,48584.64302914645,289.9754592791669,0.8246129849894762
174272637311.17282,80124.07402729042,343.2736972501091,0.11516251167736719
357737748.61084294,42275.120896248554,318.5249203338215,43.57387683049441
1552817091305.6077,112643.71156162878,326.1132058362568,1.4139011217484153e-06
56974487415.56566,34155.543189268166,320.42100734066344,160655.73802070587
68653939.85416695,90004.6476976163,280.1818025249562,1.1261407058706663e-09
64807.25646185165,35311.4184780414,305.2982272066958,0.0585917022540595
950127697.5258132,80765.4043167466,322.8646405154076,8.029334339028252e-05
51967255.279974125,78370.69238084859,286.1556482498981,2.6326352245185704e-07
2948913253801.095,114591.9274296848,285.0543781285671,3.0111514800761625e-09
310815545700.683,30967.682826670945,325.1945675018518,3262261.707887757
458589.290987821,63280.89943966335,305.9888017430101,7.367714780659587e-06
2879504484.1755466,68960.50707862852,294.29686603587805,0.001717638927813501
699011141459.9366,75433.27374107018,306.2822101747328,0.09696922132493045
133263.58164666244,63561.582117479404,301.7673374797181,1.338615141837895e-06
8160735175.228603,30557.300191067756,326.7516160438896,105433.88998408726
2064971.2349342634,61073.60998828918,296.00907729979804,3.4723033503143164e-05
191819155.10951847,85931.15251185573,345.4806328614331,1.9204851391810735e-05
1812343833193.6655,48647.83000801799,322.7041091858854,24879.902445347576
15476544.0598236,52211.01579445951,345.0760368081786,0.19641301749058043
261635442.3276457,105790.56138297018,284.76244668080665,1.0580420277913395e-11
544727758323.25574,63445.42781388513,317.22046084752174,19.166763022504654
301091743.68565875,103140.45031748088,280.05008120125865,1.707523046851378e-11
307495969269.1707,39269.74916676278,335.8598423652948,244487.54882394554
7735.576937274877,36744.59223100737,324.2322721913698,0.009670294336470788
5809.451684382597,78703.41590318081,311.89815357047127,3.9031854510943567e-10
5371532307.541801,92563.9880617208,342.7839884653369,4.257129690153674e-05
3116348.6631015837,119276.15553891288,345.54551975314973,3.0314135451836164e-12
1030.2306799523562,75200.77029984622,310.19800776337405,2.270710223048634e-10
1799590661.0979235,56539.06117052847,307.10686657573257,0.4541170181044654
3563300.7543910802,72784.27881852096,322.74965105994215,6.057679012592732e-06
47684398580.73195,83929.00690793102,294.7144102109117,6.403135331378396e-05
4249671536.033201,114186.73603713982,289.7267317567566,1.1457502214267774e-11
5443580.781876209,59956.915469351225,314.394263181766,0.0006123093401655416
251468.21822212214,58783.80061049681,323.01275915468426,7.702070449285863e-05
74862.43371802197,54587.01381777541,327.8280500739585,0.0001564274787776043
1243383193176.6912,74315.12874690251,327.34280854240893,1.804751043451865
37655.014375070255,66765.65213180997,293.65858430091885,5.1560189242788995e-08
20956988058.129906,101743.66298923687,346.5705176974974,9.723916504498067e-06
297287.11429935903,46789.93341509358,284.20240266332945,0.0007599953810537473
3924.3419128538926,56076.76854895825,280.7326796247493,1.4445363451596213e-07
59284981.647848524,33300.76770966166,320.3710623319677,227.67184680710483
5869726860.380477,88602.84285832607,290.5362207276019,7.164254359319266e-07
191448247.74879906,112215.68554783467,349.21829083246877,3.1650070893681896e-09
9658.243740441618,60456.01364002624,326.2267430636293,1.9858044967588516e-06
2535054146127.4927,47457.941754862404,304.5932788880539,18067.209966780607
81746945619.2036,77198.88415661523,348.5137290723036,0.2220297565590993
7408031947.293535,53260.22950567574,281.08260945920483,0.9584214739571393
26051.64288885808,100778.36746740266,345.9801992582389,1.6393230520817494e-11
5276485579961.852,79008.51100222801,302.6303572323641,0.12611825046368008
7302.187559009095,62567.25080714561,343.6213803116285,2.286921171510234e-06
73110233623.35796,58655.41475417671,299.27113012763436,4.399583026383504
30060.150745064555,99621.06662891229,302.0916664550261,1.8186940876283503e-13
13800.841003870717,44842.08366278995,345.07496001537834,0.0022664362588707444
2132537367.1088967,36717.38285681611,317.6136873748282,1994.3979382172752
1025620576016.1255,101667.30380683692,314.39677677336255,1.3232034412573e-05
1405.8424973793876,115132.50433446342,300.3183396010547,1.3254333384118845e-17
11570085700.97003,75851.95008767553,320.83166026557313,0.005400272768222976
106493505987.25836,57879.39964195489,306.8737697918842,15.298104311944401
240926.69540747305,68220.068543351,286.3035618613293,8.635311965950365e-08
214985613.5333318,99245.87575967083,314.9190717692325,7.387451264549746e-09
62577732.09456998,94299.94432616307,328.0825880772401,6.30458716911474e-08
4488761514305.66,102585.67912002979,290.9897707823597,1.778932595011832e-06
243573.8773822107,94278.94640384748,281.1246119604032,7.476008031900315e-13
7673073955368.18,36600.24820471364,343.0883932630951,20783942.466242693
164537032273.67532,39449.45260290247,307.44316491870603,32930.780680973185
813222830.6932052,33532.73638872534,291.5447046323642,828.5799749567103
144086189.79667464,53345.21945473866,338.59127670790144,0.8463011608041098
512716420.3300262,90422.38538538027,289.29906957754633,2.5113512096586448e-08
77443305001.2611,112044.66220915917,323.3019128328894,6.347451507477397e-08
238760994944.9119,73486.89272865564,297.8534975194554,0.032025691349215034
3670527999245.774,58531.26483823007,295.9982827679895,173.5193933280975
1611157070507.6072,98155.0078450771,326.4551319233831,0.0003270355590400193
1378.146368125795,86613.41501435493,314.08706031239103,5.665601896535289e-12
11759.052538419754,67529.42522986457,288.0649819191209,6.987107569530289e-09
48724.96591847387,31812.92930780257,314.1148802861882,0.24832320992876952
142962835615.51553,39487.159085761494,324.3610572740682,63114.77300285464
7252571594.941321,97514.96134591449,305.78895194740295,1.5746957306636048e-07
3187962690.625805,67695.21920606389,332.29798200111577,0.07445591415674427
1226743.1449913946,103184.25931923084,292.8036282850409,4.885218541947227e-13
614945755782.6323,92195.3623977301,333.04674378450835,0.002116176740196033
42896568265.14805,107901.04967492861,285.0508977577056,7.252366205789913e-10
293308.336301296,30513.406622512124,316.8766743971025,2.7659741202699006
3343734968647.6387,103732.3555347351,303.1765097751735,4.6099335359784026e-06
2532.5384085133646,104020.48770426407,307.65487096151435,5.440657907210632e-15
1221789689642.8875,110345.18332936033,313.9892170622366,5.427694726746075e-07
3213260231558.638,47018.763499073495,332.5532103498986,133413.38222707144
1524283937.6705213,86039.11690864326,314.23198337966824,7.534421985634349e-06
4204.143517745301,41370.28347958979,348.9050539006,0.0026692934076577753
591728.9141002466,36062.32370747872,336.36873530827097,1.478062087621176
368772.68755319895,42408.83702493971,331.05127047264034,0.07468027073380623
7286.769633661181,30050.237136823234,325.3056170499678,0.11347924195131387
769231996.0093224,36116.10425716776,337.74000228111095,1996.4668009635968
174645989.15567753,49668.73492276679,346.10365185695116,5.490957235532078
15179.709834638385,83701.56092851721,332.10225947126975,1.0831726759021113e-09
5652.78441461533,64110.35310930232,321.59143229331306,2.2082031801952898e-07
12404878045.909262,93733.51452210042,328.6837691939431,1.5731461079850114e-05
15438.458636404652,43723.03138574019,320.5992480123739,0.0011535421260335055
3859.304860980347,37086.21607869824,302.58723931262466,0.0014995507342378455
109832.1163036016,34597.996868867274,299.89867136949556,0.10289588503158761
467363494.0709777,71232.7569186746,299.1623766267209,0.00017018415327195484
6029.646461267361,81495.29165160115,295.1102349428614,2.3509303221598077e-11
4102607888725.894,54460.07590687117,287.73472123657854,554.6773279673151
881780310542.2635,110212.24706423096,293.35838776207396,2.1930188319625833e-08
1288500483.0773082,77559.04093763113,323.46736249052617,0.00038675853463513533
1517911.7301291,108571.46210925863,318.69018745517724,2.5347155219152643e-12
56242728.413718626,116755.10815151356,318.768103089362,4.10117405194822e-12
14780906.13653477,99269.34110009193,287.87198905225387,1.4508177581950987e-11
841794962.1804135,109353.28999059636,307.55520932841546,2.2062881696525312e-10
12937.532225024692,118369.89466886813,342.3182872299799,1.1405021044843484e-14
345427961.79200613,37459.96008398688,337.4925888220732,570.874334476908
2351038.796249563,102592.58132792977,313.64943833725124,1.9473550767550192e-11
142102.67764661196,87486.54023674206,303.0092409780591,1.206102166800814e-10
908577987.9475842,109363.24921609624,337.53218456428937,1.0752951064650934e-08
15088000831.449934,43571.685318745906,288.33738233482177,193.75313868404015
554747887062.1991,75032.0458280337,325.2980199315307,0.5059900188627208
31501451.382177196,92527.85632887144,338.0324042411246,1.581145597540651e-07
16497637223.692324,59226.51140240778,337.53407152286997,11.46488432667491
1172.2585975273184,79903.749593421,316.2271960594216,7.433194280708576e-11
3268.1719944109836,73154.60252788058,285.74132884638897,1.4305584181268486e-10
2918972.8041490335,84846.18760141195,338.1927775240394,2.335568584113252e-07
53358.20183786415,85538.51046314908,291.3420728530429,2.446866531414279e-11
801033839281.2554,39723.56349247301,326.7851552890936,354344.4711296168
18998.661106203795,88669.51750136979,346.66817988131595,8.393556062256816e-10
243855148.17854422,52953.74755967922,348.3380457821104,2.827960803764441
8306293367.706206,73473.59954785605,288.70387557142,0.00042545303807469396
316148416814.4575,82423.04193609164,346.3722865893172,0.11862310319942604
31009924.90576985,50134.45993789075,308.83934535651457,0.10641141057749333
63644924.0894712,90795.7290990951,316.9561712215064,6.93316109817308e-08
876462475769.3159,49778.20043318736,348.6380928082772,30642.072521240803
3685551.7468921384,85854.85653030797,287.9153600150153,1.007364992509871e-09
853170001.1634208,71296.09200395065,336.6998191847169,0.0074897943578754655
15855.670007471208,51716.07418593057,285.67449969791534,5.745911491515566e-06
1530.082235275344,62087.32220971003,326.3912348224896,1.7497465577830306e-07
7393088116752.711,118741.4217420593,322.2461054485344,4.172735530862817e-07
9451507.249113752,50062.53846527556,332.699707489355,0.13270091375404017
2594010657.3021326,83772.92919605103,302.89933447882146,9.201805718759412e-06
47352510656.528336,95189.06732992257,291.2827136246619,3.984344390597083e-07
52956690.63442448,66305.05230228692,343.9781826240016,0.004580856708028747
384340391.9394036,70948.92321874239,290.7744128880635,7.08838034885131e-05
284836407.7819591,80396.754107263,322.4150503750741,2.8062400876765424e-05
82650986.03864074,30291.11541331796,288.6611731690529,278.46607820250983
2469.0757672801005,86571.54640725846,314.5393032229024,1.047244418019329e-11
12241.86321507795,109903.71141476608,345.87458554678454,3.210630987862977e-13
1240274.55888546,64001.29488466987,294.6172971163198,5.709348000994595e-06
153434061804.6973,110694.55637869884,326.8795609624117,3.1472715102979476e-07
10833.166496304577,75711.91669863701,324.38563892371167,7.013381017587043e-09
89523.52906375969,105494.11418495496,306.80389058877444,9.86717082068374e-14
4394.849454940271,94348.13435419985,314.84255718863767,1.021601170843825e-12
84564.59514846338,37505.997176939905,327.1582924444067,0.08953285684808464
1360398090.186304,103213.00247873507,283.6691932124547,1.401238656718586e-10
12968757.43004815,84677.2188999338,286.49856184631153,4.7065261485729115e-09
322591409.2772458,90692.2319662173,292.13398879219193,2.0414547279953057e-08
7772561441.084556,55056.90495127993,348.1363770759507,44.18954799573156
4705274898000.816,112810.36379581256,308.85414460667255,4.038950086378836e-07
233187.2299789832,35628.189773518476,289.2772118623469,0.08728705454974017
22639533365.020977,55697.01618148627,284.09719372158105,1.303052894117097
230731186.48839188,82041.82587802362,320.6446779801434,9.867758438478778e-06
3342.5124916415757,85875.20363525223,309.3887282779902,1.0812789178958123e-11
44749.388855890444,76549.53109132397,335.09194084444005,5.336250197239372e-08
1202527652518.1694,93951.14184183249,348.2151155961088,0.009766399555203175
25245830298.952293,117626.41881428684,298.31815590316506,6.298125514223871e-11
17945720072.195602,35427.2679633744,349.9603093910745,95210.15291878107
14047828.16043794,110614.3795226521,318.0235128164263,9.744161592889727e-12
54437922.0410988,68063.21716944184,325.83217428182127,0.0006553978851775274
90053422.15640004,42220.21325798484,344.4647848993186,36.7877299386319
12319303524.701773,52360.73627177962,322.4112087574502,39.8615185912625
1435002325.381417,30695.024537378355,308.8336212125268,9506.716107080842
8299.2879620305,56254.13438022816,282.8938777065849,3.379492062084476e-07
8161487372138.466,54365.85637977969,310.4438175037767,5745.69541128539
22378077051.23574,98539.62439458967,336.9521688562232,1.1852717083912687e-05
70862.03756625485,46737.99287179435,289.202384231243,0.00026709205311894167
1656.9386643861578,99891.59859772908,347.71297741135044,1.6266859910477113e-12
6000567.507841559,59165.312947414466,288.09280408192956,0.00011403907136660003
2456.401170133761,101958.0393200096,321.53728183556467,6.834407110968241e-14
1357.168734628126,54147.37076776738,319.59880154843484,1.951712352489057e-06
1674771.6046423574,88186.95938847026,326.39744474549155,1.2881786630965732e-08
56264979940.65643,96833.84103977795,323.2579734034126,1.296593443222402e-05
4579.208288514929,61687.96661331366,344.95662234286925,2.0936597791658718e-06
395382850.0599137,70224.25720875789,323.98785488370453,0.0019250669194956133
176419.89577012073,77918.77391035866,326.35103283703984,6.155704295646985e-08
4994418532.692526,50359.78371987752,337.6381503940512,83.00511682993026
6672595021555.456,106444.43638487646,347.6823501018248,0.0007043417053340096
318821.606555289,75017.75537000046,324.7636149101838,2.827836392957022e-07
424616448157.3812,84103.45901355246,308.7991417061771,0.0025362521522688396
698473.0155685523,69878.3456142034,334.2290867833754,8.44593593969912e-06
13992433929.752901,97128.59746122171,340.5594192974195,1.779059899814512e-05
122121200.04061575,101053.02385909077,289.2346800790726,7.082395892397587e-11
254597764.74789026,33990.62440248415,295.5577192657319,245.3912305678311
44675097676.44216,62362.73583202998,327.2846157159952,4.9073571554663085
30036.195099906712,60705.48088486858,280.862598374241,1.5987361984557596e-07
90561066.9374941,70704.8131955448,304.116531969413,6.416248596205002e-05
8397618908.0818405,43605.85345167879,323.1516237074398,775.1707056364336
12661715336.883522,107069.43138120012,309.4943691434612,1.0584925563239848e-08
1182541.125627316,107607.52030103534,311.7913914642276,1.113581786874085e-12
21011930993.82941,38321.255881663325,299.86142428968674,4487.372136229135
1538793283280.5144,102386.3958143714,328.7872762374732,8.492749231378549e-05
61542.39892137589,95432.37770175721,307.68868492954505,3.816450966136057e-12
422340003.548626,77655.70746772469,312.21912435363976,4.486037266060639e-05
2224942.429135252,75200.74000840663,309.04717975924916,4.292321790417657e-07
3355131.4014193523,98085.0611676676,280.80656985660033,1.9500637567310255e-12
5270.158388781997,103701.2030684674,346.7574621743729,1.25553880045145e-12
265319371311.81076,110587.46801515379,349.9966721302318,8.143005687896116e-06
3458677645456.6943,63782.112351120755,329.714849799815,284.69161603089253
94713.8196998674,91942.0874950815,311.3076867881343,3.6469950308531617e-11
2402219193691.463,92392.93503534682,298.2176564524341,0.00015445361017833034
15967837.073967928,93681.40884802034,335.84032484094104,4.474059521347087e-08
7109.859099095796,53428.32208106686,314.79636255518074,9.907245397696365e-06
5474376.954276494,34909.1406003763,320.2869559251118,11.310816345715239
2203899857161.513,98578.41098068735,333.70409733853177,0.0008236689447955138
1089077.412562377,43257.1652441804,323.1108457083765,0.1140298308916485
9711799.36260624,112107.81431791585,314.8226916443568,2.391904373920687e-12
1003673.3055180317,58550.07190909197,288.9502370234658,2.7066201831582085e-05
336412.41486904275,45313.96262567752,318.59526894997765,0.012445782233859153
465131167060.5017,68710.88531677832,328.773407394431,5.7793597627594915
13161835765.646597,54361.951588281205,311.95404848769044,10.315560744824435
597696096.3667942,56723.9293107564,325.3908547262006,0.46068268586196787
43927586915.89284,101947.9139940634,281.0064526767952,5.043428254163969e-09
376786607211.52454,72584.42982841769,316.27035794950496,0.3888016164335132
68662432150.115524,45886.24935548489,288.99710228767077,363.0798372365683
1026.6209223918236,79327.38560102135,297.6697892495679,1.217197315185188e-11
60981.05061321335,119967.78004342581,286.14881400506823,8.021171726665571e-18
174562972739.99252,82674.37023917455,297.509392470722,0.0005507365963466373
6324634367.665845,90910.63615396613,288.5531638186399,2.2572812112046506e-07
2183168262.107677,111561.0429204096,297.58404735605586,5.831748081176342e-11
19843002.28464649,99531.35407657138,347.68881397727654,2.166348341765753e-08
1412558925007.509,70959.03499050278,344.6432948930426,25.255795697285777
2396030.9535872424,117192.6685870089,343.9478952229361,3.974797151583304e-12
10293.195633619076,80421.60629536462,340.1194651589542,4.6214582628170694e-09
20678.078239092916,53996.89191108997,327.664246501553,5.067105658961081e-05
232920.9202723828,103673.59233801992,327.6050936216163,6.804496204187691e-12
5066.838956023035,113930.36322144291,312.15590646023423,4.3755601857199367e-16
304565238260.0272,59397.1898273758,314.9708523341817,45.02239148611044
388720589.7554334,72815.82714339739,334.8303020115986,0.0017363969812852619
438142.1308995106,67337.46358377836,337.2391346930086,1.7026909811696423e-05
1005.4053760688957,116094.7760445103,349.175509046498,4.41950339133732e-15
2297431.475411153,110477.36227783367,320.4679049445931,2.2934306096285756e-12
20943557861.476513,46478.120932214384,319.36003695794875,514.6770591007386
5262305868737.135,66993.18868247532,280.37276747780993,1.7798848453218963
1203769350244.0269,77923.27689840601,287.434666849905,0.008138805762033569
120477.41693327347,42967.57971617612,285.36324452945246,0.001644198303684278
106874466435.08377,46557.08319119658,315.0068279198697,2033.4654773378677
994494664064.6542,67537.61964815466,334.1656492025785,28.241163136283998
94412999553.05872,82037.09370126782,284.25037821387326,7.929198424861056e-05
33071971043.11091,80809.14395466764,291.0786372202002,0.00010395235233408732
1272596605133.354,37505.91327956759,311.25101813705066,672815.1877916104
7064498.811770284,51032.43967331751,298.0415556365837,0.007956310531316688
564511537739.8739,109395.0185042926,308.09131236781946,1.575706528590711e-07
1738.052114263564,50502.057264937874,296.25319808125425,2.122885049500403e-06
30741.62014071951,30814.376517183347,304.91921671449717,0.16307865427620147
6269894395.529218,68434.09684009745,322.45232138308234,0.0513235336256019
99290048666.95871,87128.85198548337,284.8609015956749,1.0911798915601195e-05
410062.3429854901,43448.48174713926,291.2468919771559,0.006637091393916196
1159491475.0112872,50319.53771043774,342.97057774167143,24.89342271036544
210882267.6201119,47256.72366040952,312.27825808644013,2.6843872011395344
5507101475945.672,63819.25860059428,293.2980124906208,24.445483807162404
3576020.1562413853,78679.00438896108,344.82418355855765,4.341418333234605e-06
70298417904.91327,43600.03268644345,317.61418066013164,4713.535572415741
386200.9338332338,76061.86238367687,310.9337636478803,6.50746874917669e-08
79815772.90282798,38031.43077133867,310.3764850722061,32.98452777797683
85943154979.12616,102821.5465404191,282.9777394221152,9.205178045498162e-09
482471.33771178423,59679.29661700002,328.8873934111533,0.00016709689712524374
188349617.83249918,88612.68732871804,339.02113332105216,4.289429442120435e-06
72127081.75441237,38781.36579123171,322.1787128869526,37.387757930223195
5702892.349854033,58500.766205723456,325.30952195842553,0.002416305146735918
22905133892.311653,80491.87495507591,306.5046782437888,0.0004526046066085801
601650.2829419528,77134.12297923493,342.70294422331426,1.049867989321505e-06
5373399231990.467,33689.01915550743,300.76743537954144,7556570.198168193
4461801496.70953,46554.46978743229,346.5571698829367,423.06686796461065
352613.0100276193,34868.05284006364,330.79756586344894,1.1020571644799029
405397827.4130749,103943.62204038551,314.9236983416808,2.38093735490967e-09
20206805.59238807,118582.90833115425,315.8073848982269,5.016616640501537e-13
2647407.7688217247,100346.36206979705,283.5849502738625,8.979840858514483e-13
26304664.57794603,70296.40794461826,338.42920296669695,0.00038719429399434254
14757286098.959375,103384.5810591475,290.61448648656074,3.798943267461364e-09
3957076785001.482,110525.27236930854,316.2168421439014,2.278439214348429e-06
7986.567446359338,78196.86032577418,338.74613662745014,7.207526092215826e-09
47318247.21330508,116586.90317096871,304.2666303712989,4.514671176075352e-13
46161.48684670214,72196.73802241663,317.9323014616193,6.335837835211202e-08
4220879938.447593,94253.98563171379,325.2472505995077,3.1664680524810082e-06
5897862.007483994,102615.51845950598,337.06418732706095,7.288759164670329e-10
4083504.2516123154,32306.866450235957,328.4757959574515,29.71072323681879
102104425.52501693,115015.55866453191,322.52257783597935,2.3669849632021126e-11
40376.91471602647,103040.10470072865,340.6009647920828,6.603389460525035e-12
270821.3046733321,100079.81047324864,280.11348975325944,5.923437399248305e-14
132512421.1172908,40290.048216236726,320.5625576562757,36.32253939643406
16043158933.622799,81913.70196393694,314.41671925993967,0.000405307125167037
13839.993000756689,84672.21814351724,345.6987069080941,2.3268915172348375e-09
531895893791.1473,119929.3229997755,304.448233535618,1.4554517733318626e-09
1644605609825.5154,110511.33279530611,294.3780251021236,4.12524063977046e-08
2972496357.130876,42756.09206863082,342.2290200730115,880.782916797086
9105088071375.125,48723.57831553362,312.5086137306688,65394.52447191744
3579.1150998493977,109127.8921197419,314.78790981863085,2.8929165750932287e-15
633987354.4612769,61687.54889072951,295.7777329419341,0.008011473066977528
14487706585.666315,105497.60408290381,311.6990317118308,3.0633314425726655e-08
18353574136.312077,76363.23663610496,346.66007780601007,0.05794191128906095
1896107830675.6492,62872.695082957944,308.4819263332833,42.48607536623897
61544116.1546075,50674.77057107528,330.25385869015105,0.5890219373574119
7277.568405005043,117969.32216190688,312.914158623979,1.4885505738662227e-16
157204631250.0182,36179.90008262404,283.7475735988193,34735.32444276332
6045503283702.605,103383.21236921464,338.0413518456663,0.0006582882019013761
1264348637454.618,89024.24210994903,344.179132619099,0.03914388273894216
9183714083390.441,74678.32303386237,326.25424831366536,10.164619755085686
30396269.606034815,32725.37589850685,331.21620816774976,212.4133828433593
4986400.501541963,31756.83062391844,327.4645963735465,44.03022939125955
482776538.49679047,32212.70971590368,340.02089064045236,5504.245661376763
57766.30194172692,70914.33511175399,303.84442217700104,3.7533463738190406e-08
16915888901.831194,40213.88279449823,288.6129020030633,902.0877308548801
126299.67865912602,60697.52937657199,334.0990365979543,4.058764662261272e-05
25716136078.763054,61974.86425383849,342.10973528212367,8.732454287180325
634510788922.1897,53372.1959259438,329.07128044970875,2183.7892524845806
763893364185.2844,74189.20400139119,287.8635876655623,0.026478431807684312
276709665631.3866,61802.393286205916,318.1650366026132,20.370039140068343
1146801.509924335,91993.37442737134,337.92809317639876,7.084507592185042e-09
2119828851541.2107,97584.67621502248,313.6545063334399,0.0001184579788076716
398461851729.5202,90366.15590542497,327.5124544500218,0.0015756421289036524
77460145.65872425,43954.488913444446,280.9855235821948,0.5429001536367373
17401423.133351654,71246.82717653876,347.50526527058025,0.00034306042103224136
14470406076.782845,97813.99060077542,295.44995635738235,7.260456375026036e-08
2716969.3341038357,63931.83550286338,344.99779942098144,0.0005750305896781881
1637760.7012474427,80177.62619195358,346.8860165597795,1.431943853149077e-06
3954440022.3382387,115699.98369211737,341.5601716526245,8.017073855571246e-09
45914472836.33681,56613.98631616146,306.47341778665464,10.282698143339324
1507984878.2202492,57701.42732043467,321.8975066455732,0.6610796409193813
379378278819.72675,71423.81428657987,344.5071596571561,5.546711374829111
2478.1939189840614,96723.43458182063,335.8454603660383,2.194495238417344e-12
119282.23668288018,95105.51673555351,321.7458980616819,4.41521561666503e-11
205311.63318476285,54370.10871646456,340.78985437140653,0.0009574970776012452
3014351.1928379163,62862.1633395421,297.8423210673102,2.799837874288721e-05
226971690.791652,100756.6406427382,340.05648917201097,7.416518539275533e-08
58687.86445305037,111303.14378527465,343.7423594280853,7.356189892209687e-13
5757633395404.874,62960.17356774192,284.65684525002763,16.36465537103841
92933.84644911923,109851.5170342736,295.28010997951816,3.471015398503262e-15
598275972452.9208,106493.06764032117,337.79887405921875,2.002310315092924e-05
4096307.2819909942,72063.75996583031,333.77837100961295,2.218798160898936e-05
1740444836.7802029,33868.85570103836,328.2879250987088,7373.335670855742
6744777742.954281,32054.60556614148,317.50320280523044,36540.80068702018
549965.5250828052,109019.19871142587,345.95270882185156,1.9597851016348355e-11
947215179910.9962,31279.85182532696,287.24739126708846,1906978.2004571375
648674.1094449749,104039.90251798413,338.0510319366149,5.505889288324174e-11
68538152.27172169,70559.7761889277,343.19314408469415,0.0012747641621386936
15617866.82248285,107125.94309100401,336.1283681370816,3.607806221007892e-10
583743455652.0,109236.9474707481,309.0008106665166,1.960171968001818e-07
125201670434.47002,39364.79579617076,291.65638199679205,11675.86725384499
170305505.80370137,102940.16197587724,330.8041746796553,9.73976899057447e-09
279759804551.41724,116590.98946495223,344.3804596569704,5.720213467607717e-07
485978.3039265925,32397.839292908287,337.488447302972,4.794505682296625
971261896353.5302,71293.43916606682,335.68531560567027,7.819106472963499
98199174672.00261,33997.059267143,292.0688665554491,80870.89303992759
74665.13774112194,51583.361847854016,298.6633100104064,7.384157189668974e-05
42264160334.86042,42695.145646204706,325.070023991044,5712.447478174084
603408507.1260138,99929.52638532768,291.78232927088914,7.890512378337583e-10
37926271056.20406,70402.46468787185,295.0744401161166,0.013157694478095373
252074806.96324304,114050.61292115507,307.2998279689722,1.0616459477086764e-11
5959247735.271597,65613.59769848053,310.2726107288351,0.05456204687338465
2108.780507241382,99527.36569493276,325.8842189010835,2.373203753620417e-13
1557855243583.0984,41398.060035837014,332.5826268313756,480868.90974647214
1539645671.9956772,60885.94843826456,280.5291576908886,0.007036178346275463
561916408.3661904,39732.690972283206,295.1999542752765,54.91957764081705
5776046.283638678,90880.47394614395,345.37907255540915,1.0411232237173256e-07
77864115755.07356,71792.25397756124,288.05675997249614,0.007477016767606943
911459.3305301182,100714.24464159676,301.4393389237699,3.2583578194311865e-12
2434070710032.053,70145.49327313557,325.2967799997812,13.505275538358273
1646646.662841266,115800.22471565056,320.81969489571,2.3136372598852295e-13
280210.4921395437,45862.01494757127,312.4150282777407,0.005918322352715774
40427.53834655024,53084.72085562305,304.22347789545023,3.191020706302465e-05
5152463051.820294,92420.38148788759,320.858344411588,4.6218273758034135e-06
634863393316.2416,41742.793752152924,314.2727243892141,74608.04005932315
31727869.773805883,46720.079540156396,339.67894392174605,2.0853886886774613
29293450.536274236,51949.478822392266,281.72474718114177,0.006916632720915732
9073515.609726623,99504.58769304995,311.6883192210129,1.9555721365836844e-10
765840941.0593835,111825.92264903341,314.71928638049053,2.1207001999143678e-10
156756364753.62927,96255.41848550925,286.9986488305935,4.895664441066697e-07
8458.20125919943,48922.58175790918,328.4662041331653,0.0001463831584824423
35310.83323511949,85190.19307195584,289.4496352005045,1.5148363872518032e-11
1026694.0484256141,74529.89858665844,308.17864116354934,2.3825569684570228e-07
8027861143.19236,82597.57025637742,289.92722011188266,1.1019447201308771e-05
1507.5076191633373,34562.844456865365,286.2150043320782,0.0007400438979636131
2175.0103072224333,98741.33185980523,288.06299930486546,2.688814918078901e-15
9950116.42664288,59235.06876103915,282.35076733495,0.0001143092816229141
18453715458.830227,70288.15209062243,319.38950774146133,0.060234264023272366
101742.98538170848,37881.606506173295,348.00514844435804,0.219004973750613
244762.2902891325,40190.50693026721,327.3099036143759,0.09442340301992831
102667.52201304301,92016.57792512004,341.39741273963585,8.569219311686459e-10
281599770.9179229,59691.24329109033,303.84556439846284,0.01599916539999141
33602.15097638306,74496.21997346517,293.92393120977624,1.907205503699809e-09
669232820.9824184,118187.13984050692,290.4559905216093,3.8224715076825195e-13
1267227.705914963,33157.36861917302,337.0052677018989,9.013260320705303
1244.4173298331032,99008.08824839054,335.20986899510604,4.63126950492462e-13
200778166.37715763,82606.71563402931,343.50738966330175,5.556834894800118e-05
4133656.621900076,116317.28045574154,323.36386407158625,6.764679910908978e-13
818448.6745455841,112289.22151787241,310.9243666916586,1.1471296999129275e-13
118474.16612200579,53939.224288481004,329.9562940930049,0.0003485231729972207
93812.00232748377,33170.53163486545,323.0424290760157,0.41401635341873705
35979826.03432178,108350.29531889914,310.8348257165179,2.1820569488982162e-11
673224871.2507885,32699.05519568666,297.8288474954628,1284.717016828668
9261.9794393985,73191.70168923857,281.2820056910176,2.3516513089815984e-10
1295110.9877168373,69644.69800909108,280.25576542294857,1.3355776050371616e-07
976556812.0938088,32578.884961147705,328.95059536449037,6461.599497762489
1273.3098911453528,45768.60647147473,305.99782790602256,1.986187713571214e-05
2533.602423136976,102147.70053694304,282.83588768422237,3.514268245929978e-16
1147417923676.0034,96272.54683774745,298.5635143957844,1.6792909043581618e-05
887717271.3786241,49351.59454762005,338.63555268636003,21.353977738059477
168935127976.99597,77223.30518023157,300.43043559890356,0.006324789070959853
19474202.64671844,117385.59549603272,326.86762547687283,3.4923671341819766e-12
54860.28636983999,85593.62359171122,311.0897899314487,2.3216645335932046e-10
2959789.2788078953,81114.84468098376,346.63944769129233,1.7567308343332898e-06
14670487810.544338,63915.885027768214,315.8846178931642,0.4056749484111933
944563379.062584,76097.66533457674,285.87169702828527,1.1558578148361364e-05
42746.565736975695,68703.63317411477,280.98790056590565,7.405332799100132e-09
10848137.118039625,41077.117686140846,339.61947399656805,5.142774496782993
1126767512030.1602,60913.386645681516,282.118347836311,6.202246386302849
85742362192.73976,101207.29556108832,337.87351670803565,1.9219035046070155e-05
655552453120.5809,78123.99624808875,339.53978947589724,0.641002657588276
34175635.520904124,40028.03604350509,318.6891173537278,9.587424689152323
13724836964.494654,73816.88111449094,316.27918288209423,0.00922105189262158
1186.3777697829403,46686.44148853419,294.1965521370561,6.034932698502799e-06
15974.990611121457,41116.08025965783,296.5993176858534,0.0009084971160779488
84148587885.21812,101325.27982712943,340.1698754425176,2.4101702579124356e-05
327858.6525394485,92823.45356300511,281.06681732851456,1.8176340930360704e-12
2389474.9411645737,80139.14301447332,309.66650359613936,7.142146775673091e-08
423451901.3485198,46724.8121765471,317.4988855071158,8.67363535071659
17299.7758686285,48071.139832912566,342.08854445577,0.0007745281927278427
582507.450954601,103807.40249002287,339.1461601033934,5.913440033868883e-11
1762207089.907868,91876.13745614779,340.49349871739037,1.4235440779738314e-05
5794503.440063574,109823.22437254147,295.12457570515227,2.0798432331111144e-13
10074448.209382704,62325.18061025084,348.34343497857395,0.004507328883784903
7354530.765680514,55558.3291134438,285.4781380976465,0.0004928908939026835
9188429342.961277,30447.528444217805,299.8130582303751,47345.88515911548
5323019.351925985,73778.49811175506,349.81986478326223,5.159317208038561e-05
6381181981772.68,85101.93382619941,302.574553682664,0.013021038703729107
40726852183.872444,59027.870795787705,343.52518302142624,43.547871793551806
393996969.7380898,102006.4957628369,317.5630397479899,6.538696242655781e-09
373682.92325530143,40116.16809476605,315.45776920862363,0.08838158906582369
1512693650229.454,34760.691017228935,305.4746367942347,1768578.1799015456
938361863.9372933,61408.220798155045,302.2705729566102,0.02297551951440024
967370.6023081742,104182.5498420156,292.59483670715264,2.472974984108931e-13
83596482792.30592,50659.697102935235,304.44771040963906,173.32794693974202
676901220.520143,107428.43568573287,346.73386624911876,4.4356644676650745e-08
1108929745579.5452,105515.56438095422,318.0207051213907,5.0734596346639905e-06
18464676529.517418,47146.77178353509,287.9944939357943,52.37582516219217
8777756.951824544,77773.69072890852,345.23435525219014,1.5654811664446798e-05
2207916945.7327285,41384.44965242979,344.8438766163664,1237.9585835404223
16769.817438700542,81996.90664901341,285.24175516228655,1.6899014152007263e-11
180591571857.1923,63497.98993700795,344.81525313621336,43.288495353510484
10273836843.953957,97717.86886080883,303.61345950088884,1.614291240681224e-07
78472224892.91196,80942.55021115864,283.16791374535796,9.308629354391794e-05
246933850.40958852,32056.303400521167,319.7020611021705,1432.5597207767364
2140605714321.811,41338.56983432478,291.7370623207749,84530.43203118109
18250.383129225687,40967.864085306224,288.97896670371733,0.0007337229251923748
11610146247.616777,34089.01039099944,303.8339467362703,16682.582031717346
191739.37652253814,94964.78327961886,308.66626605952297,1.642613547944983e-11
9294565.306408165,37587.84532667272,314.24743588914373,5.404318132689356
3059.7432204639576,106851.14712499129,330.6114285053999,3.99301375998772e-14
276529228.7213246,50664.856907277506,280.18578553552527,0.09838891707054272
941423.1631607803,102122.69616040433,297.773006862486,1.1267305076353335e-12
3285672428.643024,52144.714014293786,324.6020300564512,13.53751648784281
921390046960.2931,69447.78052473461,284.6761021397007,0.17354030827590278
50231887.1676473,52362.28747894136,339.89494948191293,0.458491724197539
803202839.5303903,46881.23262457866,324.1298880612449,22.145085938584486
1014076589.0708702,103244.2809320503,321.658915328397,1.8125750382627245e-08
33153019.61956994,50692.407469473925,291.1564481877823,0.02798591255588072
314640.87761656515,51208.319459901075,313.3601048359792,0.0009138570156434919
28232315.91146399,46918.55023313532,305.86383680678296,0.28272322131299565
1854586742.7478812,118006.67404826336,295.7189273766046,2.70002858893683e-12
849434.433859523,73098.83160715597,324.16642220829647,1.4038976156927776e-06
1408014.9244046905,75245.51490313027,334.4035519143924,2.469537709038516e-06
685010108281.0073,32770.71759221798,298.58168738835417,1241698.4490524414
1149.5835197224021,105520.80390354263,327.4251073958815,1.7314416328317545e-14
9789407.051537622,34261.89241858899,295.3818263821254,8.41243880831677
10774830180.362541,63501.75884735814,318.49480628950687,0.418948722821713
80185234.66696106,107566.14183119536,322.39602237971525,3.055287334773502e-10
45877.23248196735,86436.2313997998,289.46224369273455,1.2085818451144523e-11
807865216.3080511,112102.76738253843,311.0119593232506,1.1946682513387256e-10
7143367952411.555,42342.07431466036,343.7404858068582,2610627.447872889
292078.9587136341,119726.95205114536,303.04464088342087,6.755970740372064e-16
76712598984.19969,44661.62948232066,300.92714580814516,1396.3081920585505
310613197527.3836,114299.10110598312,293.468421123044,1.471128699813049e-09
40356705726.16107,94508.73067539674,333.4749827406214,6.288732803798707e-05
79527158083.53699,39705.49781201316,347.28847251336737,85864.35980726802
268910745369.5813,35861.12604163465,336.3807328480604,723665.6762684747
2855538370.853746,94559.75276685407,328.9262848927454,2.8588694383411812e-06
2793860.276152124,102813.43385508013,344.329812100978,7.128830396767147e-10
1368.4948639128552,37422.17876574002,318.17505334825097,0.0010284851475869888
894024.1492740149,46879.359726587165,301.59069214041966,0.006663631118056382
5752565584889.328,40102.39332143497,296.18484004968974,491707.7348980052
2848.552443697785,110932.11512659227,289.4394615060023,2.786075929364077e-17
8897325185.17401,110279.53246325318,330.092023175653,3.09820659567654e-08
4230318365.1701064,77697.30640545573,298.59195915695034,0.00011022541442925466
8815277724.485018,91306.90991684225,334.5922761421864,5.049907381129597e-05
136407745.15574047,113775.45400075367,325.8937061962488,7.992879738000262e-11
62589997108.576675,100227.16260489728,285.67232509369285,2.8961333027201984e-08
504379671688.59344,74422.82313067302,340.4215493822029,1.8821037600769706
173911179321.5393,43993.734353818814,303.2789878654814,4631.936361841318
1432022.8142552865,67677.8206812345,333.1116922366982,3.463023113155586e-05
787348.1747071329,49258.734209817354,340.69044841238434,0.022705811699065027
8223335669661.011,37106.38326424639,339.13916503884934,15901331.541023236
17725.985513211574,50439.180304101355,318.3758334770401,9.551753699949859e-05
4645343643976.582,62428.12407098824,297.117853220494,48.20593932744371
2419318497245.884,116501.9090141134,289.2408421372729,2.305883931108257e-09
230045464.98404345,45821.058129283316,342.6263425516284,23.88180476230401
694172719.7679222,96711.9215081835,305.77082081704265,2.0929822399333652e-08
2426881.4448768487,40720.9127046643,349.0110755129404,1.9384490984023546
6199645.236934987,84392.80958803873,281.4643265368076,1.3595373186032688e-09
27939.337102432848,33990.94632255781,299.2794600376104,0.032803021500645284
1367992193899.0051,61290.61792817901,312.0840572565192,78.55081854241783
676272.8376429576,98837.35461903005,312.945776949064,2.18226229283481e-11
28997298.46470352,118329.14087337261,327.4747295986167,3.894579600337037e-12
4925770879265.136,98437.2076057132,296.7459713207566,2.3114875223321395e-05
47987683.47252384,68033.40625495286,295.8615781209538,4.81765320433551e-05
3055734.0742992135,63437.097942644374,330.86767954370004,0.00030508031005984255
23728.358046447735,79103.4739916079,348.1072806482755,3.21077487993831e-08
165140.62770189173,55287.59520384355,309.6717563376024,8.139581663407306e-05
851137.6378504735,48579.42700387788,316.65657084993893,0.008258074262634075
347195847.7501817,72878.88971485222,294.3038786073955,4.011647419543217e-05
2205.807166966876,33097.77603243953,291.1879204579261,0.0025125230306986897
13588355606.389338,72613.51926067041,292.91457132086987,0.0015879864394935648
8973.74416104407,31381.978187837456,302.75405523622953,0.03476271313504324
748944.7982961778,41641.58008047905,344.8594658782415,0.37521057453924306
5218910751234.003,90480.16104240734,281.85026988084223,8.950208343669047e-05
23955064573.016155,46797.07934109518,318.25868076896336,510.67907608100774
143136013207.16776,118295.08799033103,343.81832212093394,1.5952966322383044e-07
1366502189733.6023,87248.41871245133,342.7066709540077,0.06748082476809913
591227.2822595771,109545.0212552374,288.2794500744838,8.553037254266437e-15
6485.254147682947,69534.51314414715,330.36426080477173,6.642762800824792e-08
2938325156601.072,113941.054504895,337.0257561897029,6.365139707319318e-06
1319.7309112697392,30527.52504670236,344.9533344825503,0.03095753849547435
679920861.14079,108742.63475214553,336.0484059092407,8.88097063432756e-09
7204.1111083061505,43684.291562390776,327.78578414057745,0.0008103452336806232
384308.757671333,119630.39159425208,288.03103470856644,8.049505577275835e-17
9462396.341359127,103717.75634025098,297.23816777403516,5.591461935380054e-12
227717.64470606396,76105.84086825828,299.0713829789743,1.1394001854512704e-08
2169101417.432422,69658.60140367545,319.1345111575504,0.00872190821967214
1010.4186593990354,62566.784781532435,323.6131893383894,7.971263037576322e-08
104113981.61480281,90827.863643728,303.55431285544717,2.45408215791999e-08
17002.30425574403,82411.32870385154,286.53395300196803,1.6244160150878633e-11
206019357.3133269,57642.870622539514,296.895242633086,0.014973416296686795
6720757112.254824,89870.44926490278,313.46412761085395,7.291740783129344e-06
431826300.57867247,103972.9941693538,331.0721561161606,1.6867851063234882e-08
48434245.99141133,57620.75674276534,289.9277413108591,0.0020952241299490946
237028809172.6065,90685.648851948,329.7279526804441,0.0010305889200385493
7908258.526881449,51148.636316822274,297.087193470824,0.008243950024323037
13362639.895389674,57689.116247827806,330.4116525245702,0.010131135774568515
1467130509940.35,104723.99411551745,335.818750757453,7.424106649551165e-05
54070886595.82926,40610.43422041228,287.39382584720164,2336.314091968608
952626124631.3702,97237.5653354781,310.67760854289884,4.270878507859359e-05
685193775.7176614,50444.19465592492,323.941692744687,5.128209617277417
108025853982.55821,113170.89710578734,283.1138677678994,1.4409721921410066e-10
3287775.666459253,72008.13304349533,281.56505421529636,1.4391999207993125e-07
46286946.99616918,33495.25619269465,306.0425436785783,89.87872048111512
745051235717.2836,77349.38268141715,341.1026411407789,1.0474762302183627
9121931.12474703,59281.17578894752,349.47789554111006,0.013017711257750196
2395980309.7310357,76981.15416717555,331.39298061383994,0.0017576038297860517
3316.9441975307786,92767.51667396305,334.47099391617473,1.0910425369606655e-11
21483.508764084585,41874.796866579214,348.7014599415006,0.011629143528328108
5448613310.617595,98176.8252832872,338.12796444878063,3.825070576598879e-06
2563593387.654486,30157.291680824444,323.4906555582219,34497.090651373685
75300027.1957448,80798.8192052979,302.4070504918302,8.328088380901701e-07
38582069.95827704,75205.16640787563,289.32767053022246,1.0284564997490834e-06
292544.4557686098,93257.7971255232,332.50003180210376,6.412485944216611e-10
1956656444129.7432,89090.27837793039,296.2537034068241,0.0003757696121556765
193105761276.2627,109652.56912600114,306.5846003595177,4.052899826391183e-08
8560.19528667296,68522.82320753366,322.9736133102262,7.203031627184366e-08
93385737319.39986,95659.93502170427,336.58360707262386,0.00013425498326291143
5055010038.571628,51832.942822387464,282.2405001591238,1.3457326158590723
380258.92223558185,114775.63194688686,333.7359035209553,4.0902276098129027e-13
137221989895.59766,82447.00690635388,314.61098866868394,0.002843549754752709
45040270.1194747,83080.0132864459,314.86743628183547,7.414669643298009e-07
102142.1722624505,37928.410794841875,301.2734283787878,0.028415833665199695
5255862.488853358,110392.9375505432,339.1246232941678,5.444593208111829e-11
7476555.741337849,39245.686897050204,300.5164238510413,1.1565960040415524
3620537.1204583608,100916.12818286603,294.6248469966269,4.7567318119410544e-12
13519788.834499542,33385.14691347849,290.44136694871906,13.312514057379419
7326631112.957834,78047.77664896935,309.3574858659268,0.0004905341546322435
155891.70410576792,69113.98428173998,349.6689805547622,7.332670178725003e-06
24817746.37208051,86179.60399761877,301.7774687777012,3.1208715251554985e-08
110815.26428347797,97932.5595532045,294.6019901140337,4.957727741385745e-13
252781.37730907972,74326.65887419332,291.99920412209417,1.2706236249385764e-08
39876.55311119081,117329.36586300192,325.4336777010726,6.045085954834016e-15
1075.119548618242,73667.24908939948,342.4868818248261,6.137027448304173e-09
430489861345.8881,44968.852162804935,319.39857938922785,19955.261010641214
11724.066356245063,113702.68333434194,324.2132435479989,5.710750179099574e-15
30300861047.999302,110316.72846238675,316.3284248349518,1.9199325305519364e-08
8729.375689294622,57479.69070939763,317.3574369382613,3.089528114265021e-06
3394.4043170040386,81488.68519323863,331.95101982206967,5.026546603675507e-10
193179.0485816368,79265.99152892329,313.9931803469751,1.260820457678267e-08
4702061.93523625,58013.760363279245,313.22858119892794,0.0009750669851803761
6822.025237299435,62046.30993281926,327.46066806511453,8.86972821853485e-07
2046850.6053026626,52689.65684936976,322.906141586006,0.00635457525872697
8936048582515.986,82355.86409221949,330.08167341115546,0.8366165851374621
2458731217125.5454,90431.36207057316,336.01354086460753,0.02124215704436547
9118784787135.807,42074.64253237443,303.34091568657374,513501.82927665685
152021.1706628373,65683.29980607185,280.24588123573506,8.711057794085057e-08
20014108.047619995,54526.475284884604,282.4401406757277,0.0017281627719948937
47919415.89512749,108173.44579373463,290.78940316472904,1.835373463295859e-12
600321591271.3069,95713.03941420832,348.7012755400326,0.0027682093766803885
118204.73844347951,57060.153969443854,286.96352081649724,4.840117726300099e-06
91715.4874341668,60461.29249645442,324.91119805799207,1.7603668181619166e-05
3383.884998862497,55294.793222358654,320.71896130122434,3.319822555867935e-06
2473.6192948888483,37131.727995990026,287.5425889863681,0.0004571816662880973
59404.12713524085,119773.500901362,287.8199491179717,1.0925196509187289e-17
1502.8367287173635,30191.61187691552,334.3439933317329,0.029709446203440626
2657921.6094722594,93186.95021147316,332.8970207186895,6.584667481283199e-09
5796507558550.386,91738.71299700499,303.5420351212725,0.0009413066212008588
15679289.205826668,108400.10361248853,333.13501278693633,1.614900367282307e-10
18467.702422602168,111891.61847394296,348.1738092268577,3.076730470681472e-13
3747125746015.072,103034.32031460658,326.775403323849,0.0001246795097592985
475097180941.185,115580.2582976888,345.0578349598405,1.4845086941535604e-06
13473098.721903127,108045.54756861033,300.2705210132387,2.185332373093927e-12
369976.34723152,93030.71600017525,311.9597954639838,9.753304657511726e-11
976880333.8462492,53841.07577528465,295.7825736372031,0.3078287622100889
2455.2659866533027,42964.535527495005,319.0821527495881,0.00023760188333517258
233827.64467618306,113406.80549788206,336.3533633579416,5.706783762071582e-13
17248402.455107123,115047.29343771914,291.4440185767334,4.095122023851378e-14
4911.123916679644,44752.23453453219,298.5901628401082,7.638917584780965e-05
861706518994.681,35788.025271484636,299.86175871842283,511866.7207951056
774439320188.8367,95802.41018974016,291.71496371557345,5.474437706055355e-06
1972.237709922649,109074.89448865294,347.8501797269434,8.390510113152419e-14
184366039661.78876,88724.4131060686,293.75288057627995,3.142980464474718e-05
139424209.542729,78225.84439572121,346.8335424506763,0.0002291860624328626
18593909827.400642,84228.30735107805,312.73258457593863,0.00016298616040475868
3559145147480.8257,117491.23954805244,282.7561310251078,6.873585662601841e-10
198712064.02004242,63622.660844075275,343.9472593285502,0.04291743085572596
628856.7423983945,86334.67659105614,321.6598395432672,6.0829140925575794e-09
25135.208183335726,57454.00009419091,292.64975064299347,1.460715844095793e-06
625465808.91499,52347.783616667686,297.6146149193514,0.41727636006569896
160162.78367574036,49874.77266882944,337.21213186615813,0.002980725959090944
4070.372179070836,30888.86953177015,308.8431649956155,0.02413335967358948
10768.494985288824,63122.891522523656,343.0068760833179,2.6990674729207357e-06
103617906159.35783,54007.56107938779,293.3635655302805,25.966431533054127
52053075.017816044,74922.86452189053,315.6599795150696,2.1353370655781072e-05
872616083.6432467,119327.29947624981,315.8804981306054,1.672912863748605e-11
37263931.55749766,53120.15396240227,346.13563123001757,0.36469261437519873
732321.1754754578,95992.8464420078,342.14675245754023,1.635125766124775e-09
1040057829076.1998,81054.34821323675,343.2598027713277,0.47341893861709655
2407.8896224455175,71944.04271087129,313.9036090701364,2.627085336936778e-09
1204584.012172927,74146.61779866781,287.6184777513754,4.242310734061752e-08
2450838622358.066,89865.0066727056,287.83259895416217,0.00012429331185685383
1449993975.3055632,69513.43478373537,344.9354679922707,0.044132952973836605
335371175.7559422,110945.96234221946,295.6907787591879,8.805419301820851e-12
91789.5927206024,78346.31745243855,309.91319987821447,5.921416224230895e-09
3804.550411398387,99088.88643582164,325.4992477817899,4.976946775314466e-13
3495127.2159614093,69685.10932647207,335.8983390954668,5.266108600606556e-05
6400060970.672451,53554.961766347726,349.76012398062403,64.9302987801923
203973870746.36142,89628.1083097136,294.70634183127646,2.7753263613358288e-05
4972237.542984458,108454.70702818486,340.6458632082644,1.1520124399373852e-10
1640774.4985749486,66967.64236272676,284.0996520639394,8.059475382178873e-07
981192174178.0947,78336.97971113006,299.83794631133935,0.021772467757418205
7557406.361558598,55923.08530717263,322.12772179904516,0.006746813057875123
76632842.8960997,99944.86873223611,340.7227156495801,3.582772624401307e-08
21560.471924045505,105587.70914326067,310.5209599117241,3.8823736026609914e-14
186436.7200671225,85311.46465271336,295.8308987193688,1.6423789231347906e-10
925342606.7131461,101451.81773139193,334.8086625124865,1.4311484492774795e-07
25300631286.638332,108286.15688152987,341.8364465915629,7.205220610386789e-07
2127.3759930013507,80526.82283432629,349.4287128390795,2.010050238956518e-09
209071420098.40436,94282.27347356148,333.3183841615522,0.0003557744485482688
92533514.8444527,60583.14314546699,334.4788394129449,0.03139287861335169
6141836830996.853,71677.75776875619,347.94171349751645,105.41182319306023
1776940856.817879,51673.690176418655,314.6291185813667,4.740796678493457
6290704.074732179,87196.64675088025,301.37789974965233,4.842582706544784e-09
5559979271562.037,73099.95869155781,319.1781007474512,6.220369974506616
23323.903290280414,104219.67271450114,324.33846916081603,3.8924367015541557e-13
1640647.3881569866,104079.43165663227,294.90137301409953,6.115601720671127e-13
17482.005534265256,106846.60633994338,328.287535587413,1.763592473714079e-13
59172.37296882374,39933.03673299443,315.67901645193956,0.014394142123298414
8555.05833258266,88445.80167230126,312.7276008351253,1.497343715589129e-11
5614243.173331436,92267.98536438405,349.4851857672587,8.94495083727725e-08
751447021948.8704,44185.94764652495,305.67996240191906,22073.163433771442
59887.22673359098,96059.71619010901,285.12814100484536,1.5832304538923735e-13
55337.773066154754,68664.91468019862,284.3727745947116,1.3804649711272302e-08
8357774949215.132,56450.156483593164,327.0653785388029,8060.6352067182825
317526639.37956977,86680.94328620633,343.4546364907848,2.1267646347221565e-05
41585453.9365216,61732.21491361261,328.0037148846145,0.006074769658736219
2281853862.545489,68791.93674486145,283.90605349084325,0.0005080349871723433
827753896.7881413,63316.43600202015,315.40849316285147,0.02674923036151448
8868287142.531172,33420.19048044285,287.72928579542224,7847.849148887135
1729549.214244272,43654.86794143348,323.5288443982552,0.1529310666973926
2763267.822871033,49534.7271482457,297.49226817384704,0.005673649465811288
18447.168591414887,58723.277939143736,337.57601851319146,1.5433453847070097e-05
241327786.99816436,31641.40052480619,348.6217889931579,4417.590513200439
120508.2054847685,93608.25002029334,320.16830853750287,6.359375671066548e-11
7926319712398.648,56369.196222941464,292.58272860629216,680.9538286155494
27679.92479013655,76732.66845432082,307.33944870288576,2.5946395334334503e-09
911394.9239008116,57025.04072003743,300.696071127675,0.00011225335301599753
3790.333631279673,105732.3855778408,326.5151061615297,4.6497118837813794e-14
28308814.06974304,56707.05413779458,341.4897753426982,0.05926038935847375
597510988.3063802,33567.417698666104,345.50884503223403,5050.7342691947815
26782.14929848138,36225.776323369326,345.59949035124794,0.08802640252729442
387503950.22464985,98027.71082685654,290.2695944693925,9.169200960064337e-10
2292522588153.6846,112472.46056535847,291.78129525230895,1.6512295185096208e-08
23258195.81751009,72940.64038219911,337.63622904674764,0.00012524613373300105
600979864.9061403,55373.12265314421,297.2752201557793,0.11469665378043405
632677876.1132765,77910.33416805163,340.38487889192226,0.0006979597722070334
231414.07363054616,106847.73036801287,336.90474425823476,6.350283059143914e-12
4274935445843.8916,113183.10230741913,295.4480892308361,4.188904512552129e-08
208683961173.6419,81353.52140132207,306.15032017626584,0.002720121325146991
1623658482.2563741,84373.35952423562,281.1996998759341,3.5225381109140116e-07
2271050.125846559,102195.42528830939,337.7274888838747,3.60121700046045e-10
3389842047.7993283,95970.04830212599,315.6633280270576,4.529646466806468e-07
55310392141.45834,98441.07941819682,329.05529074305144,1.3347444453292805e-05
7781027581935.423,106688.16590344404,348.24586742567493,0.0008030817657136564
6405.164088276467,32340.913739252355,337.82429202285834,0.06315978137974197
62256880.032775365,77651.09331548138,291.4601362718999,7.654313474437924e-07
1470924.976138208,52665.99517251602,333.7262509346873,0.008775414677208939
283458542204.81903,48744.02000037042,347.54907528588535,13367.22158541935
2909.519758323325,44899.637513387155,334.1379359689464,0.0002777416149975407
253954389.27051973,112163.8911102264,318.323803651514,1.0166946871061172e-10
7947217531.156989,36511.055705410065,323.2124770512528,10438.611570042083
348876.70410346106,53319.11001886867,347.21763881766367,0.003297871242214364
38674495.8730979,114025.01976647871,306.8582829929398,1.5763199276974728e-12
1092.1560653599672,102701.77226272518,285.5248368918219,1.7756503497343358e-16
37816090299.21457,95060.90065199381,339.50907200209747,9.265162083104078e-05
2905.74136577157,82316.53556727766,324.26842187503223,1.606374937105407e-10
6089.4985920204435,100695.11556419927,323.0716439454797,3.226212225633373e-13
644997.5153192177,55081.9485779025,340.7261366262554,0.0022938754596425084
98633923990.07089,85590.46173421387,306.1922791893233,0.0002564702011927494
3122098539.846243,109723.7019211987,294.7522041403522,1.101557147574256e-10
2776678878.164178,61292.501753812685,320.0647841385587,0.2733762517505631
449932401.89125407,71835.1854722357,329.55404394803406,0.0018222807713638418
3628.457623700143,92439.5007331731,347.01345934776754,4.5836921238197953e-11
4348579.052694751,107480.68399009305,280.34759026888935,4.032343249729148e-14
4087743141727.664,99297.10058489542,323.44544212729136,0.000383995267114775
512618718.01168585,115964.2284168628,289.7475844741716,6.596797400391973e-13
1864727200940.7456,71972.35632741248,286.60807459769615,0.14244966430131648
319032269732.8975,116950.39739525449,332.6558702227427,1.4176549044586216e-07
26967643.77142627,83738.93982629976,333.19516595834426,2.0507560687225587e-06
53674410.51135978,40199.498003481654,327.378518467048,20.514260501236524
5316085.123895643,96949.5299833519,312.64661048620246,3.492983434688004e-10
904627694.5697905,49157.74565457954,319.23525498209966,8.284019215623331
978292.9554806477,32357.08960029247,312.8602391926544,3.9327708238404577
2429.346960664372,78675.87475238129,319.1845347901875,3.237877707704878e-10
4852202.348940407,104870.40954445615,327.0327811795875,8.460612677528032e-11
1547197350326.8657,113841.7478819913,344.5969147463337,8.436224949253769e-06
561060098330.5284,75310.83473105603,335.87732606288205,1.0905672104424176
13712654708.783194,42147.28140550104,305.64638970341264,897.218352486602
651876150554.627,116167.69506377452,349.96481821000305,3.121514565771748e-06
2046.2760831149635,104536.88301650202,292.6833707123603,4.568703370383859e-16
218341966910.36072,70018.83041533717,298.6228719377996,0.12704442358639514
1605600.6480393203,46219.84118130469,312.9879516156533,0.03145161781053447
18683498.58886282,86090.94175882326,299.02793312087596,1.724440221767067e-08
188082645.47179526,84686.67753928967,323.53093226440234,4.072650966740822e-06
3516318869188.7227,48778.070789055855,281.0001126491128,2971.6270474115154
6890.765218277442,58127.281588627826,306.9570172117853,8.69868478209622e-07
5765.916051820271,87837.46015168063,330.64758778227645,7.917118818061855e-11
307520944.48080343,37912.07628383652,304.8770227655781,97.65948607004964
1690225805.3553445,106176.86720402523,326.07628205656573,1.7104084824988093e-08
9197954754.09128,109956.38465062603,288.44282867380554,1.1075493794527496e-10
101025567.77323249,87947.60268717824,283.17496202607583,6.013458180474353e-09
240536225.48639232,45687.562505489106,320.2491725918482,8.85829769507041
2513.2373479915627,43007.80454983,346.0043889365321,0.0008091080543081177
265885350.32853574,92029.11793884652,310.270892259512,8.631231628163423e-08
2385.018231240479,54884.23393231572,297.1176521923096,5.533639495184749e-07
436146461.5388814,116012.67826718529,301.44501741973517,3.438568628983726e-12
62654.97842536401,84173.9694236335,336.92851064718394,5.78785506423746e-09
7456023673111.359,102786.26779064856,348.7686530826804,0.0030442999241740393
11335284509.398655,64713.13940625629,342.6824659037243,1.5401291984653727
1753356.8042758177,93252.16418445116,296.30966667183856,6.445917699960572e-11
352153.42703829426,94792.7005817662,346.6484673329832,1.798659495983411e-09
1415.6778915849754,101163.18796844625,305.87830989970956,7.378723681233763e-15
208276.07136491235,31727.29708110241,291.2971459813525,0.44478557079329245
26154704356.914707,100475.25713188114,301.48088572008214,1.0646258384273226e-07
593684564.9209805,91891.15899518415,283.1140207232554,6.665494141750177e-09
35221.20858405359,54100.1971469913,347.25333978507047,0.00026312535024939135
1196.5858417801999,100773.08441217762,348.06046393719635,9.170985391718218e-13
180373389.98494422,31263.84899100586,287.56430407881845,375.4999403909606
157223236.9323469,71376.36732723299,303.0453139581527,7.7239533185817e-05
105341907248.21873,64613.2097688621,333.68870641539434,8.373087190728423
105396.92337864496,30388.87748613007,323.9579867859177,1.3186894382844423
29656.481418806117,104314.83126844096,333.5230782236246,1.3935181590354082e-12
2834.0624265086203,80501.58876927031,311.53497109151766,9.156217349376198e-11
13175019.981203994,63033.70407500401,349.3414732696427,0.005112905939860279
1643705908085.6028,96356.42186961057,343.5382131702172,0.0037505928678304035
1131352061.4928558,63789.3375453081,342.97529784211963,0.21979368102150904
899646.8464328689,35069.88539911399,333.8847440990283,3.0780420692332173
8724945.72443784,87132.50631054225,300.9528137761468,6.524568704224706e-09
348662.98286972893,48237.992340462646,328.5798080715317,0.007760490357797219
527653893.2501442,65599.22210851734,345.49458747709775,0.06523599782646733
39558216962.85081,42032.1110869598,333.61307053734276,10879.554818336628
2988805562091.8403,41920.6992247697,300.2770748575525,157245.71681531426
36284840112.88172,113791.43157616802,305.6194050245903,1.2654351520346848e-09
181613.25501648823,111142.28576728073,296.4196163309792,4.818551414770058e-15
21941783249.48152,80894.30819908195,281.64704345347957,2.219136965042214e-05
324871562007.6067,95853.87697255783,286.77115615420723,1.1182550937031767e-06
3202.3644710394856,88991.84855075367,329.0139770638589,2.3489535739162722e-11
186387903718.01486,106275.93229693362,347.39415768552317,1.9632689440260915e-05
2818.1915572506346,80974.00487926547,323.500167338312,2.359627551919832e-10
95112141.15121302,108549.53064441876,335.19562099139335,1.164529139591621e-09
24470525.951499697,73814.79262988032,289.4976426919158,1.2023969711835671e-06
4968089381484.777,71709.95010684423,288.3726550203715,0.5098309578619937
13340382.676640982,47614.23260789837,330.7247677466989,0.3975958404647437
617381799.2078029,98542.40731787866,310.83369624898626,1.771055730184435e-08
2616.12485273703,37710.538808593294,299.2817056435896,0.0006882698681591817
1898055398.7702293,74953.48299229018,343.3964868717204,0.0076562435028665905
1197990851.2629158,60471.62352962824,283.4737859539639,0.008974765392464489
16980705.27040027,70534.41614255134,323.369990921,6.958134404648519e-05
30773200846.9235,60411.77010106203,305.1102027364675,1.4468241575736875
67504847560.57406,82754.2643361142,304.7019424440396,0.0004558442012072414
4225906721.0888963,85725.34864846882,291.00990653166724,1.7695187086773657e-06
593906183.7051232,115088.37396758524,290.62679548826327,1.2391795093054595e-12
57255.945963879436,48865.58210148466,295.6913201026973,0.00013670670300650864
1360.5646955346804,74765.2226838275,294.46313625345175,7.633322889006698e-11
2760695645746.345,63670.97906023671,292.54141923501095,12.133243335851471
107873.83708918064,70357.59946107329,336.80599782829535,1.3725697351843438e-06
867737.004231641,43787.55539648057,316.429328721312,0.05333299846771376
44999331522.693,68737.23844760511,318.39882241274387,0.23963732991026884
3753260246.754036,98552.04398270795,334.9621351051669,1.6053586300198328e-06
244771217.72041813,104760.2716005846,333.9589595853483,1.0492561477874805e-08
3549044077953.1284,98349.34107021887,336.91315685782644,0.0020233113859132526
11446.473757603779,70014.57399226577,302.45361686837396,9.666957198989646e-09
1824.461994795827,75264.6213898394,304.578743864943,2.2609610591025299e-10
257059882348.66812,58005.661618881655,296.55137189998703,15.668302538055428
11684113111.570822,50001.92788759463,308.8565741219944,42.0530025878246
1087719618988.7302,69213.20138890872,344.2615537324264,33.863790471003924
188104.71623605138,32048.528821942775,300.0407644865023,0.5116475203542006
1429383829.1417477,85450.90558795095,283.3725901198014,2.5778324130808407e-07
2387788047194.379,58240.431359334514,282.11480311140537,39.19766545716653
55400291195.31186,43498.09470530253,320.0435998996328,4360.003413365529
87966965711.88809,114333.8457959853,347.603309438956,5.962736924440728e-07
6211738508.290202,107445.85867272694,311.5102639339633,5.891077913141739e-09
716350172.4181453,118389.7034390755,296.34534491953633,9.659463787620518e-13
4752668020.644792,116341.92228758223,317.05402839816384,3.229558933308684e-10
407677378728.50757,84268.01920951332,331.8699771273367,0.02198315046387472
53535.97063287274,110452.2950331296,329.8739250839633,1.7238219383484142e-13
94069185674.37,96306.53668045734,336.95459999935144,0.00011300713322934123
482523509.8789516,99932.3584999063,335.811680196385,1.4356695680886633e-07
811023544365.3281,63765.60854927804,333.181949647484,82.86949046936269
63490.39491131408,67857.04236826515,281.90582780240106,1.755553035815905e-08
346697.018909131,98061.17543380753,309.1638872821149,9.540471033542412e-12
9808647750.96095,77401.87454250208,348.5011703300426,0.025195272447366333
578562505179.7574,76905.47192522419,303.74208925466866,0.035577353956772355
1349202128.9155734,56176.663865606955,347.4456943220305,5.073225108793367
14330703.003129365,83613.77699715667,325.41350587304873,5.35347643063144e-07
490077.1710932717,113324.96130806221,288.3627350730106,1.4805827084670705e-15
5800466.527348402,87417.39689061535,317.56039584729024,2.510835021746285e-08
20395951.87864678,75029.79032210645,346.66364242802223,0.00010166663660710289
2289794809850.1206,47158.3727067084,317.3474214933887,40839.04265340342
2969527178.26911,51409.779267537444,291.2708569287994,1.7670950980740352
896036350457.3643,64869.38435697722,298.75673797128957,4.052976725296635
1983776609.3198545,56437.92977123345,317.56297044284406,1.0151552724085027
15763.509076015847,69834.70729735223,310.1204055819501,2.6806037271037312e-08
121459128.9150036,87448.50687217654,307.80322746870957,1.801071572203273e-07
3221.8923198345656,106174.82229410305,287.7049879254702,1.7040450765273446e-16
2635191859.8692174,71001.91009496656,315.78623140131367,0.004929146389662335
244508283.59300098,92205.01042798968,315.55514074770707,1.397736371304404e-07
2152541063322.3584,116611.0541130361,314.79897732267887,9.501124012589097e-08
388565407737.30426,79563.23620209127,325.6705985493148,0.06982731037440187
1162982263963.759,105465.47548091899,348.0796301133042,0.00018043297549784356
1129.9740572057783,48887.218013347156,324.15738006177116,1.4916759487530955e-05
4390753517.137571,50210.391672455524,313.29801056100393,19.184976068091085
263416182.13179016,43332.019908927985,341.34824141413327,62.61265483454068
46916881930.490654,109196.02182484546,314.97161997472074,3.5732667356566847e-08
5344835250768.797,106859.18239412004,343.2567552594364,0.0002962900909454076
1535203.503890453,76647.3815663417,305.5714232693495,1.2088264651635928e-07
245525260.6057318,77995.10801316674,322.8164320860536,6.11585458365487e-05
284882.6020896337,37733.094813381766,286.5735020119754,0.03868530904838808
27714732746.851883,99039.63276061807,285.3876612100685,2.1060957196327856e-08
13670010015.02931,41714.08328938464,308.1517386439526,1148.0498123367877
285184568434.76215,100393.49255218961,284.0209057681813,1.002768284244206e-07
10955.7697742416,52254.965062987336,349.7586996446446,0.00017939184765521153
786514895.5572543,109540.7362568327,344.98923527906345,2.0271163215833923e-08
202839770.43708384,36749.32311791572,338.46087102837873,433.9308809781383
17203206407.32657,51351.182774436194,347.25308071510136,326.24881103189
28252.158939449575,92158.56799787101,286.9955610686021,4.987433075067227e-13
5962281988892.484,70150.17005520493,326.6417191084111,36.24846517429893
5359091450.9615555,113915.20382796161,341.8541596410958,2.1419254925958362e-08
12278.828439710032,103605.89725367061,322.37228077709705,1.9723743318326723e-13
19548.442031538543,98358.13014472218,280.70110492830554,9.889352645129272e-15
8478892362.803871,89962.33331518655,333.599764536434,7.0882401105703e-05
24909.142125975617,60551.53461087179,321.0821078450469,3.6453416462302593e-06
520252617.13274056,85648.08822753117,346.4389592513751,6.391341985761167e-05
26225412.155918796,71039.11792225877,341.05244123216227,0.00035480704376930167
898172478276.0234,61773.81902682408,312.99622341143254,43.58714663563
7657.919712542416,67366.92548362323,309.6341611242464,3.434501392321857e-08
24155347.770142395,116328.59422122619,335.26297974787377,1.8357511008685706e-11
29015676.100493733,112443.28630006891,340.8855744545634,1.686500479069583e-10
893612525498.8999,79501.77548128559,335.6206252983137,0.3895067686828385
12685779.823757414,112912.60189826995,291.69456609758475,7.5686858962897e-14
739913011.2848442,70461.36139815298,322.0802742211569,0.002833861946115439
20011.02957825048,56561.49449494007,322.1085882857906,1.3502362775675462e-05
2759709646897.543,30326.425388335316,346.6754028695974,76757320.68077186
401804412912.40753,42051.4256441465,326.648882949672,76078.43439062442
6894.965911794245,47973.86465257514,301.1845400302645,3.280031042485121e-05
1148451.6015237898,110672.14717881415,295.2174706141894,2.969015058105682e-14
903761.9872683913,109491.72394711964,323.5885169845796,1.9139869055195386e-12
29153010.487709876,105688.03105586003,319.35046705014156,1.5338985380818913e-10
16961687186.50792,100574.39020836841,343.2646779541838,8.418024407043462e-06
11905738.36810927,44962.26581973993,328.4967694867786,0.8291628825692149
13986740.731386729,97045.70253189982,315.6901759032749,1.205190224581325e-09
8756987058.823956,72780.00949201419,295.9694363044257,0.0012820271248935753
98618.73437748027,54694.886939365555,294.11714279062426,1.886989935848938e-05
30862461.97711881,79953.29530025343,299.36654728985724,3.4266797771629855e-07
1200581043.2788835,81260.28760877284,280.51480186431996,8.764788597164719e-07
484335.46072116226,101903.50280344373,314.21077338496883,5.705704976606454e-12
24118.816755943135,62356.872817899435,342.7789626381597,7.433070874489712e-06
14933029358.198065,59309.791862762155,316.66047275359256,2.4895286699101633
3157824331.920905,50485.61656997063,309.85793581949906,9.807665162909558
48472.00053509498,36790.63768300672,286.42861216311536,0.009374435820305725
1644.838498432048,40404.32315595525,345.29417647624734,0.001271289873594013
212506917.24165872,69148.81225862526,291.471758264625,8.844446605190084e-05
9275795799.593168,82993.46940339694,311.95371138346104,0.00011883567347570886
33430337710.88151,41180.38033937813,340.5026753027946,16791.23683853084
15713898525.991833,47328.48712301079,280.43743797155673,23.964091559780833
78721.34469643126,114720.34318539739,309.8322730101385,3.587939519741641e-15
73038070215.9525,119385.8334832215,304.0014806431459,2.342872885977426e-10
2120379.148741022,63538.78825462326,344.9843396791931,0.00049777535410355
7037702093155.068,84795.37644868088,315.9852934460062,0.06837240859235276
90846290258.3182,68525.1616055253,349.72510162446844,5.304556269618817
2950.3075886968845,97131.88922142904,317.27661155535225,3.090595452012677e-13
6985159703171.046,98944.28761267746,293.3951925412905,1.7708436586577807e-05
203825148785.8267,36694.84986474276,331.4716679201887,340134.5117103623
2847.670909566621,56011.552309680395,305.2642515315212,7.770889669988103e-07
3464755.2495850883,104963.5663408774,345.335858748574,4.750720751962686e-10
1417.9065484460707,55972.18801334835,285.63465650412337,8.265104452677063e-08
307497839.1205121,93252.70711601587,343.35230281478204,2.0489030038182355e-06
1074967108151.5604,72714.02524874063,286.3305892469729,0.05786814455412123
96741630.75019723,88340.90091614709,326.90041009638804,7.661219230619401e-07
7442962954876.845,63940.425274873945,299.3086027674425,51.757073416390725
579803820.9758832,52104.8934447779,345.3574703414016,7.544030870185344
449916.6738421341,70992.14305168833,319.3856551110987,1.1315549835071101e-06
28780.129087697896,49155.518125034265,309.1572584045314,0.0001452914567524477
25798.338891113515,51508.21283240276,347.3113656232152,0.00047654884581936223
1824.8237069283234,99820.58406661295,315.231325480676,5.1613997083720495e-14
508333971.1389939,60318.65224697337,338.7483846050012,0.2572532979208408
410704948778.3801,32220.644722073484,326.8567649537579,2882461.6061912985
771215.9294102939,65230.98389538109,335.0517896985844,5.2814052013495696e-05
471537.58554393245,41302.09934389027,340.2308887547335,0.21583434259370604
1122.9406607429412,73020.16402117294,288.68220299621555,6.896148852151582e-11
23583106251.261963,55085.55892712649,334.03304812102897,57.30658962829675
45572957.410218485,63076.54984973059,281.4202618063538,9.221615350662065e-05
2519369.557329277,97016.96981454502,308.8528647365898,9.925374669176702e-11
275647.9235761365,75042.70859276198,326.52169504288304,2.8039443885193186e-07
6644.825641225984,89606.48435301901,338.93466454384605,1.0189516317507294e-10
2310058.1730798627,106470.31515675593,344.96395882435104,1.7514704398561948e-10
4493901444219.54,78814.19880077093,315.89908144874624,0.43392448392751687
50665568675.080055,47952.3774206793,308.5222886297521,378.9782288450931
228415501.7594932,53107.40835515929,340.9870103389809,1.673307323812903
80244342.51529065,31991.63141574791,283.2978794393285,103.73490483916855
2313271271571.4272,119800.08823103734,285.75322561382455,3.0425388847265915e-10
2556.1708649365614,87484.53293180201,310.3080711139505,4.70272439403067e-12
99415586.20180188,87654.16891085997,290.39498222323897,1.7055165088682175e-08
22556598083.859478,71599.62817487783,304.36032071837633,0.011777620234366553
191276.11206736887,107049.67337372032,314.0446566530141,3.0518037466623765e-13
3235127568291.4917,63448.666879108016,282.4596703916558,5.893655933832538
66945803226.356964,110344.46619139652,289.75065710457125,8.751935751802022e-10
495871.84266487276,112075.89379713287,327.7490667205209,6.960869989187169e-13
14007145.54761477,66339.7127834881,301.51879039697707,4.673279196197005e-05
59293238.72926741,71903.7319866922,282.47100148518854,3.114988622436692e-06
8108012450.036975,49257.923889359765,328.5530763204068,120.88531325532828
124468133225.69482,35531.96438355418,287.08201710910225,42780.27544407038
3754296523588.102,73514.79949841951,307.96200926233166,1.314272881343422
695675002104.5994,112947.17898128631,319.63139079244183,2.3881761243326814e-07
8415298371505.747,116205.36131764697,342.7389491431668,1.7193536571645e-05
2897.0883101187505,73187.50336719368,314.5082533393069,2.03758544759104e-09
9448220332.03522,48378.75469748053,332.9243797527302,244.62071755819102
12300513372.77968,60625.35771834422,334.887499603098,4.3650197562058555
3080763.9514374626,75195.77487885873,305.06991711577575,4.2996444780287977e-07
1178527706407.841,94872.10931446185,294.20605258329255,1.676510365133844e-05
684492.6676002706,85642.068066309,281.70811518275866,8.838092967215361e-11
27703.876864601058,94026.44462455562,303.3225224019133,1.7809111348344714e-12
436521479.7806722,73059.22878389989,313.2150708519534,0.00029208519632471314
8299.696802332943,108463.33202163417,326.250462605856,3.59460537357325e-14
2825181111.159245,81349.97845738212,285.6630853214709,3.901042860931497e-06
5971254.413731568,118305.89811735516,315.3551833036047,1.5521609919569627e-13
977345740873.241,99210.96963133964,317.32329656916306,4.704679222912142e-05
84876943870.00882,98975.45456203236,328.00381129180624,1.4725328990914976e-05
7970383.743280017,68135.06772568796,315.17700031679607,4.23636037920085e-05
20449.812804320052,118114.40727516949,310.9756038643729,2.895344781387009e-16
51951323743.47715,73901.5719423554,326.93044957597067,0.08366634869030094
3883.3901143969674,71649.36454283538,306.4795125850533,2.3959766301547877e-09
22621652667.080944,56435.75302444288,297.94395970223843,2.8928460002115277
360191140.26463777,39370.49761634451,340.9698746943829,328.660926067471
34740112427.46123,52438.29586696975,281.67331549938586,6.5358796521289975
1325.5467795562322,109283.46479765994,331.52071846929033,7.963436024143989e-15
1406.7992385030773,103423.24816464697,317.6878596985247,1.4471653443207154e-14
49578.562948996216,72458.04746394992,307.3972504908344,2.4321781095017566e-08
97365686386.08336,90431.96450711525,321.2339591130058,0.00019759941484467626
18665.635530450447,112254.86136644683,323.27234638428365,1.4149054551958085e-14
163160276.94649264,34912.99988761457,345.39643747096517,841.3177050489608
29654618.242583804,108554.33605137946,346.05249040992135,1.2646447893391054e-09
8735.562348702284,86635.40787928188,326.90391630864724,1.312577903954368e-10
245830179.46440142,105695.24935874154,345.5650346357933,2.6102430349520432e-08
68407696751.63715,74932.3645012292,346.9489507513698,0.36580934632492673
12765612992.281868,84434.3316931086,332.720208363303,0.0007367679212264486
597754624.6290404,98232.46256715893,295.0948270467082,2.5281235554840826e-09
2897201.050819757,58861.84827873831,349.96810801086434,0.004900394776855785
76789.1700938285,76149.02703415937,309.17432921212196,1.089266803210908e-08
7484.683187282991,116861.45606492764,302.9108410238402,5.4044095449078214e-17
470556.8270267301,66611.57196863639,319.42504425719665,5.943133196809242e-06
398809469795.5155,87580.01032128991,332.1407827277354,0.0066099543324716304
1350994.6532128644,96228.84271391787,332.6966178179857,1.1002580773187156e-09
275469.70244603785,116756.40228564494,301.3457694225327,1.6592473410098455e-15
2362.6263311224293,78416.58674743903,312.0919785989797,1.817431448999683e-10
218304245877.15674,108165.96065963697,329.0149517711847,1.469961921260663e-06
736670580226.4125,54196.333611205875,347.20934590112023,5231.694837129802
143498902.82219046,41569.44854669744,334.3736324005034,46.45639263568622
17025789.235398963,94788.45657262123,338.3276707506701,3.919301293112472e-08
6303068334664.113,99008.14585269439,322.54733944834544,0.000602748835873226
1672.291329712909,66591.31793326366,288.9487750718895,1.5401003553507698e-09
386152.15122420463,57176.06599806312,296.89391525126746,3.502199989125501e-05
10488.35354073428,108507.9683971057,345.08005639981496,3.982767196065224e-13
82206.31165613857,93797.64717389276,341.5159641222472,3.872952003651485e-10
21811.89018273156,69430.66941872935,282.91025809379215,3.3505668832172107e-09
756481358648.2646,83144.47958455433,297.49230775162215,0.0018702262880918637
28464905.029969346,90264.94725691044,329.72347565682674,1.4209638548750044e-07
135002.09331546977,70989.02368842531,340.11996450997447,1.7443592332945718e-06
5262844163822.557,51561.180974494324,297.74199536780446,4796.40632151543
26237943687.202915,47176.742528712886,334.10023394245883,1105.411002914672
92537216398.08224,59897.33516421608,339.30930198231806,56.968856814154556
22544062774.06205,94543.74514291326,316.1509376737066,5.580287779606041e-06
27680761.70527903,96549.28342995941,310.24319013711244,1.5950570698578021e-09
1659.3315448987403,119463.78102098285,323.92266526799,9.089101757627571e-17
109261084.22657332,56671.749705417235,329.4174559298722,0.11275865897810516
230921365.39635056,64934.12764429713,297.00086613805007,0.0009003951659166749
156853473450.53696,56788.397081701085,344.05032164616443,382.0445103894333
101021470.98725647,30366.22469513278,329.60490181212623,1560.5254037976233
5037296321471.803,31065.409899323076,297.0012749634469,17949638.361769497
1447778708722.4949,109935.99209840938,280.9160628926257,5.372486836238757e-09
3906316860114.262,43087.522467400326,347.70068119236385,1352515.387280677
1296821033.4322443,62730.92139575716,305.01095858825266,0.02343944833658883
165086198740.56134,39626.98926816425,332.100026272799,95623.66095028949
8247667779963.025,31130.968964950953,301.3949873915662,34492946.15647873
14639655942.090784,65698.8936094594,312.1256825836114,0.14521520185361864
1028805.5537858084,62585.34592366278,292.642048887795,6.919911748759069e-06
6869323841.050106,36771.833737599125,290.0512069517699,1638.9854863423245
305072467.96495485,102971.80606008822,345.05576573840034,8.088463464303231e-08
51421413996.82829,113734.62629403228,290.7597445616755,1.973006768212532e-10
951632006.5720825,78153.29783912316,337.4791662333172,0.0007528443667253829
28497.90441730378,33869.71420565256,316.49732961602695,0.07256945569331326
152485.2169562843,60565.21518501108,330.3828538093485,4.149616598969852e-05
180891600488.40726,67078.45535410402,327.2070574703495,3.7098851981283585
39139675359.48494,92321.812805344,319.6702052347332,3.3014992684981205e-05
5188079.583848716,73602.494236719,283.3864100590393,1.409343301709241e-07
581860739181.9219,43903.178499958725,309.1708131224289,22614.56277422031
13877575968.939083,41481.957831931155,281.4933531778888,274.9103262819305
345292772234.2732,86393.06939779554,316.988714463503,0.0020619181802861175
225627.62598866774,105745.19835300284,288.45388820064386,1.6384466086501513e-14
3562.8277219032057,54304.08873675218,291.01970390292956,6.678656015003133e-07
13052.93732770126,43830.54959113624,349.7022911626187,0.0038541185069802483
1642871105431.8218,67352.80452146436,295.8654769334967,2.185787929488289
165133.12485681943,53686.91979860066,338.38803652128047,0.0008835029889886723
140769.83887683006,56592.63540146445,313.3770597608733,5.2610269740423485e-05
1381434.5497364725,50202.70370676392,347.93885855620846,0.040442202700158005
1073648369.6780307,88187.87022935209,326.4987072336737,8.566917517209135e-06
15167323.059534002,33060.04960387512,293.5467936107036,19.8165537311639
206784223.4840307,105867.41344649857,285.6014209109104,9.197969885110334e-12
1053430381.0323334,95017.77788051855,299.2154206453402,2.8233576528399922e-08
4946128445.472891,69212.8878888255,328.6289861730233,0.05056041207149979
1062342578.8092234,59156.494466223325,291.7516863309344,0.028534823864843805
1671226.9183332375,48007.478861607946,335.1138978271832,0.055328878767744664
4801427.729333308,52422.674787584736,338.50652087469797,0.03898623828999032
6853094714821.471,76585.98640572236,329.2691474804156,4.80899024216964
608809.4500821977,35122.56779659508,310.24651747772833,0.7485522734379765
890790.1447097965,100944.71538189244,302.0178922959599,3.106595189393941e-12
75376970.40742148,77679.98363239797,310.36619360772835,6.279525934678241e-06
3191317938986.5312,99257.36975680648,320.9848311949854,0.00022466796617529015
89373.25310172206,66977.10298030032,344.6448911823352,6.2424444117106005e-06
91251135409.26833,56453.889743553926,284.0066614999711,3.704976158257166
158961.31835161455,36377.49286941465,287.272671462182,0.0404298360449867
3445.2035638961024,55215.085196977125,311.09880866643334,1.852495669054904e-06
864021468.3514378,90691.18384610154,282.60443553899995,1.4991034827099264e-08
89724.64503855951,30139.177880148603,319.96402222013955,1.0583679926650407
5691334379745.082,87076.4256080229,318.32118896558495,0.029128543554592396
18296357419.222153,64167.061110670445,321.7547506139388,0.6918824837739372
243039659900.82944,85849.89341656557,294.0228969880221,0.0001407812238366553
913754.6575135504,72836.65054106401,327.7812834025894,2.2770111758101357e-06
88508044054.51044,58778.615131290644,307.639955229545,9.418612802195653
844127822.0826724,112036.53704406913,321.3205008944134,5.067597144228081e-10
65524108265.98056,75750.15107113507,304.64657551192226,0.006651709705426365
821814946.7212251,71821.33983796058,318.15413732430477,0.0013616230099080442
15164243.61709762,112333.27535344436,318.98669838095043,6.273944234725029e-12
582252164588.5643,89472.86923065133,323.2898186235293,0.0020663666962983255
1491425626695.1707,41294.090283715894,286.9629993317647,45542.34286293248
1621.8034107086294,65568.02930599895,348.6753429688569,2.4982845246506593e-07
16743562084.521019,70921.33583085735,293.98027238223443,0.004125686016054822
1122.7294358060344,65081.60353870386,345.9690946055932,1.732703059816296e-07
3362.6770423949383,89762.8506782527,283.744607864706,1.01165800102361e-13
62674305.94400829,55824.829580707825,304.8007308232184,0.017036072585044
239361664331.16473,54826.76331177306,340.9804468036428,935.673236221507
890116007677.5038,56931.28862387902,320.9122500927201,475.9813840032544
39458308.95149289,91443.46217140477,294.0252195282728,2.228220290601264e-09
1959.9405808698136,81389.27889634359,340.18250102293155,6.512819142409989e-10
1041363166173.1746,113670.28871684053,338.3433060859262,2.9294935717185327e-06
21428745549.792656,53940.416062410426,292.3318841299854,5.126600644705587
463756.83238062594,33136.648299376095,347.2301338166102,4.712277968639779
1166314426.2193067,76756.92540882019,299.9348075956957,5.010530048269064e-05
9397.875955160314,62286.80901950304,345.85249025594186,3.6553329604027228e-06
16946104.767066285,32481.93534662413,348.05854802433635,232.37249565291438
9328474435.88063,102814.5331591756,287.1945381938794,1.8540597626553274e-09
249458.79046996933,77092.85866967609,349.81860318295827,7.58769677169246e-07
29783381.478038725,43667.3002475866,305.31962119436236,1.0179031721917688
34668916977.79565,59174.670132157014,301.37970778672843,1.9440416718057272
1837872.6555760764,56789.370528645006,322.17463056908116,0.0011182393562421127
36497715.03444604,86542.74004441654,292.61707839205314,1.3251293864794725e-08
83970402.17639607,87742.16287778698,307.54678259538593,1.0325878033564344e-07
19478221977.822964,86950.11086002702,284.01726815980976,1.994880225369318e-06
1016613.9077609397,77053.60971337694,323.09741679892016,3.641689795619397e-07
1902873.3232398136,97856.94467189795,343.3353581411836,2.5605772534149447e-09
35015082646.42012,72481.75852997182,303.0133591656601,0.011540115463562987
355975165.6587408,40887.68072066053,314.72851258478573,59.575029825031805
135495735847.90909,91389.71350120896,347.3578698258134,0.0024546624786977475
3660517760.9199977,92397.48940207431,312.2168807320717,1.3357829040009667e-06
58149.414717989224,81507.21554249743,308.6883509689665,9.556109152648535e-10
7604.073839269095,71700.92878299492,326.7525891351702,2.7277894591359504e-08
10966.426996235139,108883.15459009683,300.6173782040287,1.3138155091615295e-15
3217164148.808092,88769.3585680654,305.490772828875,2.1528548789559184e-06
44503.71226455028,108504.57074570339,322.7406347595746,1.2413779102637192e-13
1988.9953375945126,118626.97482234948,345.986366891619,2.405000070109283e-15
3006466.7445549252,75821.12810570278,304.32992916939475,3.0168639501851015e-07
1776.4223877987338,40808.08500254836,348.43390171547645,0.0013931416803031305
140398200.64225978,56264.46136689646,322.7272759247789,0.10798734255109374
379906.3302972532,100607.69431275399,311.1764835293399,5.062273205694319e-12
1812922355643.362,31934.938086357313,288.24659794297946,2961651.253341515
3126.019019565469,79674.2172049424,288.66290252160246,1.2506648535536677e-11
143714959.33612797,56008.61609247644,327.4055725802749,0.16637827940506758
16117166963.314522,117441.62599397985,319.999078446898,1.1174476420497988e-09
255991.07278115966,53084.1022928757,340.126609475902,0.0018472306132483306
26548752.0618111,82712.21518089628,308.7339310295829,2.711891833131901e-07
5369677.645378587,36279.78021740606,325.44807101798665,8.388950757985315
766326492518.3221,45570.19104989284,339.7764007059486,77283.44966683451
3531135851361.0933,49639.57797545667,290.08851292142583,4069.5320128495364
19474091233.24958,48679.589474405264,331.4567865305517,414.06575193120545
6648115.435563737,55413.38535882095,291.43416918760647,0.0008131167745069803
208657.2121765186,61147.972669432216,337.85216602430467,7.61047118809391e-05
4277496512.7545705,116022.70334337684,319.28224343066233,4.445237592384492e-10
4376.0126230745755,66503.72865811376,344.13268345202516,3.4957207512393684e-07
270418.16400735,111124.93183487712,292.79945474462545,4.1857320139099795e-15
34660260461.593864,33403.67599608565,316.092825583888,108246.92936108689
24871978.651589047,97755.02263449752,306.11472114950055,5.298428593648269e-10
57328.13282501553,108600.3936905275,310.1404409913026,3.0583760544817544e-14
119018913.39095965,32990.20903244647,347.82062499122,1338.4763257533548
13465992333.567678,41268.52980660277,284.9835970213498,385.36732955589855
8005785892.139251,113631.7248049414,298.2966307172327,9.933629033135707e-11
64864.060339263335,77133.5329645449,306.0698284546032,4.530680546025706e-09
2390295984.9315104,112171.92409688691,311.376904759949,3.638256976461501e-10
623117881592.8567,56007.89553549368,346.94146312518546,2256.2669381278215
2280635005263.597,69936.91670553721,342.254189250647,49.78372444974737
3123.5128793348604,91805.1370066244,321.2899069669023,3.747132911356727e-12
51781.02922237272,68115.13535122272,327.08875055181227,7.031332867889797e-07
403800307999.3581,93358.77662086152,337.9223647403647,0.0015682994339856588
4625044859.485993,45710.9115545385,294.94309913062506,38.10200817262162
64546.29195942414,94659.88328418884,299.6383494802514,2.0978727538290205e-12
1964880236.6128693,45118.73672064755,311.37203107096286,53.13024783917784
9415311792572.287,71449.31029161057,304.1447125990985,5.17236955990568
27086409.271537196,111282.83389887623,343.95348377240754,3.3705915633602023e-10
151281875442.2766,60371.980892126594,317.0295747925402,17.232027248489754
6270861997.36058,31027.73450785585,319.5390286851251,52656.981255202416
58530245337.42705,92579.59490784933,345.05808982123773,0.0005853751161921934
12828.729486402926,110301.78902790447,349.2561273651505,4.0983997631110837e-13
321852922257.4866,68847.18346954403,325.24805448370097,2.806846990939719
9624735.265360555,107092.68824056079,298.78150584877136,1.874656358468586e-12
5934458.7167497445,57265.30055083314,338.79034024916496,0.008913292165103521
2989487221598.6865,91503.41729138546,347.1537728170314,0.05017601529898805
2708328531170.8643,92138.62272891038,285.5930869401165,3.914142800167137e-05
1330213080.8132918,81559.25438836377,335.222746863236,0.00027166264843020703
313762281313.89746,33171.605812209506,336.1946541263073,2168503.1707640807
32798000.395847548,109185.48540961121,288.2037840099378,5.258506928818056e-13
29010.81377435326,108364.56138833112,338.2397740692022,5.574906534777781e-13
676223889.753496,83551.17143061716,341.89425236576074,0.00012059345229254906
90752381024.25578,89685.55449355883,321.2659005165391,0.0002437584556625521
76332.82179655474,97430.46945066188,346.77659316323127,1.5992421144986126e-10
441320947.59509933,94494.83831128162,317.8763416769806,1.3162364396910256e-07
1812924584.8067322,85779.85885331847,319.9906023343764,1.8891098254410443e-05
9744529548344.53,100724.98837846256,346.6300083295355,0.006711171408025282
1118290.3970884786,82112.32406897383,326.20167492098204,8.195136247065312e-08
4306010.447128858,34640.290535805965,319.56732741997286,9.496238710882892
4507957943.339902,101667.27047009987,305.7781414958471,1.962018290290215e-08
2102295.9295240776,57179.590305902595,308.21303915769465,0.00042903696416219435
126388.00966606314,101899.04926853029,293.19343712509703,9.077205622932455e-14
223962140.05129516,83776.22702936735,310.7981221232809,1.8508875114409684e-06
1178037614.9797692,94992.94860737723,329.5465540518585,1.0809543983249412e-06
40515030127.0455,48935.80511325845,327.3379732391499,632.2075864340404
55704.079268960384,50533.98422908482,318.9811426735436,0.00030925964181913597
9551903635340.486,89693.75028730587,318.51441582291955,0.01916765051796931
94937263.71117464,62488.262550075,326.6997303530171,0.009972484334864813
2479.746323866812,30444.002108660927,325.71112307418383,0.03358750602214244
195989597.32220376,87190.11684294678,318.40509684045077,9.729879341156927e-07
1525713625.231017,47184.28173018749,290.43473717006657,5.146714212640962
58150614.23327037,96194.64340842942,322.5412492538233,1.530397267293731e-08
36625.24737041263,118948.69004866094,282.81509954044185,4.084402414342365e-18
2025.6623936420076,35261.792425722175,308.17211617633234,0.0022128911035594386
362448211974.4607,114654.86125768979,280.62722420200026,1.6429511722754002e-10
5129728643.753203,38484.132557860896,311.614599909735,1824.9506586152206
48498387935.72508,47602.31902583871,299.803037961766,246.67037372165817
15059.952018674488,91467.77860735609,323.75710277162653,2.6295617867514623e-11
18188586472.59552,101744.65883947824,329.88392316732336,1.3878889887165852e-06
1751091141.4839134,106182.92132876955,340.11753684976594,8.7962511751943e-08
7382096271.137203,56458.21985478817,298.28821149283175,0.968527370085352
23083576111.369312,90680.94220756576,309.3604642730865,1.150883418276026e-05
9866498610905.238,90350.80102495247,327.5592303162733,0.04044630542074833
2439384380.0695486,111791.89375084655,339.30917960741954,1.53667131084933e-08
202807.13935109213,67581.39652490072,330.1282953074778,4.128921426624396e-06
11000.792996124515,51025.583698541304,300.96081595838507,1.60433731203829e-05
102478713650.31998,33208.71255165766,315.48113498342394,319397.7618979324
3189.841819393336,108233.7294812531,337.84835676698606,6.083433483517923e-14
1849154062601.817,78309.24464886302,318.71222395074074,0.28004376970658607
42335194.97498749,52567.75388443117,347.9094298628596,0.5483622326969639
14618751178.204594,90018.47544438606,326.0027498029753,5.409495364926749e-05
42225369504.41538,91937.73711352007,329.42325792058693,0.00011457465418883413
19592728683.61861,72695.12805232691,309.61554071107014,0.010928994197012471
77570878.31369495,67738.57376463943,285.8542428477863,3.2919292592131345e-05
562040238.176828,87753.8915551541,312.67038076288594,1.2420986641929149e-06
30433033.665066063,71492.09959406307,331.59865480973707,0.0001693553512912094
11705748.30377411,43464.015703753095,340.91507443153523,2.544984154146211
2314.1634623676605,55847.93736097183,282.4774822399906,1.1026865753352258e-07
11132949.992196215,39015.798211713234,333.1838346864057,8.412614491938706
444696.9850731715,118948.65179714281,347.53321992444114,5.837905899048386e-13
152655247065.10913,112013.81269622254,287.93091632174594,7.443299699107411e-10
727859.4853312668,67204.88376709391,306.18137267114463,2.5782737400443434e-06
94927.57625767711,70279.48570885157,281.7933022891383,9.166372655375775e-09
32462863064.507072,30443.717517452216,323.28734110132035,409898.1399473365
9977635674.577005,33050.9831884404,282.59220030869295,8125.170372831659
397440727574.6,97333.73248977879,335.8191869424991,0.00028886651146756056
1681371.5955548622,91870.80847918402,315.94834920176686,1.113594901226668e-09
6558393.425905116,106415.3906081984,283.2046749568549,1.518711253145067e-13
9171371199.539051,36162.254204494944,330.211119607428,17632.128601650104
156310845601.88818,39689.846412761544,283.62504239839603,7753.867812469444
1405272452.9793088,33928.40461821818,335.89034533198435,7363.155009242639
72777.31098736741,88146.27023408827,296.55477721529496,2.2630526284344182e-11
34936.51835224492,110152.26787932112,296.90520462265215,1.4980875484749221e-15
8583.277985197672,68083.3320722763,305.9939742226845,2.0404493049554002e-08
66200180.11534185,42471.86582619732,343.7152340860824,24.243730521478128
28082072.97469639,109900.07856998996,316.4285767475226,2.0652295599121345e-11
168536902.77219182,39632.50566256485,306.96092896133666,31.792666674907576
1076682300905.1007,59965.70414507526,321.02738287804607,184.8899205736224
13380366981.713343,84123.30165280376,288.8182045417701,8.450892940326925e-06
33698922319.41645,35845.92108029619,337.30237690326334,93666.35544642876
36121.44136030673,104852.2085559695,309.84273012860547,7.453677611532572e-14
7894.184182288274,59529.514966997085,316.6683188485071,1.2217516780129676e-06
44374276.6952434,63009.71620298901,317.45373155798666,0.0018991598167228253
4180838390.796929,65175.10315572156,298.81995928146165,0.01659808835823564
1300114540722.5774,65999.92273257609,319.36890689941026,20.69270655307273
54116711.311020225,96027.45811297222,332.6069918026371,4.5715449273411095e-08
3165137.5936298324,35514.712941036596,313.87473715478023,3.985210627531713
1971142.495693092,57649.50315138169,302.1861507322476,0.00022161716744364176
81133.22494768703,32352.566240933043,311.3614887772372,0.31614946399628774
1525272197.3522508,62109.05702641285,317.94440383746496,0.09353660499731897
23129043.67680656,98044.89376541773,342.06789432565864,2.480187102130439e-08
42237.36176701319,44519.45558638151,347.41662475324586,0.008593681724338215
358844.60144228925,116153.43602318618,312.89515815862296,1.446882038027942e-14
319491099057.36694,69910.76107544315,345.0016667246447,8.466241618110068
824514252964.4636,102745.88592607676,333.2150902094913,6.553723421568479e-05
3463090261888.4976,63097.0432025442,348.39748289402166,1209.8926091988326
679443303982.4569,51125.96172014199,303.80110648434515,1117.6579973018559
10787.573997627176,70847.899326594,328.4068424853927,6.050661879218053e-08
4532503242.332379,115827.08609617516,315.0230456165979,2.8274591614733666e-10
25520.203693953277,65870.96015786458,316.32512507865937,3.410749194165991e-07
270230318321.9599,78504.921618411,317.7798886797638,0.033135094654597914
29019528.899006676,98811.34334279038,314.1965614908109,1.1218782565557791e-09
180762945.77384415,38158.93195374413,294.03440435793607,30.957271049576644
2986717994051.885,72431.23869865088,310.3071066024104,1.8991744600338343
14750.076009494875,95859.58115638458,290.82518427723693,8.787227306601997e-14
403088045596.55475,112304.63796117817,346.73549242316363,5.061291054328129e-06
488218615.8830658,56107.89048441766,320.91677989220784,0.3708414205707935
698741953540.8531,48531.15713577005,286.7696682154726,1047.3132425579142
5733452.868166461,83269.55142898417,290.6218495702601,6.344719480806789e-09
2899387.4004549133,63862.35524608158,291.53768101909554,1.0401422446014972e-05
149564.0390811439,66574.66901214908,299.8830458958181,3.7391762612113267e-07
1843.1397861909234,72618.39369687848,296.83934795427615,3.122578581264903e-10
12688.188648170128,52228.36174075379,306.77398927431136,1.6316870249124347e-05
561209982.6228981,102916.25307200568,325.9234011761733,1.8271566528521067e-08
3556003482738.4736,67665.11235856543,315.8151094243841,22.44406642333154
1150055.6519288886,87770.24650785347,311.9770974977667,2.3072526448523722e-09
14492.709760517757,30408.350618739638,340.80210375348395,0.3128376545914082
11049.442423330722,114178.47335790127,349.20124148657226,9.125624597147301e-14
1717166011606.8345,95974.00711779592,285.03439916385537,4.540495833079134e-06
1217.8075524296096,112046.23613384085,311.98797289670495,2.1206731897834913e-16
3224007255614.772,91502.33186344928,311.4350561233905,0.001509417374977115
7290882.450609052,92897.00113236805,345.8637156840242,6.793761174283413e-08
77408592737.2461,36819.17728646092,340.7568460672008,182630.36357936356
422317.23424461647,88298.730923369,345.95583263866763,1.94686405960015e-08
3315.6582320412986,92332.4668190701,334.454565925325,1.2903793316888888e-11
2990.8499548683803,60806.93409348441,318.32057098503185,3.265156179402846e-07
197206.45465696685,118660.4856860032,342.70224890095835,1.6872996724756502e-13
334006.54647405737,99911.1596687894,293.43530238438336,5.717623157436236e-13
537257.2767609127,52216.00697493464,301.54415644782677,0.0005052499765749802
483998802264.56836,73068.21760227752,295.2300631061545,0.057090229162475505
6424840.164788437,33782.316766514356,280.4588607715603,3.4024254839077104
2551212433825.816,88731.3098613764,337.75186295656283,0.04941098260794462
1712915.2056171978,102474.98293406572,317.7881300623382,2.4195382391970152e-11
17209493896.321945,95442.64354835352,349.745827388723,9.663553758508793e-05
23002.77217753289,58978.19717564277,341.42967670462565,2.1914852494382006e-05
2872915205588.7524,88945.28431922912,299.2275836141383,0.0008449715013634521
1970554118985.1873,39975.51869876675,328.35023441668704,896121.7869917449
13670.82101871318,62672.58900820228,293.6964616532545,9.802161778378065e-08
4994916.791508743,36245.5747770635,296.13791859908986,2.0492616224733564
18648919952.231537,93667.30875169835,313.7623557888769,4.69508450145403e-06
4906466958.057466,78392.85387173083,284.75880238905137,2.0804313970603506e-05
20029670.581903614,54452.85059371224,334.82060734226525,0.0662664863288437
1088721.8493196105,90289.49098787765,303.994361960574,3.4934756463759165e-10
28024998608.283096,82011.44973900626,315.7481956692332,0.0007457471575751711
27397325142.092083,101428.01614070611,297.4287003745375,4.250509339713325e-08
7831.700617977746,51934.761056504205,320.377399783686,2.7797438274057303e-05
3090733848870.8447,109893.54484040217,295.3584156859245,1.1737453944467367e-07
30865203.127000604,83822.26708745961,299.2599060344248,7.29054973015989e-08
457882285.62670827,97662.51817993965,336.22042435611473,3.081544207578655e-07
580194.4940430943,36487.274368972714,296.7011750155966,0.22354294635489277
27281147.32109163,91142.02309450143,295.74310282931395,2.2042963912282397e-09
2746222668740.478,98753.28586668923,289.9922529164495,4.501455865696046e-06
1361079.0036500571,72451.06966921424,301.9198081518279,4.065627995613981e-07
564226331754.1158,79275.73370963916,289.26164730206614,0.0028170973176770884
19949168877.102276,68278.40246591854,324.35073552681325,0.20617697506137597
44618521888.76802,88025.1573746494,332.3221127234234,0.0006568759172478535
530899.5466339383,96255.36971523926,317.33467338257867,7.749031730045423e-11
56058566.23011752,98886.94478642689,314.0616895908482,1.9918760611640083e-09
1127170627.2507935,98709.70935144636,342.04141081454173,9.790125176163046e-07
158339855256.28256,107590.29026622062,288.40065148279,5.0610240715248385e-09
8549824.314865494,118219.62614639087,329.8825559951417,1.6107004152656307e-12
1572848831.5117283,119539.23607462448,304.51836482778805,5.0838144971017305e-12
1214389.2523783226,35339.994886181696,312.06139567842536,1.4653836305817276
1359050729.1452308,102167.64865932496,344.15746426281476,4.2822877765928436e-07
93420.49608474749,116737.62469550205,347.61820071444697,2.7134631653255824e-13
1442504733.4273827,117987.17008879257,310.7383957709924,2.1739654261567872e-11
409324958697.7838,51328.14498552012,315.1803574357652,1334.4125985811502
8694963899.249565,49199.75054161626,340.2325420728759,253.0006296370473
1012.8860557095363,81116.89087349681,312.88043153708395,2.935612838878678e-11
37894031534.71233,100577.72861639486,328.4698713064054,3.999295707711692e-06
116670333.02886851,59946.40041926838,335.05988498102545,0.05244228995663997
3401634796.3137255,56083.72578480169,318.04852745210843,2.0538331263105247
4003804950185.212,95213.90051644959,349.8162622660339,0.025056140487617833
1500920807.504048,92786.82561849037,342.1994151800766,1.0441471820059788e-05
10067.04743613905,50881.52574102134,281.94693083430144,3.8461885202319545e-06
1196.3124089657363,98574.9430961106,315.6956075694159,5.96594780460011e-14
11216508.593990631,116466.71958191798,335.1029089399424,8.134251003669696e-12
2816601518032.1504,104814.93280765247,329.30953048758886,6.676882374841529e-05
617049856233.8882,77213.50830541848,296.57708475170193,0.015263470378037118
143488.31193120594,58140.078001400856,348.52248136975675,0.000280851436939208
245450862302.75198,117406.70953718084,335.04463625481134,1.2481009650082059e-07
60703.5238914215,39752.396992456466,326.13985754283647,0.02561785988981899
889435610.2057662,81016.80520790431,310.82377096160945,2.2044426792043077e-05
2289.000199070959,86737.72472585556,296.94069596743435,1.247139397663874e-12
99778123.02641857,78950.55242594669,285.87246883719,3.6917114594234013e-07
274595805481.90784,98127.99449675652,287.80097285939513,4.2553428192941743e-07
252769.40041177522,80384.7413122619,338.7667107349324,1.0118583900153783e-07
4575514.890800733,82001.82375114164,349.8092578377591,2.6349055456379023e-06
289215721.95181465,47330.1198700116,321.96751820535997,6.203499182994054
2475427.5252978583,78365.5678009467,342.317079331678,2.8050910972289422e-06
120406.07883950319,32339.802805383435,281.2192505361247,0.11760152755817972
1031809978.9828255,89924.13962773366,340.0773006157555,1.637016372671522e-05
2142708494.0090926,98303.20558191075,349.86647765470144,4.57479580752141e-06
29859.861380368387,35727.80058817993,347.553318934496,0.1257388662264146
3257559.7594734854,51927.500206638535,314.38341505733143,0.007699576777380994
1525.1463251729929,96812.1389469857,343.624599583906,2.995738696392568e-12
2853.2467583884695,101730.34764879756,314.48082824394476,3.6758345266212384e-14
15572161.663838709,104979.47838683413,294.1570989958021,3.5038630220491746e-12
162425074596.6291,84412.89926193652,281.4012297956302,3.460602852244932e-05
2660.4382355599087,49355.933071726,295.693343975077,5.190296759485579e-06
983325198196.921,118006.98504013557,322.87917883083765,7.953564356947274e-08
148885775.08746785,71865.61820787367,284.01535543773304,9.46593730197088e-06
89002.63598617772,108103.82295394091,293.672505456365,5.440324901132755e-15
133365438320.4944,115918.09434567377,282.8200164953865,5.337415183344383e-11
7035.500870591002,76217.15537938008,341.3266893221897,1.5312222503997858e-08
21869.46704147126,114777.19981858581,312.73895064356043,1.4909708508143507e-15
97482382884.86717,87531.6425339481,321.8689647006656,0.0006074705734353346
7462182136082.565,91270.03271087079,287.4230728113685,0.00019453356052557682
25605.320786604963,89593.00345777164,309.6925545334841,2.0609651060582103e-11
2688653.579176447,35602.361344160294,325.65227548705303,5.373378355524608
1554.9066855951494,104213.47863549508,283.60548850387187,9.987527457959012e-17
966200.0341242636,52707.91220366582,306.4491490212691,0.0009852678839770226
923959912.6927019,112296.59218999103,287.8390017748225,4.035617288750108e-12
3448.665501138161,99723.82714660412,330.38092863504914,6.041167587601095e-13
31464902466.01181,36621.385635435036,330.2410537477042,52795.739066357084
292701763.9307839,48277.79031385061,294.4392553794966,0.8228168313150319
32326049.08749614,102530.49541130167,289.38179657348604,1.0316484111711449e-11
301995969.7957243,94826.93750688869,344.04978848788886,1.1925693850694476e-06
364168182.77575773,82910.30025589865,308.93915762086743,3.423559277982583e-06
77800215.88460605,95671.22868968766,290.12287258777,4.729418317453791e-10
1811.3817988538656,35749.526677950395,329.5556230964523,0.003943524348131888
4105.812141554608,89036.04682883213,317.63930299440176,9.262451910805624e-12
11250075.199466411,99871.05046728662,303.0764873006318,6.856049044961622e-11
1792.3909984076315,77812.50157709085,293.8270007568052,2.6567811641385224e-11
104296913468.58463,86247.70114779039,323.4533364825194,0.001221709940626749
31583.859132385005,84901.77684761515,340.75729187523643,3.155570635167033e-09
673487.0599434702,118772.10592423989,299.42868460643257,1.3114450884775118e-15
514252352381.11096,48275.92993052856,321.3926352177079,7198.452758360653
80319341.2786369,86269.4259780361,293.4052528379887,3.5488935114182685e-08
1225310902694.9954,71597.74654498606,299.2420857636809,0.39530682162749653
14958605875.469467,93754.53070062626,349.34682723779366,0.00014243551774898236
12595034380.567802,110238.10764267168,327.1486365008194,3.241044328039486e-08
4278.287423489415,59169.48441621577,315.83263552229965,7.343996378572785e-07
50394052.79857435,118892.9308104868,333.4331323340301,1.21124885515127e-11
5739721.168093381,36879.92658340974,323.6908019722715,6.7098503344125815
471768892.6921025,53897.866669561714,334.2331017022888,1.7514622652277114
11028915039.523668,54389.1289705105,327.4633708366554,22.99238457094963
2125519.6262825625,59127.515263516296,287.93488795993915,3.964293328152092e-05
1169177658.737938,52150.6343096371,311.1321856987353,2.1469996479236424
12195.288830147572,38448.569525588966,305.6106457134635,0.0032735474377578633
153226982.0465906,34011.61558214542,287.3474109321405,105.10030021669829
7263.86319548443,40562.13130034859,329.1699337327443,0.002767036304978966
3811323.086952618,119116.88618690873,326.60655384235747,3.3853851204989484e-13
3876.05937366247,54396.60433524051,287.20090012247687,4.880809845759146e-07
9112.760479205857,105920.03531689872,306.967008129506,8.495406854080457e-15
4115480923433.872,56398.76708788845,321.2468308712994,2813.6480812641007
10563515985.270433,51042.81275913694,349.3753297043157,242.71158081676202
5709280663879.623,117514.64706858639,316.86349781389896,2.429090929776615e-07
3677701.520588235,119202.48871821104,349.6030967881185,5.684468528914827e-12
3853378693826.6167,84993.46847866004,323.59457915973053,0.07528508244415807
659733464.9251193,78802.71177793166,329.32047219635945,0.0002140991604423945
917973079914.5243,76979.21792335752,333.8088266575149,0.8293206573853926
207657.76587429398,89530.04397714353,324.92784742740787,8.48917023459492e-10
3537891.613984644,97950.89558094522,323.98618945978245,5.942232958074568e-10
7792.495670168993,112522.32508560215,281.4642769163963,1.0078437038688359e-17
107874799432.28113,74611.72541595419,326.26800797493405,0.12290058757211139
128824115.27989508,87460.38158725828,320.06206678554673,6.854298676096284e-07
59746.81814296325,32828.53666702391,320.56044492282217,0.26915274884950974
31617866.313048232,113333.65895356816,314.1014191355858,4.479850947639103e-12
7203296321.216016,82253.3124708687,344.9557231033974,0.002625634552557123
11332929767.760899,67708.45492813995,341.44401552776264,0.4962808148148533
203234430056.92917,117750.90263943105,343.74682223619186,2.725641167577877e-07
4818.518995380617,37820.84158597585,322.29289416401537,0.003618933968030972
674108982.3491632,83129.44668010017,321.04650503242476,2.0014444780978787e-05
27597897.22486956,81175.11496397527,294.5460697072039,1.1259173485064196e-07
4257.228206922772,111032.14258083756,318.0264771882901,2.5547576738395396e-15
18643379489.978043,104350.51561266536,344.2364153797828,2.8237902174014012e-06
276224054460.0761,63818.09677661433,335.9186119394552,32.3826219381585
